rtoken_symbol,native_ticker,research_group,status,first_candle,last_candle,history_days,candles,batches
RDRAMUSDT,DRAM,Development,ok,2026-04-02 13:00:00+00:00,2026-09-25 05:00:00+00:00,175.66666666666666,3386,4
RMSTRUSDT,MSTR,Development,ok,2022-06-22 12:00:00+00:00,2026-09-25 05:00:00+00:00,1555.7083333333333,18141,20
RSPCXUSDT,SPCX,Development,ok,2026-06-12 15:00:00+00:00,2026-09-25 05:00:00+00:00,104.58333333333333,2451,3
RSNDKUSDT,SNDK,Development,ok,2025-02-24 10:00:00+00:00,2026-09-25 05:00:00+00:00,577.7916666666666,8386,10
RNBISUSDT,NBIS,Development,ok,2024-10-21 13:00:00+00:00,2026-09-25 05:00:00+00:00,703.6666666666666,10141,11
RCOINUSDT,COIN,Development,ok,2022-06-02 23:00:00+00:00,2026-09-25 05:00:00+00:00,1575.25,19716,20
RVOOUSDT,VOO,Development,ok,2022-06-08 09:00:00+00:00,2026-09-25 05:00:00+00:00,1569.8333333333333,19462,20
RTQQQUSDT,TQQQ,Development,ok,2025-11-20 16:00:00+00:00,2026-09-25 05:00:00+00:00,308.5416666666667,5355,6
RHOODUSDT,HOOD,Development,ok,2022-06-08 08:00:00+00:00,2026-09-25 05:00:00+00:00,1569.875,19272,20
RNVDAUSDT,NVDA,Development,ok,2022-07-25 09:00:00+00:00,2026-09-25 05:00:00+00:00,1522.8333333333333,19754,20
RORCLUSDT,ORCL,Development,ok,2022-05-27 14:00:00+00:00,2026-09-25 05:00:00+00:00,1581.625,17931,20
RGOOGLUSDT,GOOGL,Development,ok,2022-06-27 10:00:00+00:00,2026-09-25 05:00:00+00:00,1550.7916666666667,19723,20
RCRCLUSDT,CRCL,Development,ok,2025-06-05 16:00:00+00:00,2026-09-25 05:00:00+00:00,476.5416666666667,8005,9
RQQQUSDT,QQQ,Development,ok,2022-06-27 08:00:00+00:00,2026-09-25 05:00:00+00:00,1550.875,19786,20
RAVGOUSDT,AVGO,Development,ok,2025-11-13 22:00:00+00:00,2026-09-25 05:00:00+00:00,315.2916666666667,5518,6
RAAOIUSDT,AAOI,Development,ok,2022-05-27 14:00:00+00:00,2026-09-25 05:00:00+00:00,1581.625,16485,20
RMSFTUSDT,MSFT,Development,ok,2022-06-14 10:00:00+00:00,2026-09-25 05:00:00+00:00,1563.7916666666667,19716,20
RMUUSDT,MU,Validation,ok,2026-03-09 21:00:00+00:00,2026-09-25 05:00:00+00:00,199.33333333333334,3958,4
RRKLBUSDT,RKLB,Validation,ok,2022-06-10 11:00:00+00:00,2026-09-25 05:00:00+00:00,1567.75,19180,20
RLITEUSDT,LITE,Validation,ok,2022-05-04 13:00:00+00:00,2026-09-25 05:00:00+00:00,1604.6666666666667,14446,20
RINTCUSDT,INTC,Validation,ok,2022-06-22 10:00:00+00:00,2026-09-25 05:00:00+00:00,1555.7916666666667,19777,20
RMRVLUSDT,MRVL,Validation,ok,2022-06-21 08:00:00+00:00,2026-09-25 05:00:00+00:00,1556.875,18677,20
RTSMUSDT,TSM,Validation,ok,2022-06-02 09:00:00+00:00,2026-09-25 05:00:00+00:00,1575.8333333333333,19665,20
RAMDUSDT,AMD,Holdout,ok,2022-06-09 10:00:00+00:00,2026-09-25 05:00:00+00:00,1568.7916666666667,19726,20
RAXTIUSDT,AXTI,Holdout,ok,2022-04-11 12:00:00+00:00,2026-09-25 05:00:00+00:00,1627.7083333333333,13941,20
RTSLAUSDT,TSLA,Holdout,ok,2022-07-26 08:00:00+00:00,2026-09-25 05:00:00+00:00,1521.875,19771,20
RAAPLUSDT,AAPL,Holdout,ok,2022-06-21 13:00:00+00:00,2026-09-25 05:00:00+00:00,1556.6666666666667,19776,20
RMETAUSDT,META,Holdout,ok,2022-06-10 11:00:00+00:00,2026-09-25 05:00:00+00:00,1567.75,19701,20
RGLWUSDT,GLW,Holdout,ok,2022-04-28 13:00:00+00:00,2026-09-25 05:00:00+00:00,1610.6666666666667,15460,20
