symbol,baseCoin,quoteCoin,status
RAALUSDT,rAAL,USDT,online
RAAMIUSDT,rAAMI,USDT,online
RAAOIUSDT,rAAOI,USDT,online
RAAONUSDT,rAAON,USDT,online
RAAOXUSDT,rAAOX,USDT,online
RAAPDUSDT,rAAPD,USDT,online
RAAPLUSDT,rAAPL,USDT,online
RAAPUUSDT,rAAPU,USDT,online
RAAUCUSDT,rAAUC,USDT,online
RAAUSDT,rAA,USDT,online
RAAXJUSDT,rAAXJ,USDT,online
RABBVUSDT,rABBV,USDT,online
RABCBUSDT,rABCB,USDT,online
RABCLUSDT,rABCL,USDT,online
RABEVUSDT,rABEV,USDT,online
RABGUSDT,rABG,USDT,online
RABMUSDT,rABM,USDT,online
RABNBUSDT,rABNB,USDT,online
RABTUSDT,rABT,USDT,online
RABVXUSDT,rABVX,USDT,online
RACADUSDT,rACAD,USDT,online
RACGLUSDT,rACGL,USDT,online
RACHCUSDT,rACHC,USDT,online
RACHRUSDT,rACHR,USDT,online
RACIUSDT,rACI,USDT,online
RACIWUSDT,rACIW,USDT,online
RACLSUSDT,rACLS,USDT,online
RACMRUSDT,rACMR,USDT,online
RACMUSDT,rACM,USDT,online
RACNUSDT,rACN,USDT,online
RACTUSDT,rACT,USDT,online
RACVAUSDT,rACVA,USDT,online
RACWIUSDT,rACWI,USDT,online
RADBEUSDT,rADBE,USDT,online
RADCUSDT,rADC,USDT,online
RADEAUSDT,rADEA,USDT,online
RADIGUSDT,rADIG,USDT,online
RADIUSDT,rADI,USDT,online
RADMAUSDT,rADMA,USDT,online
RADMUSDT,rADM,USDT,online
RADNTUSDT,rADNT,USDT,online
RADPTUSDT,rADPT,USDT,online
RADPUSDT,rADP,USDT,online
RADSKUSDT,rADSK,USDT,online
RADTUSDT,rADT,USDT,online
RADUSUSDT,rADUS,USDT,online
RAEEUSDT,rAEE,USDT,online
RAEGUSDT,rAEG,USDT,online
RAEHRUSDT,rAEHR,USDT,online
RAEISUSDT,rAEIS,USDT,online
RAEMUSDT,rAEM,USDT,online
RAEOUSDT,rAEO,USDT,online
RAEPUSDT,rAEP,USDT,online
RAEROUSDT,rAERO,USDT,online
RAERUSDT,rAER,USDT,online
RAESIUSDT,rAESI,USDT,online
RAESUSDT,rAES,USDT,online
RAFGEUSDT,rAFGE,USDT,online
RAFGUSDT,rAFG,USDT,online
RAFLUSDT,rAFL,USDT,online
RAFRMUSDT,rAFRM,USDT,online
RAGCOUSDT,rAGCO,USDT,online
RAGGUSDT,rAGG,USDT,online
RAGIOUSDT,rAGIO,USDT,online
RAGIUSDT,rAGI,USDT,online
RAGLUSDT,rAGL,USDT,online
RAGMUSDT,rAGM,USDT,online
RAGNCUSDT,rAGNC,USDT,online
RAGOUSDT,rAGO,USDT,online
RAGROUSDT,rAGRO,USDT,online
RAGUSDT,rAG,USDT,online
RAGXUSDT,rAGX,USDT,online
RAGYSUSDT,rAGYS,USDT,online
RAHRUSDT,rAHR,USDT,online
RAIGUSDT,rAIG,USDT,online
RAINUSDT,rAIN,USDT,online
RAIPOUSDT,rAIPO,USDT,online
RAIQUSDT,rAIQ,USDT,online
RAIRRUSDT,rAIRR,USDT,online
RAIRUSDT,rAIR,USDT,online
RAITUSDT,rAIT,USDT,online
RAIUSDT,rAI,USDT,online
RAIZUSDT,rAIZ,USDT,online
RAJGUSDT,rAJG,USDT,online
RAKAMUSDT,rAKAM,USDT,online
RAKRUSDT,rAKR,USDT,online
RALABUSDT,rALAB,USDT,online
RALBUSDT,rALB,USDT,online
RALCUSDT,rALC,USDT,online
RALGMUSDT,rALGM,USDT,online
RALGNUSDT,rALGN,USDT,online
RALGTUSDT,rALGT,USDT,online
RALGUSDT,rALG,USDT,online
RALHCUSDT,rALHC,USDT,online
RALHUSDT,rALH,USDT,online
RALKSUSDT,rALKS,USDT,online
RALKTUSDT,rALKT,USDT,online
RALKUSDT,rALK,USDT,online
RALLEUSDT,rALLE,USDT,online
RALLUSDT,rALL,USDT,online
RALLYUSDT,rALLY,USDT,online
RALMRUSDT,rALMR,USDT,online
RALMUSDT,rALM,USDT,online
RALNTUSDT,rALNT,USDT,online
RALNYUSDT,rALNY,USDT,online
RALRMUSDT,rALRM,USDT,online
RALSNUSDT,rALSN,USDT,online
RALVOUSDT,rALVO,USDT,online
RALVUSDT,rALV,USDT,online
RAMALUSDT,rAMAL,USDT,online
RAMATUSDT,rAMAT,USDT,online
RAMBAUSDT,rAMBA,USDT,online
RAMBPUSDT,rAMBP,USDT,online
RAMBQUSDT,rAMBQ,USDT,online
RAMCRUSDT,rAMCR,USDT,online
RAMCUSDT,rAMC,USDT,online
RAMDLUSDT,rAMDL,USDT,online
RAMDUSDT,rAMD,USDT,online
RAMEUSDT,rAME,USDT,online
RAMGNUSDT,rAMGN,USDT,online
RAMGUSDT,rAMG,USDT,online
RAMHUSDT,rAMH,USDT,online
RAMKRUSDT,rAMKR,USDT,online
RAMLXUSDT,rAMLX,USDT,online
RAMPGUSDT,rAMPG,USDT,online
RAMPLUSDT,rAMPL,USDT,online
RAMPUSDT,rAMP,USDT,online
RAMPXUSDT,rAMPX,USDT,online
RAMRUSDT,rAMR,USDT,online
RAMRXUSDT,rAMRX,USDT,online
RAMRZUSDT,rAMRZ,USDT,online
RAMSCUSDT,rAMSC,USDT,online
RAMTMUSDT,rAMTM,USDT,online
RAMTUSDT,rAMT,USDT,online
RAMZDUSDT,rAMZD,USDT,online
RAMZNUSDT,rAMZN,USDT,online
RAMZUUSDT,rAMZU,USDT,online
RANABUSDT,rANAB,USDT,online
RANDEUSDT,rANDE,USDT,online
RANDGUSDT,rANDG,USDT,online
RANETUSDT,rANET,USDT,online
RANIPUSDT,rANIP,USDT,online
RANUSDT,rAN,USDT,online
RAONUSDT,rAON,USDT,online
RAOSUSDT,rAOS,USDT,online
RAPAMUSDT,rAPAM,USDT,online
RAPAUSDT,rAPA,USDT,online
RAPDUSDT,rAPD,USDT,online
RAPGUSDT,rAPG,USDT,online
RAPHUSDT,rAPH,USDT,online
RAPLDUSDT,rAPLD,USDT,online
RAPLEUSDT,rAPLE,USDT,online
RAPOUSDT,rAPO,USDT,online
RAPPFUSDT,rAPPF,USDT,online
RAPPNUSDT,rAPPN,USDT,online
RAPPSUSDT,rAPPS,USDT,online
RAPPUSDT,rAPP,USDT,online
RAPTVUSDT,rAPTV,USDT,online
RAQNUSDT,rAQN,USDT,online
RARCBUSDT,rARCB,USDT,online
RARCCUSDT,rARCC,USDT,online
RARCOUSDT,rARCO,USDT,online
RARDTUSDT,rARDT,USDT,online
RARESUSDT,rARES,USDT,online
RARGXUSDT,rARGX,USDT,online
RARISUSDT,rARIS,USDT,online
RARKGUSDT,rARKG,USDT,online
RARKKUSDT,rARKK,USDT,online
RARLOUSDT,rARLO,USDT,online
RARMKUSDT,rARMK,USDT,online
RARMUSDT,rARM,USDT,online
RAROCUSDT,rAROC,USDT,online
RARQTUSDT,rARQT,USDT,online
RARRUSDT,rARR,USDT,online
RARUSDT,rAR,USDT,online
RARWRUSDT,rARWR,USDT,online
RARWUSDT,rARW,USDT,online
RARXSUSDT,rARXS,USDT,online
RARXUSDT,rARX,USDT,online
RASANUSDT,rASAN,USDT,online
RASBUSDT,rASB,USDT,online
RASHRUSDT,rASHR,USDT,online
RASHUSDT,rASH,USDT,online
RASMLUSDT,rASML,USDT,online
RASNDUSDT,rASND,USDT,online
RASOUSDT,rASO,USDT,online
RASRUSDT,rASR,USDT,online
RASSTUSDT,rASST,USDT,online
RASTHUSDT,rASTH,USDT,online
RASTSUSDT,rASTS,USDT,online
RASUSDT,rAS,USDT,online
RASXUSDT,rASX,USDT,online
RATATUSDT,rATAT,USDT,online
RATECUSDT,rATEC,USDT,online
RATENUSDT,rATEN,USDT,online
RATEXUSDT,rATEX,USDT,online
RATHMUSDT,rATHM,USDT,online
RATIUSDT,rATI,USDT,online
RATKRUSDT,rATKR,USDT,online
RATLCUSDT,rATLC,USDT,online
RATMUUSDT,rATMU,USDT,online
RATOUSDT,rATO,USDT,online
RATRCUSDT,rATRC,USDT,online
RATROUSDT,rATRO,USDT,online
RATRUSDT,rATR,USDT,online
RAUBUSDT,rAUB,USDT,online
RAUGOUSDT,rAUGO,USDT,online
RAUPHUSDT,rAUPH,USDT,online
RAURUSDT,rAUR,USDT,online
RAUSDT,rA,USDT,online
RAUUSDT,rAU,USDT,online
RAVAHUSDT,rAVAH,USDT,online
RAVALUSDT,rAVAL,USDT,online
RAVAUSDT,rAVA,USDT,online
RAVAVUSDT,rAVAV,USDT,online
RAVBPUSDT,rAVBP,USDT,online
RAVDEUSDT,rAVDE,USDT,online
RAVDVUSDT,rAVDV,USDT,online
RAVEMUSDT,rAVEM,USDT,online
RAVEXUSDT,rAVEX,USDT,online
RAVGOUSDT,rAVGO,USDT,online
RAVLNUSDT,rAVLN,USDT,online
RAVLUSDT,rAVL,USDT,online
RAVLVUSDT,rAVLV,USDT,online
RAVNTUSDT,rAVNT,USDT,online
RAVPTUSDT,rAVPT,USDT,online
RAVTRUSDT,rAVTR,USDT,online
RAVTUSDT,rAVT,USDT,online
RAVUVUSDT,rAVUV,USDT,online
RAVYUSDT,rAVY,USDT,online
RAWIUSDT,rAWI,USDT,online
RAWKUSDT,rAWK,USDT,online
RAXGNUSDT,rAXGN,USDT,online
RAXPUSDT,rAXP,USDT,online
RAXSMUSDT,rAXSM,USDT,online
RAXSUSDT,rAXS,USDT,online
RAXTAUSDT,rAXTA,USDT,online
RAXTIUSDT,rAXTI,USDT,online
RAXUSDT,rAX,USDT,online
RAYAUSDT,rAYA,USDT,online
RAYIUSDT,rAYI,USDT,online
RAZNUSDT,rAZN,USDT,online
RAZOUSDT,rAZO,USDT,online
RAZZUSDT,rAZZ,USDT,online
RBABAUSDT,rBABA,USDT,online
RBACUSDT,rBAC,USDT,online
RBAHUSDT,rBAH,USDT,online
RBAIUSDT,rBAI,USDT,online
RBALLUSDT,rBALL,USDT,online
RBAMUSDT,rBAM,USDT,online
RBANCUSDT,rBANC,USDT,online
RBANDUSDT,rBAND,USDT,online
RBANFUSDT,rBANF,USDT,online
RBANRUSDT,rBANR,USDT,online
RBAPUSDT,rBAP,USDT,online
RBATRAUSDT,rBATRA,USDT,online
RBATRKUSDT,rBATRK,USDT,online
RBAUSDT,rBA,USDT,online
RBAXUSDT,rBAX,USDT,online
RBBAIUSDT,rBBAI,USDT,online
RBBARUSDT,rBBAR,USDT,online
RBBDOUSDT,rBBDO,USDT,online
RBBDUSDT,rBBD,USDT,online
RBBIOUSDT,rBBIO,USDT,online
RBBTUSDT,rBBT,USDT,online
RBBUCUSDT,rBBUC,USDT,online
RBBUSDT,rBB,USDT,online
RBBWIUSDT,rBBWI,USDT,online
RBBYUSDT,rBBY,USDT,online
RBCAXUSDT,rBCAX,USDT,online
RBCCUSDT,rBCC,USDT,online
RBCEUSDT,rBCE,USDT,online
RBCHUSDT,rBCH,USDT,online
RBCOUSDT,rBCO,USDT,online
RBCPCUSDT,rBCPC,USDT,online
RBCRXUSDT,rBCRX,USDT,online
RBCUSDT,rBC,USDT,online
RBDXUSDT,rBDX,USDT,online
RBEAMUSDT,rBEAM,USDT,online
RBEKEUSDT,rBEKE,USDT,online
RBELFAUSDT,rBELFA,USDT,online
RBELFBUSDT,rBELFB,USDT,online
RBENUSDT,rBEN,USDT,online
RBEPCUSDT,rBEPC,USDT,online
RBEPUSDT,rBEP,USDT,online
RBEUSDT,rBE,USDT,online
RBFAMUSDT,rBFAM,USDT,online
RBFCUSDT,rBFC,USDT,online
RBFHUSDT,rBFH,USDT,online
RBFLYUSDT,rBFLY,USDT,online
RBGCUSDT,rBGC,USDT,online
RBGSIUSDT,rBGSI,USDT,online
RBGUSDT,rBG,USDT,online
RBHCUSDT,rBHC,USDT,online
RBHEUSDT,rBHE,USDT,online
RBHFUSDT,rBHF,USDT,online
RBHRBUSDT,rBHRB,USDT,online
RBHVNUSDT,rBHVN,USDT,online
RBIDUUSDT,rBIDU,USDT,online
RBIIBUSDT,rBIIB,USDT,online
RBILIUSDT,rBILI,USDT,online
RBILLUSDT,rBILL,USDT,online
RBILUSDT,rBIL,USDT,online
RBINCUSDT,rBINC,USDT,online
RBIOUSDT,rBIO,USDT,online
RBIPCUSDT,rBIPC,USDT,online
RBIPUSDT,rBIP,USDT,online
RBIRKUSDT,rBIRK,USDT,online
RBITIUSDT,rBITI,USDT,online
RBITOUSDT,rBITO,USDT,online
RBITXUSDT,rBITX,USDT,online
RBIVUSDT,rBIV,USDT,online
RBJUSDT,rBJ,USDT,online
RBKDUSDT,rBKD,USDT,online
RBKEUSDT,rBKE,USDT,online
RBKHUSDT,rBKH,USDT,online
RBKLNUSDT,rBKLN,USDT,online
RBKNGUSDT,rBKNG,USDT,online
RBKRUSDT,rBKR,USDT,online
RBKSYUSDT,rBKSY,USDT,online
RBKUUSDT,rBKU,USDT,online
RBKVUSDT,rBKV,USDT,online
RBLBDUSDT,rBLBD,USDT,online
RBLCOUSDT,rBLCO,USDT,online
RBLDRUSDT,rBLDR,USDT,online
RBLFSUSDT,rBLFS,USDT,online
RBLKBUSDT,rBLKB,USDT,online
RBLKUSDT,rBLK,USDT,online
RBLLNUSDT,rBLLN,USDT,online
RBLSHUSDT,rBLSH,USDT,online
RBLTEUSDT,rBLTE,USDT,online
RBLUSDT,rBL,USDT,online
RBLXUSDT,rBLX,USDT,online
RBMAUSDT,rBMA,USDT,online
RBMIUSDT,rBMI,USDT,online
RBMNRUSDT,rBMNR,USDT,online
RBMRNUSDT,rBMRN,USDT,online
RBMYUSDT,rBMY,USDT,online
RBNDUSDT,rBND,USDT,online
RBNDXUSDT,rBNDX,USDT,online
RBNLUSDT,rBNL,USDT,online
RBNOUSDT,rBNO,USDT,online
RBNTUSDT,rBNT,USDT,online
RBNTXUSDT,rBNTX,USDT,online
RBNYUSDT,rBNY,USDT,online
RBOBSUSDT,rBOBS,USDT,online
RBOHUSDT,rBOH,USDT,online
RBOKFUSDT,rBOKF,USDT,online
RBOOTUSDT,rBOOT,USDT,online
RBOTZUSDT,rBOTZ,USDT,online
RBOXXUSDT,rBOXX,USDT,online
RBPOPUSDT,rBPOP,USDT,online
RBPUSDT,rBP,USDT,online
RBRCUSDT,rBRC,USDT,online
RBRKRUSDT,rBRKR,USDT,online
RBROSUSDT,rBROS,USDT,online
RBROUSDT,rBRO,USDT,online
RBRSLUSDT,rBRSL,USDT,online
RBRUSDT,rBR,USDT,online
RBRVEUSDT,rBRVE,USDT,online
RBRXUSDT,rBRX,USDT,online
RBRZEUSDT,rBRZE,USDT,online
RBSACUSDT,rBSAC,USDT,online
RBSBRUSDT,rBSBR,USDT,online
RBSPUSDT,rBSP,USDT,online
RBSVUSDT,rBSV,USDT,online
RBSXUSDT,rBSX,USDT,online
RBSYUSDT,rBSY,USDT,online
RBTCZUSDT,rBTCZ,USDT,online
RBTDRUSDT,rBTDR,USDT,online
RBTEUSDT,rBTE,USDT,online
RBTGOUSDT,rBTGO,USDT,online
RBTGUSDT,rBTG,USDT,online
RBTIUSDT,rBTI,USDT,online
RBTSGUSDT,rBTSG,USDT,online
RBTUUSDT,rBTU,USDT,online
RBULLUSDT,rBULL,USDT,online
RBULZUSDT,rBULZ,USDT,online
RBURLUSDT,rBURL,USDT,online
RBUSDT,rB,USDT,online
RBUSEUSDT,rBUSE,USDT,online
RBVNUSDT,rBVN,USDT,online
RBWAUSDT,rBWA,USDT,online
RBWINUSDT,rBWIN,USDT,online
RBWLPUSDT,rBWLP,USDT,online
RBWXTUSDT,rBWXT,USDT,online
RBXDCUSDT,rBXDC,USDT,online
RBXMTUSDT,rBXMT,USDT,online
RBXPUSDT,rBXP,USDT,online
RBXSLUSDT,rBXSL,USDT,online
RBXUSDT,rBX,USDT,online
RBYDUSDT,rBYD,USDT,online
RBYUSDT,rBY,USDT,online
RBZUSDT,rBZ,USDT,online
RCAAPUSDT,rCAAP,USDT,online
RCACCUSDT,rCACC,USDT,online
RCACIUSDT,rCACI,USDT,online
RCAEUSDT,rCAE,USDT,online
RCAGUSDT,rCAG,USDT,online
RCAHUSDT,rCAH,USDT,online
RCAIUSDT,rCAI,USDT,online
RCALMUSDT,rCALM,USDT,online
RCALXUSDT,rCALX,USDT,online
RCALYUSDT,rCALY,USDT,online
RCAMTUSDT,rCAMT,USDT,online
RCAPRUSDT,rCAPR,USDT,online
RCARGUSDT,rCARG,USDT,online
RCARRUSDT,rCARR,USDT,online
RCARTUSDT,rCART,USDT,online
RCARUSDT,rCAR,USDT,online
RCASHUSDT,rCASH,USDT,online
RCASYUSDT,rCASY,USDT,online
RCATYUSDT,rCATY,USDT,online
RCAVAUSDT,rCAVA,USDT,online
RCBCUSDT,rCBC,USDT,online
RCBLUSDT,rCBL,USDT,online
RCBOEUSDT,rCBOE,USDT,online
RCBREUSDT,rCBRE,USDT,online
RCBRSUSDT,rCBRS,USDT,online
RCBSHUSDT,rCBSH,USDT,online
RCBTUSDT,rCBT,USDT,online
RCBUSDT,rCB,USDT,online
RCBUUSDT,rCBU,USDT,online
RCBZUSDT,rCBZ,USDT,online
RCCCUSDT,rCCC,USDT,online
RCCEPUSDT,rCCEP,USDT,online
RCCIUSDT,rCCI,USDT,online
RCCJUSDT,rCCJ,USDT,online
RCCKUSDT,rCCK,USDT,online
RCCLUSDT,rCCL,USDT,online
RCCSUSDT,rCCS,USDT,online
RCCUSDT,rCC,USDT,online
RCCUUSDT,rCCU,USDT,online
RCDEUSDT,rCDE,USDT,online
RCDLRUSDT,rCDLR,USDT,online
RCDNAUSDT,rCDNA,USDT,online
RCDNLUSDT,rCDNL,USDT,online
RCDNSUSDT,rCDNS,USDT,online
RCDPUSDT,rCDP,USDT,online
RCDWUSDT,rCDW,USDT,online
RCECOUSDT,rCECO,USDT,online
RCEGUSDT,rCEG,USDT,online
RCELCUSDT,rCELC,USDT,online
RCELHUSDT,rCELH,USDT,online
RCENTAUSDT,rCENTA,USDT,online
RCENTUSDT,rCENT,USDT,online
RCENXUSDT,rCENX,USDT,online
RCEPUUSDT,rCEPU,USDT,online
RCEUSDT,rCE,USDT,online
RCFGUSDT,rCFG,USDT,online
RCFRUSDT,rCFR,USDT,online
RCFUSDT,rCF,USDT,online
RCGDVUSDT,rCGDV,USDT,online
RCGGRUSDT,rCGGR,USDT,online
RCGNXUSDT,rCGNX,USDT,online
RCGONUSDT,rCGON,USDT,online
RCGUSDT,rCG,USDT,online
RCHAUSDT,rCHA,USDT,online
RCHCOUSDT,rCHCO,USDT,online
RCHDNUSDT,rCHDN,USDT,online
RCHDUSDT,rCHD,USDT,online
RCHEUSDT,rCHE,USDT,online
RCHHUSDT,rCHH,USDT,online
RCHKPUSDT,rCHKP,USDT,online
RCHRDUSDT,rCHRD,USDT,online
RCHRNUSDT,rCHRN,USDT,online
RCHRWUSDT,rCHRW,USDT,online
RCHSCOUSDT,rCHSCO,USDT,online
RCHTRUSDT,rCHTR,USDT,online
RCHTUSDT,rCHT,USDT,online
RCHYMUSDT,rCHYM,USDT,online
RCIBRUSDT,rCIBR,USDT,online
RCIBUSDT,rCIB,USDT,online
RCIENUSDT,rCIEN,USDT,online
RCIFRUSDT,rCIFR,USDT,online
RCIGIUSDT,rCIGI,USDT,online
RCIGUSDT,rCIG,USDT,online
RCINFUSDT,rCINF,USDT,online
RCIUSDT,rCI,USDT,online
RCLBKUSDT,rCLBK,USDT,online
RCLBTUSDT,rCLBT,USDT,online
RCLDXUSDT,rCLDX,USDT,online
RCLFUSDT,rCLF,USDT,online
RCLHUSDT,rCLH,USDT,online
RCLOAUSDT,rCLOA,USDT,online
RCLOIUSDT,rCLOI,USDT,online
RCLOVUSDT,rCLOV,USDT,online
RCLSKUSDT,rCLSK,USDT,online
RCLSUSDT,rCLS,USDT,online
RCLUSDT,rCL,USDT,online
RCLWUSDT,rCLW,USDT,online
RCLXUSDT,rCLX,USDT,online
RCMBTUSDT,rCMBT,USDT,online
RCMCSAUSDT,rCMCSA,USDT,online
RCMCUSDT,rCMC,USDT,online
RCMEUSDT,rCME,USDT,online
RCMGUSDT,rCMG,USDT,online
RCMIUSDT,rCMI,USDT,online
RCMPRUSDT,rCMPR,USDT,online
RCMPSUSDT,rCMPS,USDT,online
RCMREUSDT,rCMRE,USDT,online
RCMSAUSDT,rCMSA,USDT,online
RCMSUSDT,rCMS,USDT,online
RCNAUSDT,rCNA,USDT,online
RCNCUSDT,rCNC,USDT,online
RCNHUSDT,rCNH,USDT,online
RCNIUSDT,rCNI,USDT,online
RCNKUSDT,rCNK,USDT,online
RCNMDUSDT,rCNMD,USDT,online
RCNMUSDT,rCNM,USDT,online
RCNOBUSDT,rCNOB,USDT,online
RCNOUSDT,rCNO,USDT,online
RCNPUSDT,rCNP,USDT,online
RCNQUSDT,rCNQ,USDT,online
RCNSUSDT,rCNS,USDT,online
RCNXCUSDT,rCNXC,USDT,online
RCNXNUSDT,rCNXN,USDT,online
RCNXUSDT,rCNX,USDT,online
RCOAGUSDT,rCOAG,USDT,online
RCOCOUSDT,rCOCO,USDT,online
RCOFUSDT,rCOF,USDT,online
RCOGTUSDT,rCOGT,USDT,online
RCOHRUSDT,rCOHR,USDT,online
RCOHUUSDT,rCOHU,USDT,online
RCOINUSDT,rCOIN,USDT,online
RCOKEUSDT,rCOKE,USDT,online
RCOLBUSDT,rCOLB,USDT,online
RCOLDUSDT,rCOLD,USDT,online
RCOLMUSDT,rCOLM,USDT,online
RCOMPUSDT,rCOMP,USDT,online
RCONLUSDT,rCONL,USDT,online
RCOOUSDT,rCOO,USDT,online
RCOPUSDT,rCOP,USDT,online
RCOPXUSDT,rCOPX,USDT,online
RCORTUSDT,rCORT,USDT,online
RCORUSDT,rCOR,USDT,online
RCORZUSDT,rCORZ,USDT,online
RCOSTUSDT,rCOST,USDT,online
RCOTYUSDT,rCOTY,USDT,online
RCOURUSDT,rCOUR,USDT,online
RCPAUSDT,rCPA,USDT,online
RCPAYUSDT,rCPAY,USDT,online
RCPBUSDT,rCPB,USDT,online
RCPKUSDT,rCPK,USDT,online
RCPNGUSDT,rCPNG,USDT,online
RCPRIUSDT,rCPRI,USDT,online
RCPRTUSDT,rCPRT,USDT,online
RCPTUSDT,rCPT,USDT,online
RCQPUSDT,rCQP,USDT,online
RCRBGUSDT,rCRBG,USDT,online
RCRCAUSDT,rCRCA,USDT,online
RCRCLUSDT,rCRCL,USDT,online
RCRCUSDT,rCRC,USDT,online
RCRDOUSDT,rCRDO,USDT,online
RCRHUSDT,rCRH,USDT,online
RCRKUSDT,rCRK,USDT,online
RCRLUSDT,rCRL,USDT,online
RCRMUSDT,rCRM,USDT,online
RCROXUSDT,rCROX,USDT,online
RCRSPUSDT,rCRSP,USDT,online
RCRSRUSDT,rCRSR,USDT,online
RCRSUSDT,rCRS,USDT,online
RCRUSDT,rCR,USDT,online
RCRUSUSDT,rCRUS,USDT,online
RCRVLUSDT,rCRVL,USDT,online
RCRWDUSDT,rCRWD,USDT,online
RCRWVUSDT,rCRWV,USDT,online
RCSANYUSDT,rCSANY,USDT,online
RCSCOUSDT,rCSCO,USDT,online
RCSGPUSDT,rCSGP,USDT,online
RCSIQUSDT,rCSIQ,USDT,online
RCSLUSDT,rCSL,USDT,online
RCSQRUSDT,rCSQR,USDT,online
RCSTMUSDT,rCSTM,USDT,online
RCSWCUSDT,rCSWC,USDT,online
RCSWUSDT,rCSW,USDT,online
RCSXUSDT,rCSX,USDT,online
RCTASUSDT,rCTAS,USDT,online
RCTBIUSDT,rCTBI,USDT,online
RCTOSUSDT,rCTOS,USDT,online
RCTREUSDT,rCTRE,USDT,online
RCTRIUSDT,rCTRI,USDT,online
RCTSHUSDT,rCTSH,USDT,online
RCTSUSDT,rCTS,USDT,online
RCTVAUSDT,rCTVA,USDT,online
RCUBEUSDT,rCUBE,USDT,online
RCUBIUSDT,rCUBI,USDT,online
RCURBUSDT,rCURB,USDT,online
RCUSDT,rC,USDT,online
RCUZUSDT,rCUZ,USDT,online
RCVBFUSDT,rCVBF,USDT,online
RCVCOUSDT,rCVCO,USDT,online
RCVEUSDT,rCVE,USDT,online
RCVLTUSDT,rCVLT,USDT,online
RCVNAUSDT,rCVNA,USDT,online
RCVSAUSDT,rCVSA,USDT,online
RCVSUSDT,rCVS,USDT,online
RCVXUSDT,rCVX,USDT,online
RCWBUSDT,rCWB,USDT,online
RCWENUSDT,rCWEN,USDT,online
RCWKUSDT,rCWK,USDT,online
RCWSTUSDT,rCWST,USDT,online
RCWTUSDT,rCWT,USDT,online
RCWUSDT,rCW,USDT,online
RCXTUSDT,rCXT,USDT,online
RCXUSDT,rCX,USDT,online
RCXWUSDT,rCXW,USDT,online
RCYTKUSDT,rCYTK,USDT,online
RCZRUSDT,rCZR,USDT,online
RDALUSDT,rDAL,USDT,online
RDANUSDT,rDAN,USDT,online
RDAOUSDT,rDAO,USDT,online
RDARUSDT,rDAR,USDT,online
RDASHUSDT,rDASH,USDT,online
RDAVEUSDT,rDAVE,USDT,online
RDBCUSDT,rDBC,USDT,online
RDBDUSDT,rDBD,USDT,online
RDBRGUSDT,rDBRG,USDT,online
RDBXUSDT,rDBX,USDT,online
RDCHUSDT,rDCH,USDT,online
RDCIUSDT,rDCI,USDT,online
RDCOMUSDT,rDCOM,USDT,online
RDCOUSDT,rDCO,USDT,online
RDDOGUSDT,rDDOG,USDT,online
RDDSUSDT,rDDS,USDT,online
RDDUSDT,rDD,USDT,online
RDECKUSDT,rDECK,USDT,online
RDEIUSDT,rDEI,USDT,online
RDELLUSDT,rDELL,USDT,online
RDEOUSDT,rDEO,USDT,online
RDEUSDT,rDE,USDT,online
RDFACUSDT,rDFAC,USDT,online
RDFASUSDT,rDFAS,USDT,online
RDFGPUSDT,rDFGP,USDT,online
RDFICUSDT,rDFIC,USDT,online
RDFTXUSDT,rDFTX,USDT,online
RDGIIUSDT,rDGII,USDT,online
RDGROUSDT,rDGRO,USDT,online
RDGRWUSDT,rDGRW,USDT,online
RDGUSDT,rDG,USDT,online
RDGXUSDT,rDGX,USDT,online
RDHCUSDT,rDHC,USDT,online
RDHIUSDT,rDHI,USDT,online
RDHRUSDT,rDHR,USDT,online
RDHTUSDT,rDHT,USDT,online
RDIAUSDT,rDIA,USDT,online
RDINOUSDT,rDINO,USDT,online
RDIODUSDT,rDIOD,USDT,online
RDISUSDT,rDIS,USDT,online
RDJTUSDT,rDJT,USDT,online
RDKNGUSDT,rDKNG,USDT,online
RDKSUSDT,rDKS,USDT,online
RDLBUSDT,rDLB,USDT,online
RDLLLUSDT,rDLLL,USDT,online
RDLOUSDT,rDLO,USDT,online
RDLRUSDT,rDLR,USDT,online
RDLTRUSDT,rDLTR,USDT,online
RDMCUSDT,rDMC,USDT,online
RDMRAUSDT,rDMRA,USDT,online
RDNLIUSDT,rDNLI,USDT,online
RDNNUSDT,rDNN,USDT,online
RDNOWUSDT,rDNOW,USDT,online
RDNTHUSDT,rDNTH,USDT,online
RDOCNUSDT,rDOCN,USDT,online
RDOCUSDT,rDOC,USDT,online
RDOCUUSDT,rDOCU,USDT,online
RDOOUSDT,rDOO,USDT,online
RDORMUSDT,rDORM,USDT,online
RDOVUSDT,rDOV,USDT,online
RDOWUSDT,rDOW,USDT,online
RDOXUSDT,rDOX,USDT,online
RDPCUSDT,rDPC,USDT,online
RDPZUSDT,rDPZ,USDT,online
RDRAMUSDT,rDRAM,USDT,online
RDRDUSDT,rDRD,USDT,online
RDRHUSDT,rDRH,USDT,online
RDRIPUSDT,rDRIP,USDT,online
RDRIUSDT,rDRI,USDT,online
RDRSUSDT,rDRS,USDT,online
RDRVNUSDT,rDRVN,USDT,online
RDSGRUSDT,rDSGR,USDT,online
RDSGXUSDT,rDSGX,USDT,online
RDTEUSDT,rDTE,USDT,online
RDTMUSDT,rDTM,USDT,online
RDTUSDT,rDT,USDT,online
RDTWUSDT,rDTW,USDT,online
RDUKUSDT,rDUK,USDT,online
RDUOLUSDT,rDUOL,USDT,online
RDUSDT,rD,USDT,online
RDVAUSDT,rDVA,USDT,online
RDVNUSDT,rDVN,USDT,online
RDVUSDT,rDV,USDT,online
RDXCMUSDT,rDXCM,USDT,online
RDXCUSDT,rDXC,USDT,online
RDXPEUSDT,rDXPE,USDT,online
RDXUSDT,rDX,USDT,online
RDXYZUSDT,rDXYZ,USDT,online
RDYNFUSDT,rDYNF,USDT,online
RDYNUSDT,rDYN,USDT,online
RDYUSDT,rDY,USDT,online
REATUSDT,rEAT,USDT,online
REBAYUSDT,rEBAY,USDT,online
REBCUSDT,rEBC,USDT,online
RECGUSDT,rECG,USDT,online
RECHOUSDT,rECHO,USDT,online
RECHUSDT,rECH,USDT,online
RECLUSDT,rECL,USDT,online
RECOUSDT,rECO,USDT,online
RECPGUSDT,rECPG,USDT,online
RECUSDT,rEC,USDT,online
REDUUSDT,rEDU,USDT,online
REEFTUSDT,rEEFT,USDT,online
REEMUSDT,rEEM,USDT,online
REEUSDT,rEE,USDT,online
REFAUSDT,rEFA,USDT,online
REFCUSDT,rEFC,USDT,online
REFSCUSDT,rEFSC,USDT,online
REFVUSDT,rEFV,USDT,online
REFXTUSDT,rEFXT,USDT,online
REFXUSDT,rEFX,USDT,online
REGOUSDT,rEGO,USDT,online
REGPUSDT,rEGP,USDT,online
REGUSDT,rEG,USDT,online
REHCUSDT,rEHC,USDT,online
REIXUSDT,rEIX,USDT,online
RELANUSDT,rELAN,USDT,online
RELEUSDT,rELE,USDT,online
RELFUSDT,rELF,USDT,online
RELPCUSDT,rELPC,USDT,online
RELSUSDT,rELS,USDT,online
RELUSDT,rEL,USDT,online
RELVNUSDT,rELVN,USDT,online
RELVUSDT,rELV,USDT,online
REMATUSDT,rEMAT,USDT,online
REMAUSDT,rEMA,USDT,online
REMBJUSDT,rEMBJ,USDT,online
REMBUSDT,rEMB,USDT,online
REMEUSDT,rEME,USDT,online
REMNUSDT,rEMN,USDT,online
REMRUSDT,rEMR,USDT,online
REMXCUSDT,rEMXC,USDT,online
RENBUSDT,rENB,USDT,online
RENICUSDT,rENIC,USDT,online
RENLTUSDT,rENLT,USDT,online
RENPHUSDT,rENPH,USDT,online
RENRUSDT,rENR,USDT,online
RENSGUSDT,rENSG,USDT,online
RENSUSDT,rENS,USDT,online
RENTGUSDT,rENTG,USDT,online
RENVAUSDT,rENVA,USDT,online
REOGUSDT,rEOG,USDT,online
REOSEUSDT,rEOSE,USDT,online
REPACUSDT,rEPAC,USDT,online
REPAMUSDT,rEPAM,USDT,online
REPRTUSDT,rEPRT,USDT,online
REPRUSDT,rEPR,USDT,online
REQHUSDT,rEQH,USDT,online
REQIXUSDT,rEQIX,USDT,online
REQPTUSDT,rEQPT,USDT,online
REQTUSDT,rEQT,USDT,online
REQXUSDT,rEQX,USDT,online
RERASUSDT,rERAS,USDT,online
RERICUSDT,rERIC,USDT,online
RERIEUSDT,rERIE,USDT,online
REROCUSDT,rEROC,USDT,online
REROKUSDT,rEROK,USDT,online
REROUSDT,rERO,USDT,online
RESABUSDT,rESAB,USDT,online
RESEUSDT,rESE,USDT,online
RESIUSDT,rESI,USDT,online
RESLTUSDT,rESLT,USDT,online
RESNTUSDT,rESNT,USDT,online
RESQUSDT,rESQ,USDT,online
RESSUSDT,rESS,USDT,online
RESTAUSDT,rESTA,USDT,online
RESTCUSDT,rESTC,USDT,online
RESUSDT,rES,USDT,online
RETHAUSDT,rETHA,USDT,online
RETNUSDT,rETN,USDT,online
RETONUSDT,rETON,USDT,online
RETORUSDT,rETOR,USDT,online
RETRUSDT,rETR,USDT,online
RETSYUSDT,rETSY,USDT,online
REVRGUSDT,rEVRG,USDT,online
REVRUSDT,rEVR,USDT,online
REVTCUSDT,rEVTC,USDT,online
REWBCUSDT,rEWBC,USDT,online
REWJUSDT,rEWJ,USDT,online
REWTUSDT,rEWT,USDT,online
REWTXUSDT,rEWTX,USDT,online
REWUSDT,rEW,USDT,online
REWYUSDT,rEWY,USDT,online
REWZUSDT,rEWZ,USDT,online
REXCUSDT,rEXC,USDT,online
REXELUSDT,rEXEL,USDT,online
REXEUSDT,rEXE,USDT,online
REXKUSDT,rEXK,USDT,online
REXLSUSDT,rEXLS,USDT,online
REXODUSDT,rEXOD,USDT,online
REXPDUSDT,rEXPD,USDT,online
REXPEUSDT,rEXPE,USDT,online
REXPOUSDT,rEXPO,USDT,online
REXPUSDT,rEXP,USDT,online
REXRUSDT,rEXR,USDT,online
REXTRUSDT,rEXTR,USDT,online
REZPWUSDT,rEZPW,USDT,online
RFAFUSDT,rFAF,USDT,online
RFANGUSDT,rFANG,USDT,online
RFASTUSDT,rFAST,USDT,online
RFASUSDT,rFAS,USDT,online
RFAUSDT,rFA,USDT,online
RFAZUSDT,rFAZ,USDT,online
RFBINUSDT,rFBIN,USDT,online
RFBKUSDT,rFBK,USDT,online
RFBNCUSDT,rFBNC,USDT,online
RFBNDUSDT,rFBND,USDT,online
RFBPUSDT,rFBP,USDT,online
RFBTCUSDT,rFBTC,USDT,online
RFCFSUSDT,rFCFS,USDT,online
RFCFUSDT,rFCF,USDT,online
RFCNCAUSDT,rFCNCA,USDT,online
RFCNUSDT,rFCN,USDT,online
RFCPTUSDT,rFCPT,USDT,online
RFCXUSDT,rFCX,USDT,online
RFDSUSDT,rFDS,USDT,online
RFDVVUSDT,rFDVV,USDT,online
RFDXFUSDT,rFDXF,USDT,online
RFDXUSDT,rFDX,USDT,online
RFELEUSDT,rFELE,USDT,online
RFENIUSDT,rFENI,USDT,online
RFERGUSDT,rFERG,USDT,online
RFERUSDT,rFER,USDT,online
RFEUSDT,rFE,USDT,online
RFFBCUSDT,rFFBC,USDT,online
RFFINUSDT,rFFIN,USDT,online
RFFIVUSDT,rFFIV,USDT,online
RFGDLUSDT,rFGDL,USDT,online
RFGUSDT,rFG,USDT,online
RFHBUSDT,rFHB,USDT,online
RFHIUSDT,rFHI,USDT,online
RFHNUSDT,rFHN,USDT,online
RFIBKUSDT,rFIBK,USDT,online
RFICOUSDT,rFICO,USDT,online
RFIGRUSDT,rFIGR,USDT,online
RFIGSUSDT,rFIGS,USDT,online
RFIGUSDT,rFIG,USDT,online
RFINAUSDT,rFINA,USDT,online
RFISUSDT,rFIS,USDT,online
RFISVUSDT,rFISV,USDT,online
RFIVEUSDT,rFIVE,USDT,online
RFIVNUSDT,rFIVN,USDT,online
RFIXUSDT,rFIX,USDT,online
RFIZZUSDT,rFIZZ,USDT,online
RFLEXUSDT,rFLEX,USDT,online
RFLGUSDT,rFLG,USDT,online
RFLHYUSDT,rFLHY,USDT,online
RFLNCUSDT,rFLNC,USDT,online
RFLNGUSDT,rFLNG,USDT,online
RFLOCUSDT,rFLOC,USDT,online
RFLOTUSDT,rFLOT,USDT,online
RFLQLUSDT,rFLQL,USDT,online
RFLRUSDT,rFLR,USDT,online
RFLSUSDT,rFLS,USDT,online
RFLUTUSDT,rFLUT,USDT,online
RFLYUSDT,rFLY,USDT,online
RFLYWUSDT,rFLYW,USDT,online
RFMCUSDT,rFMC,USDT,online
RFMSUSDT,rFMS,USDT,online
RFMXUSDT,rFMX,USDT,online
RFNBUSDT,rFNB,USDT,online
RFNDUSDT,rFND,USDT,online
RFNDXUSDT,rFNDX,USDT,online
RFNFUSDT,rFNF,USDT,online
RFNGUUSDT,rFNGU,USDT,online
RFNUSDT,rFN,USDT,online
RFOILUSDT,rFOIL,USDT,online
RFORMUSDT,rFORM,USDT,online
RFORTYUSDT,rFORTY,USDT,online
RFORUSDT,rFOR,USDT,online
RFOURUSDT,rFOUR,USDT,online
RFOXAUSDT,rFOXA,USDT,online
RFPSUSDT,rFPS,USDT,online
RFRBTUSDT,rFRBT,USDT,online
RFRHCUSDT,rFRHC,USDT,online
RFRMEUSDT,rFRME,USDT,online
RFRMIUSDT,rFRMI,USDT,online
RFRNMUSDT,rFRNM,USDT,online
RFROGUSDT,rFROG,USDT,online
RFROUSDT,rFRO,USDT,online
RFRPTUSDT,rFRPT,USDT,online
RFRSHUSDT,rFRSH,USDT,online
RFRTUSDT,rFRT,USDT,online
RFRUSDT,rFR,USDT,online
RFRVOUSDT,rFRVO,USDT,online
RFSKUSDT,rFSK,USDT,online
RFSLRUSDT,rFSLR,USDT,online
RFSLYUSDT,rFSLY,USDT,online
RFSMUSDT,rFSM,USDT,online
RFSOLUSDT,rFSOL,USDT,online
RFSSUSDT,rFSS,USDT,online
RFSUNUSDT,rFSUN,USDT,online
RFSVUSDT,rFSV,USDT,online
RFTAIUSDT,rFTAI,USDT,online
RFTDRUSDT,rFTDR,USDT,online
RFTGCUSDT,rFTGC,USDT,online
RFTIUSDT,rFTI,USDT,online
RFTNTUSDT,rFTNT,USDT,online
RFTREUSDT,rFTRE,USDT,online
RFTSUSDT,rFTS,USDT,online
RFTVUSDT,rFTV,USDT,online
RFULTUSDT,rFULT,USDT,online
RFULUSDT,rFUL,USDT,online
RFUSDT,rF,USDT,online
RFUTUUSDT,rFUTU,USDT,online
RFWDIUSDT,rFWDI,USDT,online
RFWONAUSDT,rFWONA,USDT,online
RFWONKUSDT,rFWONK,USDT,online
RFXIUSDT,rFXI,USDT,online
RGABCUSDT,rGABC,USDT,online
RGAPUSDT,rGAP,USDT,online
RGATXUSDT,rGATX,USDT,online
RGBCIUSDT,rGBCI,USDT,online
RGBDCUSDT,rGBDC,USDT,online
RGBTCUSDT,rGBTC,USDT,online
RGBTGUSDT,rGBTG,USDT,online
RGCMGUSDT,rGCMG,USDT,online
RGCTUSDT,rGCT,USDT,online
RGDDYUSDT,rGDDY,USDT,online
RGDSUSDT,rGDS,USDT,online
RGDUSDT,rGD,USDT,online
RGDXJUSDT,rGDXJ,USDT,online
RGDXUSDT,rGDX,USDT,online
RGDXUUSDT,rGDXU,USDT,online
RGEHCUSDT,rGEHC,USDT,online
RGEMIUSDT,rGEMI,USDT,online
RGENBUSDT,rGENB,USDT,online
RGENUSDT,rGEN,USDT,online
RGEOUSDT,rGEO,USDT,online
RGEUSDT,rGE,USDT,online
RGEVUSDT,rGEV,USDT,online
RGFFUSDT,rGFF,USDT,online
RGFIUSDT,rGFI,USDT,online
RGFLUSDT,rGFL,USDT,online
RGFSUSDT,rGFS,USDT,online
RGGALUSDT,rGGAL,USDT,online
RGGBUSDT,rGGB,USDT,online
RGGGUSDT,rGGG,USDT,online
RGGOVUSDT,rGGOV,USDT,online
RGHCUSDT,rGHC,USDT,online
RGHRSUSDT,rGHRS,USDT,online
RGHUSDT,rGH,USDT,online
RGIBUSDT,rGIB,USDT,online
RGICUSDT,rGIC,USDT,online
RGILDUSDT,rGILD,USDT,online
RGILUSDT,rGIL,USDT,online
RGISUSDT,rGIS,USDT,online
RGKOSUSDT,rGKOS,USDT,online
RGLBEUSDT,rGLBE,USDT,online
RGLDMUSDT,rGLDM,USDT,online
RGLDUSDT,rGLD,USDT,online
RGLNGUSDT,rGLNG,USDT,online
RGLOBUSDT,rGLOB,USDT,online
RGLPIUSDT,rGLPI,USDT,online
RGLTRUSDT,rGLTR,USDT,online
RGLUSDT,rGL,USDT,online
RGLWUSDT,rGLW,USDT,online
RGLXYUSDT,rGLXY,USDT,online
RGMABUSDT,rGMAB,USDT,online
RGMEDUSDT,rGMED,USDT,online
RGMEUSDT,rGME,USDT,online
RGMUSDT,rGM,USDT,online
RGNLUSDT,rGNL,USDT,online
RGNRCUSDT,rGNRC,USDT,online
RGNTXUSDT,rGNTX,USDT,online
RGNWUSDT,rGNW,USDT,online
RGOLDUSDT,rGOLD,USDT,online
RGOLFUSDT,rGOLF,USDT,online
RGOOGLUSDT,rGOOGL,USDT,online
RGOVTUSDT,rGOVT,USDT,online
RGPCRUSDT,rGPCR,USDT,online
RGPCUSDT,rGPC,USDT,online
RGPGIUSDT,rGPGI,USDT,online
RGPIUSDT,rGPI,USDT,online
RGPKUSDT,rGPK,USDT,online
RGPNUSDT,rGPN,USDT,online
RGPORUSDT,rGPOR,USDT,online
RGPROUSDT,rGPRO,USDT,online
RGRABUSDT,rGRAB,USDT,online
RGRALUSDT,rGRAL,USDT,online
RGRBKUSDT,rGRBK,USDT,online
RGRCUSDT,rGRC,USDT,online
RGRDNUSDT,rGRDN,USDT,online
RGRFSUSDT,rGRFS,USDT,online
RGRMNUSDT,rGRMN,USDT,online
RGRNDUSDT,rGRND,USDT,online
RGSATUSDT,rGSAT,USDT,online
RGSHDUSDT,rGSHD,USDT,online
RGSKUSDT,rGSK,USDT,online
RGSLUSDT,rGSL,USDT,online
RGSUSDT,rGS,USDT,online
RGTESUSDT,rGTES,USDT,online
RGTLBUSDT,rGTLB,USDT,online
RGTXUSDT,rGTX,USDT,online
RGTYUSDT,rGTY,USDT,online
RGUSDT,rG,USDT,online
RGVAUSDT,rGVA,USDT,online
RGWREUSDT,rGWRE,USDT,online
RGWWUSDT,rGWW,USDT,online
RGXOUSDT,rGXO,USDT,online
RHALOUSDT,rHALO,USDT,online
RHALUSDT,rHAL,USDT,online
RHAPNUSDT,rHAPN,USDT,online
RHASIUSDT,rHASI,USDT,online
RHASUSDT,rHAS,USDT,online
RHAWKUSDT,rHAWK,USDT,online
RHAYWUSDT,rHAYW,USDT,online
RHBANUSDT,rHBAN,USDT,online
RHBMUSDT,rHBM,USDT,online
RHCAUSDT,rHCA,USDT,online
RHCCUSDT,rHCC,USDT,online
RHCIUSDT,rHCI,USDT,online
RHCMUSDT,rHCM,USDT,online
RHCSGUSDT,rHCSG,USDT,online
RHDBUSDT,rHDB,USDT,online
RHDUSDT,rHD,USDT,online
RHDVUSDT,rHDV,USDT,online
RHEIUSDT,rHEI,USDT,online
RHESMUSDT,rHESM,USDT,online
RHEUSDT,rHE,USDT,online
RHGTYUSDT,rHGTY,USDT,online
RHGUSDT,rHG,USDT,online
RHGVUSDT,rHGV,USDT,online
RHHHUSDT,rHHH,USDT,online
RHIGUSDT,rHIG,USDT,online
RHIIUSDT,rHII,USDT,online
RHIMSUSDT,rHIMS,USDT,online
RHIMXUSDT,rHIMX,USDT,online
RHIWUSDT,rHIW,USDT,online
RHLIOUSDT,rHLIO,USDT,online
RHLIUSDT,rHLI,USDT,online
RHLNEUSDT,rHLNE,USDT,online
RHLNUSDT,rHLN,USDT,online
RHLTUSDT,rHLT,USDT,online
RHLUSDT,rHL,USDT,online
RHMCUSDT,rHMC,USDT,online
RHMNUSDT,rHMN,USDT,online
RHMYUSDT,rHMY,USDT,online
RHNGEUSDT,rHNGE,USDT,online
RHNIUSDT,rHNI,USDT,online
RHOGUSDT,rHOG,USDT,online
RHOMBUSDT,rHOMB,USDT,online
RHONAUSDT,rHONA,USDT,online
RHONUSDT,rHON,USDT,online
RHOODUSDT,rHOOD,USDT,online
RHOPEUSDT,rHOPE,USDT,online
RHOSUSDT,rHOS,USDT,online
RHPEUSDT,rHPE,USDT,online
RHPQUSDT,rHPQ,USDT,online
RHQYUSDT,rHQY,USDT,online
RHRBUSDT,rHRB,USDT,online
RHRIUSDT,rHRI,USDT,online
RHRLUSDT,rHRL,USDT,online
RHRMYUSDT,rHRMY,USDT,online
RHRUSDT,rHR,USDT,online
RHSAIUSDT,rHSAI,USDT,online
RHSICUSDT,rHSIC,USDT,online
RHSTUSDT,rHST,USDT,online
RHSYUSDT,rHSY,USDT,online
RHTFLUSDT,rHTFL,USDT,online
RHTGCUSDT,rHTGC,USDT,online
RHTHTUSDT,rHTHT,USDT,online
RHTHUSDT,rHTH,USDT,online
RHTOUSDT,rHTO,USDT,online
RHUBBUSDT,rHUBB,USDT,online
RHUBGUSDT,rHUBG,USDT,online
RHUBSUSDT,rHUBS,USDT,online
RHUMUSDT,rHUM,USDT,online
RHUNUSDT,rHUN,USDT,online
RHURNUSDT,rHURN,USDT,online
RHUSDT,rH,USDT,online
RHUTUSDT,rHUT,USDT,online
RHWCUSDT,rHWC,USDT,online
RHWKNUSDT,rHWKN,USDT,online
RHWMUSDT,rHWM,USDT,online
RHXLUSDT,rHXL,USDT,online
RHYGUSDT,rHYG,USDT,online
RHYMCUSDT,rHYMC,USDT,online
RHYSUSDT,rHYS,USDT,online
RIAGUSDT,rIAG,USDT,online
RIAUUSDT,rIAU,USDT,online
RIAUXUSDT,rIAUX,USDT,online
RIBBUSDT,rIBB,USDT,online
RIBITUSDT,rIBIT,USDT,online
RIBKRUSDT,rIBKR,USDT,online
RIBMUSDT,rIBM,USDT,online
RIBOCUSDT,rIBOC,USDT,online
RIBPUSDT,rIBP,USDT,online
RIBRXUSDT,rIBRX,USDT,online
RICEUSDT,rICE,USDT,online
RICFIUSDT,rICFI,USDT,online
RICHRUSDT,rICHR,USDT,online
RICLNUSDT,rICLN,USDT,online
RICLRUSDT,rICLR,USDT,online
RICLUSDT,rICL,USDT,online
RICUIUSDT,rICUI,USDT,online
RIDAUSDT,rIDA,USDT,online
RIDCCUSDT,rIDCC,USDT,online
RIDEVUSDT,rIDEV,USDT,online
RIDTUSDT,rIDT,USDT,online
RIDXXUSDT,rIDXX,USDT,online
RIDYAUSDT,rIDYA,USDT,online
RIEFAUSDT,rIEFA,USDT,online
RIEFUSDT,rIEF,USDT,online
RIEIUSDT,rIEI,USDT,online
RIEMGUSDT,rIEMG,USDT,online
RIEPUSDT,rIEP,USDT,online
RIESCUSDT,rIESC,USDT,online
RIEUSDT,rIE,USDT,online
RIEXUSDT,rIEX,USDT,online
RIFFUSDT,rIFF,USDT,online
RIFSUSDT,rIFS,USDT,online
RIGIBUSDT,rIGIB,USDT,online
RIGSBUSDT,rIGSB,USDT,online
RIGVUSDT,rIGV,USDT,online
RIHGUSDT,rIHG,USDT,online
RIHSUSDT,rIHS,USDT,online
RIIPRUSDT,rIIPR,USDT,online
RIJHUSDT,rIJH,USDT,online
RIJRUSDT,rIJR,USDT,online
RILFUSDT,rILF,USDT,online
RILMNUSDT,rILMN,USDT,online
RIMAXUSDT,rIMAX,USDT,online
RIMCRUSDT,rIMCR,USDT,online
RIMKTAUSDT,rIMKTA,USDT,online
RIMNMUSDT,rIMNM,USDT,online
RIMOSUSDT,rIMOS,USDT,online
RIMOUSDT,rIMO,USDT,online
RIMVTUSDT,rIMVT,USDT,online
RINBXUSDT,rINBX,USDT,online
RINCEUSDT,rINCE,USDT,online
RINCYUSDT,rINCY,USDT,online
RINDAUSDT,rINDA,USDT,online
RINDBUSDT,rINDB,USDT,online
RINDVUSDT,rINDV,USDT,online
RINFQUSDT,rINFQ,USDT,online
RINFYUSDT,rINFY,USDT,online
RINGMUSDT,rINGM,USDT,online
RINGRUSDT,rINGR,USDT,online
RINNVUSDT,rINNV,USDT,online
RINODUSDT,rINOD,USDT,online
RINSMUSDT,rINSM,USDT,online
RINSPUSDT,rINSP,USDT,online
RINSWUSDT,rINSW,USDT,online
RINTAUSDT,rINTA,USDT,online
RINTCUSDT,rINTC,USDT,online
RINTRUSDT,rINTR,USDT,online
RINTUUSDT,rINTU,USDT,online
RINVAUSDT,rINVA,USDT,online
RINVHUSDT,rINVH,USDT,online
RINVXUSDT,rINVX,USDT,online
RIONDUSDT,rIOND,USDT,online
RIONQUSDT,rIONQ,USDT,online
RIONSUSDT,rIONS,USDT,online
RIOSPUSDT,rIOSP,USDT,online
RIOVAUSDT,rIOVA,USDT,online
RIPARUSDT,rIPAR,USDT,online
RIPGPUSDT,rIPGP,USDT,online
RIPUSDT,rIP,USDT,online
RIQLTUSDT,rIQLT,USDT,online
RIQMMUSDT,rIQMM,USDT,online
RIQMXUSDT,rIQMX,USDT,online
RIQQQUSDT,rIQQQ,USDT,online
RIQVUSDT,rIQV,USDT,online
RIRDMUSDT,rIRDM,USDT,online
RIRENUSDT,rIREN,USDT,online
RIRMUSDT,rIRM,USDT,online
RIRONUSDT,rIRON,USDT,online
RIRTCUSDT,rIRTC,USDT,online
RIRTUSDT,rIRT,USDT,online
RIRUSDT,rIR,USDT,online
RISRGUSDT,rISRG,USDT,online
RITAUSDT,rITA,USDT,online
RITBUSDT,rITB,USDT,online
RITGRUSDT,rITGR,USDT,online
RITGUSDT,rITG,USDT,online
RITOTUSDT,rITOT,USDT,online
RITRIUSDT,rITRI,USDT,online
RITTUSDT,rITT,USDT,online
RITUSDT,rIT,USDT,online
RITWUSDT,rITW,USDT,online
RIUSBUSDT,rIUSB,USDT,online
RIUSGUSDT,rIUSG,USDT,online
RIUSVUSDT,rIUSV,USDT,online
RIVEUSDT,rIVE,USDT,online
RIVTUSDT,rIVT,USDT,online
RIVVUSDT,rIVV,USDT,online
RIVWUSDT,rIVW,USDT,online
RIVZUSDT,rIVZ,USDT,online
RIWBUSDT,rIWB,USDT,online
RIWDUSDT,rIWD,USDT,online
RIWFUSDT,rIWF,USDT,online
RIWMUSDT,rIWM,USDT,online
RIWNUSDT,rIWN,USDT,online
RIWOUSDT,rIWO,USDT,online
RIWPUSDT,rIWP,USDT,online
RIWRUSDT,rIWR,USDT,online
RIWSUSDT,rIWS,USDT,online
RIXUSDT,rIX,USDT,online
RIXUSUSDT,rIXUS,USDT,online
RIYEUSDT,rIYE,USDT,online
RIYRUSDT,rIYR,USDT,online
RIYWUSDT,rIYW,USDT,online
RJAAAUSDT,rJAAA,USDT,online
RJANUSDT,rJAN,USDT,online
RJAZZUSDT,rJAZZ,USDT,online
RJBHTUSDT,rJBHT,USDT,online
RJBLUSDT,rJBL,USDT,online
RJBLUUSDT,rJBLU,USDT,online
RJBSUSDT,rJBS,USDT,online
RJBTMUSDT,rJBTM,USDT,online
RJCIUSDT,rJCI,USDT,online
RJDUSDT,rJD,USDT,online
RJEFUSDT,rJEF,USDT,online
RJEPIUSDT,rJEPI,USDT,online
RJEPQUSDT,rJEPQ,USDT,online
RJETSUSDT,rJETS,USDT,online
RJHXUSDT,rJHX,USDT,online
RJJSFUSDT,rJJSF,USDT,online
RJKHYUSDT,rJKHY,USDT,online
RJLLUSDT,rJLL,USDT,online
RJMKEUSDT,rJMKE,USDT,online
RJNJUSDT,rJNJ,USDT,online
RJNKUSDT,rJNK,USDT,online
RJOBYUSDT,rJOBY,USDT,online
RJOEUSDT,rJOE,USDT,online
RJOYYUSDT,rJOYY,USDT,online
RJPIEUSDT,rJPIE,USDT,online
RJPMUSDT,rJPM,USDT,online
RJPSTUSDT,rJPST,USDT,online
RJSMUSDT,rJSM,USDT,online
RJUSDT,rJ,USDT,online
RJXNUSDT,rJXN,USDT,online
RKAIUSDT,rKAI,USDT,online
RKALUUSDT,rKALU,USDT,online
RKARDUSDT,rKARD,USDT,online
RKAROUSDT,rKARO,USDT,online
RKBHUSDT,rKBH,USDT,online
RKBRUSDT,rKBR,USDT,online
RKBUSDT,rKB,USDT,online
RKBWBUSDT,rKBWB,USDT,online
RKCUSDT,rKC,USDT,online
RKDPUSDT,rKDP,USDT,online
RKDUSDT,rKD,USDT,online
RKEELUSDT,rKEEL,USDT,online
RKENUSDT,rKEN,USDT,online
RKEPUSDT,rKEP,USDT,online
RKEXUSDT,rKEX,USDT,online
RKEYSUSDT,rKEYS,USDT,online
RKEYUSDT,rKEY,USDT,online
RKFYUSDT,rKFY,USDT,online
RKGCUSDT,rKGC,USDT,online
RKGSUSDT,rKGS,USDT,online
RKHCUSDT,rKHC,USDT,online
RKIEUSDT,rKIE,USDT,online
RKIMUSDT,rKIM,USDT,online
RKKRUSDT,rKKR,USDT,online
RKLACUSDT,rKLAC,USDT,online
RKLARUSDT,rKLAR,USDT,online
RKLICUSDT,rKLIC,USDT,online
RKLMNUSDT,rKLMN,USDT,online
RKLRAUSDT,rKLRA,USDT,online
RKMBUSDT,rKMB,USDT,online
RKMIUSDT,rKMI,USDT,online
RKMPRUSDT,rKMPR,USDT,online
RKMTUSDT,rKMT,USDT,online
RKMXUSDT,rKMX,USDT,online
RKNFUSDT,rKNF,USDT,online
RKNSAUSDT,rKNSA,USDT,online
RKNSLUSDT,rKNSL,USDT,online
RKNTKUSDT,rKNTK,USDT,online
RKNUSDT,rKN,USDT,online
RKNXUSDT,rKNX,USDT,online
RKODUSDT,rKOD,USDT,online
RKOFUSDT,rKOF,USDT,online
RKOSUSDT,rKOS,USDT,online
RKOUSDT,rKO,USDT,online
RKRCUSDT,rKRC,USDT,online
RKREUSDT,rKRE,USDT,online
RKRGUSDT,rKRG,USDT,online
RKRMNUSDT,rKRMN,USDT,online
RKRPUSDT,rKRP,USDT,online
RKRSAUSDT,rKRSA,USDT,online
RKRUSDT,rKR,USDT,online
RKRYSUSDT,rKRYS,USDT,online
RKSPIUSDT,rKSPI,USDT,online
RKSSUSDT,rKSS,USDT,online
RKSTRUSDT,rKSTR,USDT,online
RKTBUSDT,rKTB,USDT,online
RKTOSUSDT,rKTOS,USDT,online
RKTUSDT,rKT,USDT,online
RKVUEUSDT,rKVUE,USDT,online
RKVYOUSDT,rKVYO,USDT,online
RKWEBUSDT,rKWEB,USDT,online
RKWRUSDT,rKWR,USDT,online
RKYIVUSDT,rKYIV,USDT,online
RKYMRUSDT,rKYMR,USDT,online
RLABDUSDT,rLABD,USDT,online
RLABUUSDT,rLABU,USDT,online
RLADUSDT,rLAD,USDT,online
RLAMRUSDT,rLAMR,USDT,online
RLASRUSDT,rLASR,USDT,online
RLAURUSDT,rLAUR,USDT,online
RLAZRUSDT,rLAZR,USDT,online
RLAZUSDT,rLAZ,USDT,online
RLBRTUSDT,rLBRT,USDT,online
RLBRXUSDT,rLBRX,USDT,online
RLBTYAUSDT,rLBTYA,USDT,online
RLBTYBUSDT,rLBTYB,USDT,online
RLBTYKUSDT,rLBTYK,USDT,online
RLBUSDT,rLB,USDT,online
RLCIDUSDT,rLCID,USDT,online
RLCIIUSDT,rLCII,USDT,online
RLCLNUSDT,rLCLN,USDT,online
RLCTUUSDT,rLCTU,USDT,online
RLDOSUSDT,rLDOS,USDT,online
RLEAUSDT,rLEA,USDT,online
RLECOUSDT,rLECO,USDT,online
RLEGNUSDT,rLEGN,USDT,online
RLENUSDT,rLEN,USDT,online
RLEUUSDT,rLEU,USDT,online
RLEVIUSDT,rLEVI,USDT,online
RLFTOUSDT,rLFTO,USDT,online
RLFUSUSDT,rLFUS,USDT,online
RLGHLUSDT,rLGHL,USDT,online
RLGNDUSDT,rLGND,USDT,online
RLGNUSDT,rLGN,USDT,online
RLHUSDT,rLH,USDT,online
RLHXUSDT,rLHX,USDT,online
RLIFEUSDT,rLIFE,USDT,online
RLIFUSDT,rLIF,USDT,online
RLIIUSDT,rLII,USDT,online
RLILAKUSDT,rLILAK,USDT,online
RLILAUSDT,rLILA,USDT,online
RLIMEUSDT,rLIME,USDT,online
RLINDUSDT,rLIND,USDT,online
RLINUSDT,rLIN,USDT,online
RLIONUSDT,rLION,USDT,online
RLITEUSDT,rLITE,USDT,online
RLITUSDT,rLIT,USDT,online
RLIUSDT,rLI,USDT,online
RLIVNUSDT,rLIVN,USDT,online
RLKFNUSDT,rLKFN,USDT,online
RLKFTUSDT,rLKFT,USDT,online
RLKQUSDT,rLKQ,USDT,online
RLLYUSDT,rLLY,USDT,online
RLLYVAUSDT,rLLYVA,USDT,online
RLLYVKUSDT,rLLYVK,USDT,online
RLMATUSDT,rLMAT,USDT,online
RLMNDUSDT,rLMND,USDT,online
RLMTUSDT,rLMT,USDT,online
RLNCUSDT,rLNC,USDT,online
RLNGUSDT,rLNG,USDT,online
RLNTHUSDT,rLNTH,USDT,online
RLNTUSDT,rLNT,USDT,online
RLOARUSDT,rLOAR,USDT,online
RLOBUSDT,rLOB,USDT,online
RLOGIUSDT,rLOGI,USDT,online
RLOPEUSDT,rLOPE,USDT,online
RLOWUSDT,rLOW,USDT,online
RLPGUSDT,rLPG,USDT,online
RLPLAUSDT,rLPLA,USDT,online
RLPLUSDT,rLPL,USDT,online
RLPTHUSDT,rLPTH,USDT,online
RLPXUSDT,rLPX,USDT,online
RLQDAUSDT,rLQDA,USDT,online
RLQDUSDT,rLQD,USDT,online
RLRCXUSDT,rLRCX,USDT,online
RLRNUSDT,rLRN,USDT,online
RLSCCUSDT,rLSCC,USDT,online
RLSTRUSDT,rLSTR,USDT,online
RLTCUSDT,rLTC,USDT,online
RLTGOUSDT,rLTGO,USDT,online
RLTHUSDT,rLTH,USDT,online
RLTMUSDT,rLTM,USDT,online
RLULUUSDT,rLULU,USDT,online
RLUMNUSDT,rLUMN,USDT,online
RLUNRUSDT,rLUNR,USDT,online
RLUSDT,rL,USDT,online
RLUVUSDT,rLUV,USDT,online
RLVSUSDT,rLVS,USDT,online
RLWLGUSDT,rLWLG,USDT,online
RLWUSDT,rLW,USDT,online
RLXPUSDT,rLXP,USDT,online
RLYBUSDT,rLYB,USDT,online
RLYFTUSDT,rLYFT,USDT,online
RLYNXUSDT,rLYNX,USDT,online
RLYTEUSDT,rLYTE,USDT,online
RLYVUSDT,rLYV,USDT,online
RMAASUSDT,rMAAS,USDT,online
RMAAUSDT,rMAA,USDT,online
RMACUSDT,rMAC,USDT,online
RMAGSUSDT,rMAGS,USDT,online
RMAINUSDT,rMAIN,USDT,online
RMAIRUSDT,rMAIR,USDT,online
RMANEUSDT,rMANE,USDT,online
RMANHUSDT,rMANH,USDT,online
RMANUSDT,rMAN,USDT,online
RMANUUSDT,rMANU,USDT,online
RMARAUSDT,rMARA,USDT,online
RMARUSDT,rMAR,USDT,online
RMASUSDT,rMAS,USDT,online
RMATUSDT,rMAT,USDT,online
RMATXUSDT,rMATX,USDT,online
RMAUSDT,rMA,USDT,online
RMBBUSDT,rMBB,USDT,online
RMBCUSDT,rMBC,USDT,online
RMBGLUSDT,rMBGL,USDT,online
RMBINUSDT,rMBIN,USDT,online
RMBLYUSDT,rMBLY,USDT,online
RMBXUSDT,rMBX,USDT,online
RMCDUSDT,rMCD,USDT,online
RMCHBUSDT,rMCHB,USDT,online
RMCHIUSDT,rMCHI,USDT,online
RMCHPUSDT,rMCHP,USDT,online
RMCKUSDT,rMCK,USDT,online
RMCOUSDT,rMCO,USDT,online
RMCRIUSDT,rMCRI,USDT,online
RMCUSDT,rMC,USDT,online
RMCYUSDT,rMCY,USDT,online
RMDAUSDT,rMDA,USDT,online
RMDBUSDT,rMDB,USDT,online
RMDGLUSDT,rMDGL,USDT,online
RMDLNUSDT,rMDLN,USDT,online
RMDLZUSDT,rMDLZ,USDT,online
RMDTUSDT,rMDT,USDT,online
RMDUSDT,rMD,USDT,online
RMDUUSDT,rMDU,USDT,online
RMDYUSDT,rMDY,USDT,online
RMEDPUSDT,rMEDP,USDT,online
RMELIUSDT,rMELI,USDT,online
RMESOUSDT,rMESO,USDT,online
RMETAUSDT,rMETA,USDT,online
RMETUSDT,rMET,USDT,online
RMETUUSDT,rMETU,USDT,online
RMFCUSDT,rMFC,USDT,online
RMFPUSDT,rMFP,USDT,online
RMGAUSDT,rMGA,USDT,online
RMGEEUSDT,rMGEE,USDT,online
RMGKUSDT,rMGK,USDT,online
RMGMUSDT,rMGM,USDT,online
RMGNIUSDT,rMGNI,USDT,online
RMGRCUSDT,rMGRC,USDT,online
RMGRTUSDT,rMGRT,USDT,online
RMGYUSDT,rMGY,USDT,online
RMHKUSDT,rMHK,USDT,online
RMHOUSDT,rMHO,USDT,online
RMHUSDT,rMH,USDT,online
RMIAXUSDT,rMIAX,USDT,online
RMICCUSDT,rMICC,USDT,online
RMIDDUSDT,rMIDD,USDT,online
RMINTUSDT,rMINT,USDT,online
RMIRMUSDT,rMIRM,USDT,online
RMIRUSDT,rMIR,USDT,online
RMKCUSDT,rMKC,USDT,online
RMKLUSDT,rMKL,USDT,online
RMKSIUSDT,rMKSI,USDT,online
RMLCOUSDT,rMLCO,USDT,online
RMLIUSDT,rMLI,USDT,online
RMLKNUSDT,rMLKN,USDT,online
RMLMUSDT,rMLM,USDT,online
RMLYSUSDT,rMLYS,USDT,online
RMMEDUSDT,rMMED,USDT,online
RMMMUSDT,rMMM,USDT,online
RMMSIUSDT,rMMSI,USDT,online
RMMSUSDT,rMMS,USDT,online
RMMYTUSDT,rMMYT,USDT,online
RMNDYUSDT,rMNDY,USDT,online
RMNSOUSDT,rMNSO,USDT,online
RMNSTUSDT,rMNST,USDT,online
RMODUSDT,rMOD,USDT,online
RMOHUSDT,rMOH,USDT,online
RMORNUSDT,rMORN,USDT,online
RMOSUSDT,rMOS,USDT,online
RMOUSDT,rMO,USDT,online
RMPCUSDT,rMPC,USDT,online
RMPLXUSDT,rMPLX,USDT,online
RMPTUSDT,rMPT,USDT,online
RMPUSDT,rMP,USDT,online
RMPWRUSDT,rMPWR,USDT,online
RMQUSDT,rMQ,USDT,online
RMRCYUSDT,rMRCY,USDT,online
RMRKUSDT,rMRK,USDT,online
RMRNAUSDT,rMRNA,USDT,online
RMRPUSDT,rMRP,USDT,online
RMRSHUSDT,rMRSH,USDT,online
RMRVIUSDT,rMRVI,USDT,online
RMRVLUSDT,rMRVL,USDT,online
RMRXUSDT,rMRX,USDT,online
RMSAUSDT,rMSA,USDT,online
RMSCIUSDT,rMSCI,USDT,online
RMSFTUSDT,rMSFT,USDT,online
RMSFUUSDT,rMSFU,USDT,online
RMSGEUSDT,rMSGE,USDT,online
RMSGSUSDT,rMSGS,USDT,online
RMSIUSDT,rMSI,USDT,online
RMSMUSDT,rMSM,USDT,online
RMSTRUSDT,rMSTR,USDT,online
RMSTUUSDT,rMSTU,USDT,online
RMSTZUSDT,rMSTZ,USDT,online
RMSUSDT,rMS,USDT,online
RMTBUSDT,rMTB,USDT,online
RMTCHUSDT,rMTCH,USDT,online
RMTDRUSDT,rMTDR,USDT,online
RMTDUSDT,rMTD,USDT,online
RMTGUSDT,rMTG,USDT,online
RMTHUSDT,rMTH,USDT,online
RMTNUSDT,rMTN,USDT,online
RMTRNUSDT,rMTRN,USDT,online
RMTSIUSDT,rMTSI,USDT,online
RMTUMUSDT,rMTUM,USDT,online
RMTUSDT,rMT,USDT,online
RMTXUSDT,rMTX,USDT,online
RMTZUSDT,rMTZ,USDT,online
RMUBUSDT,rMUB,USDT,online
RMUDUSDT,rMUD,USDT,online
RMULLUSDT,rMULL,USDT,online
RMURUSDT,rMUR,USDT,online
RMUSAUSDT,rMUSA,USDT,online
RMUSDT,rM,USDT,online
RMUUSDT,rMU,USDT,online
RMVLLUSDT,rMVLL,USDT,online
RMWAUSDT,rMWA,USDT,online
RMWHUSDT,rMWH,USDT,online
RMXLUSDT,rMXL,USDT,online
RMYRGUSDT,rMYRG,USDT,online
RMZTIUSDT,rMZTI,USDT,online
RNAKAUSDT,rNAKA,USDT,online
RNAMSUSDT,rNAMS,USDT,online
RNASAUSDT,rNASA,USDT,online
RNATLUSDT,rNATL,USDT,online
RNATUSDT,rNAT,USDT,online
RNAVNUSDT,rNAVN,USDT,online
RNBHCUSDT,rNBHC,USDT,online
RNBISUSDT,rNBIS,USDT,online
RNBIXUSDT,rNBIX,USDT,online
RNBRUSDT,rNBR,USDT,online
RNBTBUSDT,rNBTB,USDT,online
RNBTXUSDT,rNBTX,USDT,online
RNCLHUSDT,rNCLH,USDT,online
RNCNOUSDT,rNCNO,USDT,online
RNDAQUSDT,rNDAQ,USDT,online
RNDSNUSDT,rNDSN,USDT,online
RNEEUSDT,rNEE,USDT,online
RNEMUSDT,rNEM,USDT,online
RNEOGUSDT,rNEOG,USDT,online
RNEOUSDT,rNEO,USDT,online
RNESRUSDT,rNESR,USDT,online
RNETUSDT,rNET,USDT,online
RNEUSDT,rNE,USDT,online
RNEUUSDT,rNEU,USDT,online
RNEXAUSDT,rNEXA,USDT,online
RNEXTUSDT,rNEXT,USDT,online
RNFGUSDT,rNFG,USDT,online
RNFLXUSDT,rNFLX,USDT,online
RNGUSDT,rNG,USDT,online
RNGVTUSDT,rNGVT,USDT,online
RNHCUSDT,rNHC,USDT,online
RNHIUSDT,rNHI,USDT,online
RNICEUSDT,rNICE,USDT,online
RNICUSDT,rNIC,USDT,online
RNIKLUSDT,rNIKL,USDT,online
RNIOUSDT,rNIO,USDT,online
RNIUSDT,rNI,USDT,online
RNJRUSDT,rNJR,USDT,online
RNKEUSDT,rNKE,USDT,online
RNKTRUSDT,rNKTR,USDT,online
RNLYUSDT,rNLY,USDT,online
RNMAXUSDT,rNMAX,USDT,online
RNMIHUSDT,rNMIH,USDT,online
RNMMUSDT,rNMM,USDT,online
RNMRKUSDT,rNMRK,USDT,online
RNMRUSDT,rNMR,USDT,online
RNNEUSDT,rNNE,USDT,online
RNNIUSDT,rNNI,USDT,online
RNNNUSDT,rNNN,USDT,online
RNNUSDT,rNN,USDT,online
RNOCUSDT,rNOC,USDT,online
RNOGUSDT,rNOG,USDT,online
RNOKUSDT,rNOK,USDT,online
RNOMDUSDT,rNOMD,USDT,online
RNOVTUSDT,rNOVT,USDT,online
RNOVUSDT,rNOV,USDT,online
RNOWUSDT,rNOW,USDT,online
RNPOUSDT,rNPO,USDT,online
RNPUSDT,rNP,USDT,online
RNRGUSDT,rNRG,USDT,online
RNRIXUSDT,rNRIX,USDT,online
RNSCUSDT,rNSC,USDT,online
RNSPUSDT,rNSP,USDT,online
RNTAPUSDT,rNTAP,USDT,online
RNTBUSDT,rNTB,USDT,online
RNTCTUSDT,rNTCT,USDT,online
RNTESUSDT,rNTES,USDT,online
RNTLAUSDT,rNTLA,USDT,online
RNTNXUSDT,rNTNX,USDT,online
RNTRAUSDT,rNTRA,USDT,online
RNTRSOUSDT,rNTRSO,USDT,online
RNTRSUSDT,rNTRS,USDT,online
RNTSKUSDT,rNTSK,USDT,online
RNTSTUSDT,rNTST,USDT,online
RNUEUSDT,rNUE,USDT,online
RNUTXUSDT,rNUTX,USDT,online
RNUUSDT,rNU,USDT,online
RNUVBUSDT,rNUVB,USDT,online
RNVAXUSDT,rNVAX,USDT,online
RNVCRUSDT,rNVCR,USDT,online
RNVDAUSDT,rNVDA,USDT,online
RNVDLUSDT,rNVDL,USDT,online
RNVDUSDT,rNVD,USDT,online
RNVDXUSDT,rNVDX,USDT,online
RNVGSUSDT,rNVGS,USDT,online
RNVMIUSDT,rNVMI,USDT,online
RNVOUSDT,rNVO,USDT,online
RNVRUSDT,rNVR,USDT,online
RNVSTUSDT,rNVST,USDT,online
RNVSUSDT,rNVS,USDT,online
RNVTSUSDT,rNVTS,USDT,online
RNVTUSDT,rNVT,USDT,online
RNWBIUSDT,rNWBI,USDT,online
RNWEUSDT,rNWE,USDT,online
RNWGUSDT,rNWG,USDT,online
RNWLUSDT,rNWL,USDT,online
RNWNUSDT,rNWN,USDT,online
RNWSAUSDT,rNWSA,USDT,online
RNWSUSDT,rNWS,USDT,online
RNXEUSDT,rNXE,USDT,online
RNXPIUSDT,rNXPI,USDT,online
RNXSTUSDT,rNXST,USDT,online
RNXTUSDT,rNXT,USDT,online
RNYAXUSDT,rNYAX,USDT,online
RNYTUSDT,rNYT,USDT,online
ROBDCUSDT,rOBDC,USDT,online
ROBKUSDT,rOBK,USDT,online
ROCFCUSDT,rOCFC,USDT,online
ROCTVUSDT,rOCTV,USDT,online
ROCULUSDT,rOCUL,USDT,online
ROCUSDT,rOC,USDT,online
RODFLUSDT,rODFL,USDT,online
ROEFUSDT,rOEF,USDT,online
ROFGUSDT,rOFG,USDT,online
ROGCUSDT,rOGC,USDT,online
ROGEUSDT,rOGE,USDT,online
ROGNUSDT,rOGN,USDT,online
ROGSUSDT,rOGS,USDT,online
ROHIUSDT,rOHI,USDT,online
ROIHUSDT,rOIH,USDT,online
ROIIUSDT,rOII,USDT,online
ROKEUSDT,rOKE,USDT,online
ROKLOUSDT,rOKLO,USDT,online
ROKTAUSDT,rOKTA,USDT,online
ROLEDUSDT,rOLED,USDT,online
ROLLIUSDT,rOLLI,USDT,online
ROLNUSDT,rOLN,USDT,online
ROMABUSDT,rOMAB,USDT,online
ROMCLUSDT,rOMCL,USDT,online
ROMCUSDT,rOMC,USDT,online
ROMFUSDT,rOMF,USDT,online
RONBUSDT,rONB,USDT,online
RONCUSDT,rONC,USDT,online
RONDSUSDT,rONDS,USDT,online
RONONUSDT,rONON,USDT,online
RONTOUSDT,rONTO,USDT,online
RONUSDT,rON,USDT,online
ROPCHUSDT,rOPCH,USDT,online
ROPENUSDT,rOPEN,USDT,online
ROPLNUSDT,rOPLN,USDT,online
ROPRAUSDT,rOPRA,USDT,online
RORAUSDT,rORA,USDT,online
RORCLUSDT,rORCL,USDT,online
RORCXUSDT,rORCX,USDT,online
RORIUSDT,rORI,USDT,online
RORKAUSDT,rORKA,USDT,online
RORLYUSDT,rORLY,USDT,online
RORUSDT,rOR,USDT,online
ROSCRUSDT,rOSCR,USDT,online
ROSISUSDT,rOSIS,USDT,online
ROSKUSDT,rOSK,USDT,online
ROSSUSDT,rOSS,USDT,online
ROSWUSDT,rOSW,USDT,online
ROTEXUSDT,rOTEX,USDT,online
ROTFUSDT,rOTF,USDT,online
ROTISUSDT,rOTIS,USDT,online
ROTTRUSDT,rOTTR,USDT,online
ROUSDT,rO,USDT,online
ROUSTUSDT,rOUST,USDT,online
ROUTUSDT,rOUT,USDT,online
ROVVUSDT,rOVV,USDT,online
ROWLUSDT,rOWL,USDT,online
ROXYUSDT,rOXY,USDT,online
ROZKUSDT,rOZK,USDT,online
RPAASUSDT,rPAAS,USDT,online
RPAAUSDT,rPAA,USDT,online
RPACSUSDT,rPACS,USDT,online
RPACUSDT,rPAC,USDT,online
RPAGPUSDT,rPAGP,USDT,online
RPAGSUSDT,rPAGS,USDT,online
RPAGUSDT,rPAG,USDT,online
RPAHCUSDT,rPAHC,USDT,online
RPALLUSDT,rPALL,USDT,online
RPAMUSDT,rPAM,USDT,online
RPANWUSDT,rPANW,USDT,online
RPARRUSDT,rPARR,USDT,online
RPATHUSDT,rPATH,USDT,online
RPATKUSDT,rPATK,USDT,online
RPAVEUSDT,rPAVE,USDT,online
RPAXUSDT,rPAX,USDT,online
RPAYCUSDT,rPAYC,USDT,online
RPAYOUSDT,rPAYO,USDT,online
RPAYPUSDT,rPAYP,USDT,online
RPAYXUSDT,rPAYX,USDT,online
RPBAUSDT,rPBA,USDT,online
RPBFUSDT,rPBF,USDT,online
RPBHUSDT,rPBH,USDT,online
RPBIUSDT,rPBI,USDT,online
RPBRUSDT,rPBR,USDT,online
RPBTUSDT,rPBT,USDT,online
RPBUSDT,rPB,USDT,online
RPCARUSDT,rPCAR,USDT,online
RPCGUSDT,rPCG,USDT,online
RPCORUSDT,rPCOR,USDT,online
RPCTYUSDT,rPCTY,USDT,online
RPCVXUSDT,rPCVX,USDT,online
RPDBCUSDT,rPDBC,USDT,online
RPDDUSDT,rPDD,USDT,online
RPDFSUSDT,rPDFS,USDT,online
RPEBOUSDT,rPEBO,USDT,online
RPEBUSDT,rPEB,USDT,online
RPECOUSDT,rPECO,USDT,online
RPEGAUSDT,rPEGA,USDT,online
RPEGUSDT,rPEG,USDT,online
RPENGUSDT,rPENG,USDT,online
RPENNUSDT,rPENN,USDT,online
RPENUSDT,rPEN,USDT,online
RPEPUSDT,rPEP,USDT,online
RPFEUSDT,rPFE,USDT,online
RPFGCUSDT,rPFGC,USDT,online
RPFGUSDT,rPFG,USDT,online
RPFHUSDT,rPFH,USDT,online
RPFSIUSDT,rPFSI,USDT,online
RPFSUSDT,rPFS,USDT,online
RPGENUSDT,rPGEN,USDT,online
RPGNYUSDT,rPGNY,USDT,online
RPGRUSDT,rPGR,USDT,online
RPGUSDT,rPG,USDT,online
RPGYUSDT,rPGY,USDT,online
RPHGUSDT,rPHG,USDT,online
RPHINUSDT,rPHIN,USDT,online
RPHIUSDT,rPHI,USDT,online
RPHMUSDT,rPHM,USDT,online
RPHUSDT,rPH,USDT,online
RPHVSUSDT,rPHVS,USDT,online
RPHYSUSDT,rPHYS,USDT,online
RPIIUSDT,rPII,USDT,online
RPINSUSDT,rPINS,USDT,online
RPIPRUSDT,rPIPR,USDT,online
RPIUSDT,rPI,USDT,online
RPJTUSDT,rPJT,USDT,online
RPKGUSDT,rPKG,USDT,online
RPKUSDT,rPK,USDT,online
RPKXUSDT,rPKX,USDT,online
RPLABUSDT,rPLAB,USDT,online
RPLBLUSDT,rPLBL,USDT,online
RPLDUSDT,rPLD,USDT,online
RPLGOUSDT,rPLGO,USDT,online
RPLMRUSDT,rPLMR,USDT,online
RPLNTUSDT,rPLNT,USDT,online
RPLPCUSDT,rPLPC,USDT,online
RPLSEUSDT,rPLSE,USDT,online
RPLTDUSDT,rPLTD,USDT,online
RPLTRUSDT,rPLTR,USDT,online
RPLTUUSDT,rPLTU,USDT,online
RPLUGUSDT,rPLUG,USDT,online
RPLUSUSDT,rPLUS,USDT,online
RPLXSUSDT,rPLXS,USDT,online
RPMUSDT,rPM,USDT,online
RPNCUSDT,rPNC,USDT,online
RPNFPUSDT,rPNFP,USDT,online
RPNRUSDT,rPNR,USDT,online
RPNWUSDT,rPNW,USDT,online
RPODDUSDT,rPODD,USDT,online
RPOETUSDT,rPOET,USDT,online
RPONYUSDT,rPONY,USDT,online
RPOOLUSDT,rPOOL,USDT,online
RPORUSDT,rPOR,USDT,online
RPOSTUSDT,rPOST,USDT,online
RPOWIUSDT,rPOWI,USDT,online
RPOWLUSDT,rPOWL,USDT,online
RPPCUSDT,rPPC,USDT,online
RPPGUSDT,rPPG,USDT,online
RPPLIUSDT,rPPLI,USDT,online
RPPLTUSDT,rPPLT,USDT,online
RPPLUSDT,rPPL,USDT,online
RPPTAUSDT,rPPTA,USDT,online
RPRAXUSDT,rPRAX,USDT,online
RPRCHUSDT,rPRCH,USDT,online
RPRDOUSDT,rPRDO,USDT,online
RPRGOUSDT,rPRGO,USDT,online
RPRGSUSDT,rPRGS,USDT,online
RPRGUSDT,rPRG,USDT,online
RPRIMUSDT,rPRIM,USDT,online
RPRIUSDT,rPRI,USDT,online
RPRKSUSDT,rPRKS,USDT,online
RPRKUSDT,rPRK,USDT,online
RPRLBUSDT,rPRLB,USDT,online
RPRMBUSDT,rPRMB,USDT,online
RPRMUSDT,rPRM,USDT,online
RPRUSDT,rPR,USDT,online
RPRUUSDT,rPRU,USDT,online
RPRVAUSDT,rPRVA,USDT,online
RPSAUSDT,rPSA,USDT,online
RPSKYUSDT,rPSKY,USDT,online
RPSLVUSDT,rPSLV,USDT,online
RPSMTUSDT,rPSMT,USDT,online
RPSNLUSDT,rPSNL,USDT,online
RPSNUSDT,rPSN,USDT,online
RPSOUSDT,rPSO,USDT,online
RPSQLUSDT,rPSQL,USDT,online
RPSQUSDT,rPSQ,USDT,online
RPSUSDT,rPS,USDT,online
RPSXUSDT,rPSX,USDT,online
RPTCTUSDT,rPTCT,USDT,online
RPTGXUSDT,rPTGX,USDT,online
RPTONUSDT,rPTON,USDT,online
RPTRNUSDT,rPTRN,USDT,online
RPUKUSDT,rPUK,USDT,online
RPUMPUSDT,rPUMP,USDT,online
RPURRUSDT,rPURR,USDT,online
RPUSDT,rP,USDT,online
RPVHUSDT,rPVH,USDT,online
RPVLAUSDT,rPVLA,USDT,online
RPWRUSDT,rPWR,USDT,online
RPYLDUSDT,rPYLD,USDT,online
RPYPLUSDT,rPYPL,USDT,online
RQBTSUSDT,rQBTS,USDT,online
RQCOMUSDT,rQCOM,USDT,online
RQCRHUSDT,rQCRH,USDT,online
RQGENUSDT,rQGEN,USDT,online
RQIDUSDT,rQID,USDT,online
RQLDUSDT,rQLD,USDT,online
RQLYSUSDT,rQLYS,USDT,online
RQQQIUSDT,rQQQI,USDT,online
RQQQMUSDT,rQQQM,USDT,online
RQQQUSDT,rQQQ,USDT,online
RQRVOUSDT,rQRVO,USDT,online
RQSRUSDT,rQSR,USDT,online
RQSUSDT,rQS,USDT,online
RQTWOUSDT,rQTWO,USDT,online
RQUALUSDT,rQUAL,USDT,online
RQUBTUSDT,rQUBT,USDT,online
RQUREUSDT,rQURE,USDT,online
RQUSDT,rQ,USDT,online
RQXOUSDT,rQXO,USDT,online
RQYLDUSDT,rQYLD,USDT,online
RRACEUSDT,rRACE,USDT,online
RRALUSDT,rRAL,USDT,online
RRAMPUSDT,rRAMP,USDT,online
RRAMUSDT,rRAM,USDT,online
RRAPPUSDT,rRAPP,USDT,online
RRAREUSDT,rRARE,USDT,online
RRBAUSDT,rRBA,USDT,online
RRBCAAUSDT,rRBCAA,USDT,online
RRBCUSDT,rRBC,USDT,online
RRBLXUSDT,rRBLX,USDT,online
RRBRKUSDT,rRBRK,USDT,online
RRCATUSDT,rRCAT,USDT,online
RRCIUSDT,rRCI,USDT,online
RRCLUSDT,rRCL,USDT,online
RRCUSUSDT,rRCUS,USDT,online
RRDDTUSDT,rRDDT,USDT,online
RRDNTUSDT,rRDNT,USDT,online
RRDNUSDT,rRDN,USDT,online
RRDWUSDT,rRDW,USDT,online
RRDYUSDT,rRDY,USDT,online
RREGNUSDT,rREGN,USDT,online
RREGUSDT,rREG,USDT,online
RRELXUSDT,rRELX,USDT,online
RRELYUSDT,rRELY,USDT,online
RREMXUSDT,rREMX,USDT,online
RRESUSDT,rRES,USDT,online
RREXRUSDT,rREXR,USDT,online
RREXUSDT,rREX,USDT,online
RREYNUSDT,rREYN,USDT,online
RREZIUSDT,rREZI,USDT,online
RRFUSDT,rRF,USDT,online
RRGAUSDT,rRGA,USDT,online
RRGCUSDT,rRGC,USDT,online
RRGENUSDT,rRGEN,USDT,online
RRGTIUSDT,rRGTI,USDT,online
RRHIUSDT,rRHI,USDT,online
RRHPUSDT,rRHP,USDT,online
RRHUSDT,rRH,USDT,online
RRIGUSDT,rRIG,USDT,online
RRIOTUSDT,rRIOT,USDT,online
RRIOUSDT,rRIO,USDT,online
RRITMUSDT,rRITM,USDT,online
RRIVNUSDT,rRIVN,USDT,online
RRJFUSDT,rRJF,USDT,online
RRKLBUSDT,rRKLB,USDT,online
RRKTUSDT,rRKT,USDT,online
RRLAYUSDT,rRLAY,USDT,online
RRLIUSDT,rRLI,USDT,online
RRLJUSDT,rRLJ,USDT,online
RRLUSDT,rRL,USDT,online
RRLXUSDT,rRLX,USDT,online
RRMBSUSDT,rRMBS,USDT,online
RRMDUSDT,rRMD,USDT,online
RRNRUSDT,rRNR,USDT,online
RRNSTUSDT,rRNST,USDT,online
RRNWUSDT,rRNW,USDT,online
RROADUSDT,rROAD,USDT,online
RROCKUSDT,rROCK,USDT,online
RROGUSDT,rROG,USDT,online
RROIVUSDT,rROIV,USDT,online
RROKUSDT,rROK,USDT,online
RROKUUSDT,rROKU,USDT,online
RROLUSDT,rROL,USDT,online
RROPUSDT,rROP,USDT,online
RROSTUSDT,rROST,USDT,online
RRPMUSDT,rRPM,USDT,online
RRPRXUSDT,rRPRX,USDT,online
RRRCUSDT,rRRC,USDT,online
RRRRUSDT,rRRR,USDT,online
RRRXUSDT,rRRX,USDT,online
RRSGUSDT,rRSG,USDT,online
RRSIUSDT,rRSI,USDT,online
RRSPUSDT,rRSP,USDT,online
RRSUSDT,rRS,USDT,online
RRTOUSDT,rRTO,USDT,online
RRTXUSDT,rRTX,USDT,online
RRUMUSDT,rRUM,USDT,online
RRUNUSDT,rRUN,USDT,online
RRUSDT,rR,USDT,online
RRUSHAUSDT,rRUSHA,USDT,online
RRUSHBUSDT,rRUSHB,USDT,online
RRVLVUSDT,rRVLV,USDT,online
RRVMDUSDT,rRVMD,USDT,online
RRVTYUSDT,rRVTY,USDT,online
RRWMUSDT,rRWM,USDT,online
RRXOUSDT,rRXO,USDT,online
RRXRXUSDT,rRXRX,USDT,online
RRXTUSDT,rRXT,USDT,online
RRYANUSDT,rRYAN,USDT,online
RRYNUSDT,rRYN,USDT,online
RRYTMUSDT,rRYTM,USDT,online
RSAFTUSDT,rSAFT,USDT,online
RSAHUSDT,rSAH,USDT,online
RSAIAUSDT,rSAIA,USDT,online
RSAICUSDT,rSAIC,USDT,online
RSAILUSDT,rSAIL,USDT,online
RSAMUSDT,rSAM,USDT,online
RSANMUSDT,rSANM,USDT,online
RSAPUSDT,rSAP,USDT,online
RSAROUSDT,rSARO,USDT,online
RSATAUSDT,rSATA,USDT,online
RSAUSDT,rSA,USDT,online
RSBACUSDT,rSBAC,USDT,online
RSBCFUSDT,rSBCF,USDT,online
RSBETUSDT,rSBET,USDT,online
RSBHUSDT,rSBH,USDT,online
RSBLKUSDT,rSBLK,USDT,online
RSBRAUSDT,rSBRA,USDT,online
RSBSUSDT,rSBS,USDT,online
RSBSWUSDT,rSBSW,USDT,online
RSBUXUSDT,rSBUX,USDT,online
RSCCOUSDT,rSCCO,USDT,online
RSCHAUSDT,rSCHA,USDT,online
RSCHBUSDT,rSCHB,USDT,online
RSCHDUSDT,rSCHD,USDT,online
RSCHFUSDT,rSCHF,USDT,online
RSCHGUSDT,rSCHG,USDT,online
RSCHHUSDT,rSCHH,USDT,online
RSCHWUSDT,rSCHW,USDT,online
RSCHXUSDT,rSCHX,USDT,online
RSCIUSDT,rSCI,USDT,online
RSCLUSDT,rSCL,USDT,online
RSCZUSDT,rSCZ,USDT,online
RSDGRUSDT,rSDGR,USDT,online
RSDRLUSDT,rSDRL,USDT,online
RSDSUSDT,rSDS,USDT,online
RSEBUSDT,rSEB,USDT,online
RSEDGUSDT,rSEDG,USDT,online
RSEICUSDT,rSEIC,USDT,online
RSEIUSDT,rSEI,USDT,online
RSEPNUSDT,rSEPN,USDT,online
RSEUSDT,rSE,USDT,online
RSEZLUSDT,rSEZL,USDT,online
RSFBSUSDT,rSFBS,USDT,online
RSFBUSDT,rSFB,USDT,online
RSFDUSDT,rSFD,USDT,online
RSFLUSDT,rSFL,USDT,online
RSFMUSDT,rSFM,USDT,online
RSFNCUSDT,rSFNC,USDT,online
RSFUSDT,rSF,USDT,online
RSGHCUSDT,rSGHC,USDT,online
RSGIUSDT,rSGI,USDT,online
RSGOLUSDT,rSGOL,USDT,online
RSGOVUSDT,rSGOV,USDT,online
RSGRYUSDT,rSGRY,USDT,online
RSHAKUSDT,rSHAK,USDT,online
RSHAZUSDT,rSHAZ,USDT,online
RSHCUSDT,rSHC,USDT,online
RSHELUSDT,rSHEL,USDT,online
RSHGUSDT,rSHG,USDT,online
RSHOOUSDT,rSHOO,USDT,online
RSHOPUSDT,rSHOP,USDT,online
RSHOUSDT,rSHO,USDT,online
RSHUSDT,rSH,USDT,online
RSHVUSDT,rSHV,USDT,online
RSHWUSDT,rSHW,USDT,online
RSHYUSDT,rSHY,USDT,online
RSIDUSDT,rSID,USDT,online
RSIGIUSDT,rSIGI,USDT,online
RSIGUSDT,rSIG,USDT,online
RSIIUSDT,rSII,USDT,online
RSILUSDT,rSIL,USDT,online
RSIMOUSDT,rSIMO,USDT,online
RSIMUSDT,rSIM,USDT,online
RSINDUSDT,rSIND,USDT,online
RSIRIUSDT,rSIRI,USDT,online
RSITEUSDT,rSITE,USDT,online
RSITMUSDT,rSITM,USDT,online
RSJMUSDT,rSJM,USDT,online
RSKEUSDT,rSKE,USDT,online
RSKHYUSDT,rSKHY,USDT,online
RSKMUSDT,rSKM,USDT,online
RSKTUSDT,rSKT,USDT,online
RSKWDUSDT,rSKWD,USDT,online
RSKYUSDT,rSKY,USDT,online
RSKYWUSDT,rSKYW,USDT,online
RSLABUSDT,rSLAB,USDT,online
RSLBUSDT,rSLB,USDT,online
RSLDEUSDT,rSLDE,USDT,online
RSLFUSDT,rSLF,USDT,online
RSLGNUSDT,rSLGN,USDT,online
RSLGUSDT,rSLG,USDT,online
RSLMUSDT,rSLM,USDT,online
RSLSUSDT,rSLS,USDT,online
RSLVMUSDT,rSLVM,USDT,online
RSLVUSDT,rSLV,USDT,online
RSMAUSDT,rSMA,USDT,online
RSMCIUSDT,rSMCI,USDT,online
RSMGUSDT,rSMG,USDT,online
RSMHUSDT,rSMH,USDT,online
RSMMTUSDT,rSMMT,USDT,online
RSMRUSDT,rSMR,USDT,online
RSMTCUSDT,rSMTC,USDT,online
RSMUSDT,rSM,USDT,online
RSNAPUSDT,rSNAP,USDT,online
RSNAUSDT,rSNA,USDT,online
RSNDAUSDT,rSNDA,USDT,online
RSNDKUSDT,rSNDK,USDT,online
RSNDRUSDT,rSNDR,USDT,online
RSNDXUSDT,rSNDX,USDT,online
RSNEXUSDT,rSNEX,USDT,online
RSNNUSDT,rSNN,USDT,online
RSNOWUSDT,rSNOW,USDT,online
RSNPSUSDT,rSNPS,USDT,online
RSNUSDT,rSN,USDT,online
RSNXUSDT,rSNX,USDT,online
RSNXXUSDT,rSNXX,USDT,online
RSOBOUSDT,rSOBO,USDT,online
RSOFIUSDT,rSOFI,USDT,online
RSOJCUSDT,rSOJC,USDT,online
RSOLSUSDT,rSOLS,USDT,online
RSOLVUSDT,rSOLV,USDT,online
RSONOUSDT,rSONO,USDT,online
RSONUSDT,rSON,USDT,online
RSONYUSDT,rSONY,USDT,online
RSOUNUSDT,rSOUN,USDT,online
RSOUSDT,rSO,USDT,online
RSOXLUSDT,rSOXL,USDT,online
RSOXQUSDT,rSOXQ,USDT,online
RSOXSUSDT,rSOXS,USDT,online
RSOXXUSDT,rSOXX,USDT,online
RSPBUSDT,rSPB,USDT,online
RSPCEUSDT,rSPCE,USDT,online
RSPCXUSDT,rSPCX,USDT,online
RSPDNUSDT,rSPDN,USDT,online
RSPDWUSDT,rSPDW,USDT,online
RSPEMUSDT,rSPEM,USDT,online
RSPGUSDT,rSPG,USDT,online
RSPHQUSDT,rSPHQ,USDT,online
RSPHRUSDT,rSPHR,USDT,online
RSPHYUSDT,rSPHY,USDT,online
RSPIBUSDT,rSPIB,USDT,online
RSPLVUSDT,rSPLV,USDT,online
RSPMDUSDT,rSPMD,USDT,online
RSPMOUSDT,rSPMO,USDT,online
RSPNTUSDT,rSPNT,USDT,online
RSPOTUSDT,rSPOT,USDT,online
RSPSBUSDT,rSPSB,USDT,online
RSPSCUSDT,rSPSC,USDT,online
RSPSMUSDT,rSPSM,USDT,online
RSPXCUSDT,rSPXC,USDT,online
RSPXLUSDT,rSPXL,USDT,online
RSPXSUSDT,rSPXS,USDT,online
RSPXUUSDT,rSPXU,USDT,online
RSPYGUSDT,rSPYG,USDT,online
RSPYIUSDT,rSPYI,USDT,online
RSPYMUSDT,rSPYM,USDT,online
RSPYUSDT,rSPY,USDT,online
RSPYVUSDT,rSPYV,USDT,online
RSQMUSDT,rSQM,USDT,online
RSQQQUSDT,rSQQQ,USDT,online
RSRADUSDT,rSRAD,USDT,online
RSRCEUSDT,rSRCE,USDT,online
RSREUSDT,rSRE,USDT,online
RSRPTUSDT,rSRPT,USDT,online
RSRRKUSDT,rSRRK,USDT,online
RSSBUSDT,rSSB,USDT,online
RSSDUSDT,rSSD,USDT,online
RSSLUSDT,rSSL,USDT,online
RSSMRUSDT,rSSMR,USDT,online
RSSNCUSDT,rSSNC,USDT,online
RSSOUSDT,rSSO,USDT,online
RSSPCUSDT,rSSPC,USDT,online
RSSRMUSDT,rSSRM,USDT,online
RSTAGUSDT,rSTAG,USDT,online
RSTBAUSDT,rSTBA,USDT,online
RSTCUSDT,rSTC,USDT,online
RSTDNUSDT,rSTDN,USDT,online
RSTEPUSDT,rSTEP,USDT,online
RSTEUSDT,rSTE,USDT,online
RSTGWUSDT,rSTGW,USDT,online
RSTLAUSDT,rSTLA,USDT,online
RSTLDUSDT,rSTLD,USDT,online
RSTMUSDT,rSTM,USDT,online
RSTNEUSDT,rSTNE,USDT,online
RSTNGUSDT,rSTNG,USDT,online
RSTNUSDT,rSTN,USDT,online
RSTOKUSDT,rSTOK,USDT,online
RSTRAUSDT,rSTRA,USDT,online
RSTRCUSDT,rSTRC,USDT,online
RSTRLUSDT,rSTRL,USDT,online
RSTTUSDT,rSTT,USDT,online
RSTUBUSDT,rSTUB,USDT,online
RSTUSDT,rST,USDT,online
RSTVNUSDT,rSTVN,USDT,online
RSTWDUSDT,rSTWD,USDT,online
RSTXUSDT,rSTX,USDT,online
RSTZUSDT,rSTZ,USDT,online
RSUIUSDT,rSUI,USDT,online
RSUNBUSDT,rSUNB,USDT,online
RSUNCUSDT,rSUNC,USDT,online
RSUNUSDT,rSUN,USDT,online
RSUPNUSDT,rSUPN,USDT,online
RSUSDT,rS,USDT,online
RSUUSDT,rSU,USDT,online
RSUZUSDT,rSUZ,USDT,online
RSVMUSDT,rSVM,USDT,online
RSVVUSDT,rSVV,USDT,online
RSWKSUSDT,rSWKS,USDT,online
RSWKUSDT,rSWK,USDT,online
RSWUSDT,rSW,USDT,online
RSWXUSDT,rSWX,USDT,online
RSXIUSDT,rSXI,USDT,online
RSXTUSDT,rSXT,USDT,online
RSYBTUSDT,rSYBT,USDT,online
RSYFUSDT,rSYF,USDT,online
RSYKUSDT,rSYK,USDT,online
RSYMUSDT,rSYM,USDT,online
RSYNAUSDT,rSYNA,USDT,online
RSYREUSDT,rSYRE,USDT,online
RSYYUSDT,rSYY,USDT,online
RTACUSDT,rTAC,USDT,online
RTAKUSDT,rTAK,USDT,online
RTALOUSDT,rTALO,USDT,online
RTALUSDT,rTAL,USDT,online
RTANUSDT,rTAN,USDT,online
RTAPUSDT,rTAP,USDT,online
RTARSUSDT,rTARS,USDT,online
RTBBBUSDT,rTBBB,USDT,online
RTBBKUSDT,rTBBK,USDT,online
RTCBIUSDT,rTCBI,USDT,online
RTCBKUSDT,rTCBK,USDT,online
RTCOMUSDT,rTCOM,USDT,online
RTDCUSDT,rTDC,USDT,online
RTDGUSDT,rTDG,USDT,online
RTDSUSDT,rTDS,USDT,online
RTDUSDT,rTD,USDT,online
RTDYUSDT,rTDY,USDT,online
RTEAMUSDT,rTEAM,USDT,online
RTECHUSDT,rTECH,USDT,online
RTECKUSDT,rTECK,USDT,online
RTECLUSDT,rTECL,USDT,online
RTELUSDT,rTEL,USDT,online
RTEMUSDT,rTEM,USDT,online
RTENBUSDT,rTENB,USDT,online
RTENUSDT,rTEN,USDT,online
RTEOUSDT,rTEO,USDT,online
RTERUSDT,rTER,USDT,online
RTEUSDT,rTE,USDT,online
RTEVAUSDT,rTEVA,USDT,online
RTEXUSDT,rTEX,USDT,online
RTFCUSDT,rTFC,USDT,online
RTFIIUSDT,rTFII,USDT,online
RTFINUSDT,rTFIN,USDT,online
RTFPMUSDT,rTFPM,USDT,online
RTFSLUSDT,rTFSL,USDT,online
RTFXUSDT,rTFX,USDT,online
RTGBUSDT,rTGB,USDT,online
RTGLSUSDT,rTGLS,USDT,online
RTGSUSDT,rTGS,USDT,online
RTGTUSDT,rTGT,USDT,online
RTGTXUSDT,rTGTX,USDT,online
RTHCUSDT,rTHC,USDT,online
RTHGUSDT,rTHG,USDT,online
RTHOUSDT,rTHO,USDT,online
RTHUSDT,rTH,USDT,online
RTICUSDT,rTIC,USDT,online
RTIGOUSDT,rTIGO,USDT,online
RTILEUSDT,rTILE,USDT,online
RTIMBUSDT,rTIMB,USDT,online
RTIPUSDT,rTIP,USDT,online
RTJXUSDT,rTJX,USDT,online
RTKCUSDT,rTKC,USDT,online
RTKRUSDT,rTKR,USDT,online
RTLKUSDT,rTLK,USDT,online
RTLNUSDT,rTLN,USDT,online
RTLTUSDT,rTLT,USDT,online
RTLXUSDT,rTLX,USDT,online
RTMCUSDT,rTMC,USDT,online
RTMDXUSDT,rTMDX,USDT,online
RTMEUSDT,rTME,USDT,online
RTMFUSDT,rTMF,USDT,online
RTMOUSDT,rTMO,USDT,online
RTMPUSDT,rTMP,USDT,online
RTMUSDT,rTM,USDT,online
RTMUSUSDT,rTMUS,USDT,online
RTNAUSDT,rTNA,USDT,online
RTNETUSDT,rTNET,USDT,online
RTNGXUSDT,rTNGX,USDT,online
RTNKUSDT,rTNK,USDT,online
RTNLUSDT,rTNL,USDT,online
RTOLUSDT,rTOL,USDT,online
RTOPUSDT,rTOP,USDT,online
RTOSTUSDT,rTOST,USDT,online
RTOWNUSDT,rTOWN,USDT,online
RTPBUSDT,rTPB,USDT,online
RTPGUSDT,rTPG,USDT,online
RTPLUSDT,rTPL,USDT,online
RTPRUSDT,rTPR,USDT,online
RTQQQUSDT,rTQQQ,USDT,online
RTREXUSDT,rTREX,USDT,online
RTRGPUSDT,rTRGP,USDT,online
RTRINUSDT,rTRIN,USDT,online
RTRIUSDT,rTRI,USDT,online
RTRLVUSDT,rTRLV,USDT,online
RTRMBUSDT,rTRMB,USDT,online
RTRMDUSDT,rTRMD,USDT,online
RTRMKUSDT,rTRMK,USDT,online
RTRNOUSDT,rTRNO,USDT,online
RTRNUSDT,rTRN,USDT,online
RTROWUSDT,rTROW,USDT,online
RTRPUSDT,rTRP,USDT,online
RTRSUSDT,rTRS,USDT,online
RTRUSDT,rTR,USDT,online
RTRUUSDT,rTRU,USDT,online
RTRVIUSDT,rTRVI,USDT,online
RTRVUSDT,rTRV,USDT,online
RTSCOUSDT,rTSCO,USDT,online
RTSDDUSDT,rTSDD,USDT,online
RTSEMUSDT,rTSEM,USDT,online
RTSHAUSDT,rTSHA,USDT,online
RTSLAUSDT,rTSLA,USDT,online
RTSLGUSDT,rTSLG,USDT,online
RTSLLUSDT,rTSLL,USDT,online
RTSLQUSDT,rTSLQ,USDT,online
RTSLXUSDT,rTSLX,USDT,online
RTSMUSDT,rTSM,USDT,online
RTSMXUSDT,rTSMX,USDT,online
RTSNUSDT,rTSN,USDT,online
RTSUSDT,rTS,USDT,online
RTTAMUSDT,rTTAM,USDT,online
RTTANUSDT,rTTAN,USDT,online
RTTCUSDT,rTTC,USDT,online
RTTDUSDT,rTTD,USDT,online
RTTEKUSDT,rTTEK,USDT,online
RTTMIUSDT,rTTMI,USDT,online
RTTUSDT,rTT,USDT,online
RTTWOUSDT,rTTWO,USDT,online
RTUSDT,rT,USDT,online
RTUUSDT,rTU,USDT,online
RTVTXUSDT,rTVTX,USDT,online
RTVUSDT,rTV,USDT,online
RTWFGUSDT,rTWFG,USDT,online
RTWLOUSDT,rTWLO,USDT,online
RTWSTUSDT,rTWST,USDT,online
RTWUSDT,rTW,USDT,online
RTXGUSDT,rTXG,USDT,online
RTXNMUSDT,rTXNM,USDT,online
RTXNUSDT,rTXN,USDT,online
RTXRHUSDT,rTXRH,USDT,online
RTXTUSDT,rTXT,USDT,online
RTYLUSDT,rTYL,USDT,online
RTZAUSDT,rTZA,USDT,online
RUAAUSDT,rUAA,USDT,online
RUALUSDT,rUAL,USDT,online
RUAUSDT,rUA,USDT,online
RUBERUSDT,rUBER,USDT,online
RUBSIUSDT,rUBSI,USDT,online
RUCBUSDT,rUCB,USDT,online
RUCTTUSDT,rUCTT,USDT,online
RUDOWUSDT,rUDOW,USDT,online
RUDRUSDT,rUDR,USDT,online
RUECUSDT,rUEC,USDT,online
RUEUSDT,rUE,USDT,online
RUFCSUSDT,rUFCS,USDT,online
RUFPIUSDT,rUFPI,USDT,online
RUFPTUSDT,rUFPT,USDT,online
RUGIUSDT,rUGI,USDT,online
RUGPUSDT,rUGP,USDT,online
RUHALUSDT,rUHAL,USDT,online
RUHSUSDT,rUHS,USDT,online
RUIUSDT,rUI,USDT,online
RULSUSDT,rULS,USDT,online
RULTAUSDT,rULTA,USDT,online
RULUSDT,rUL,USDT,online
RUMBFUSDT,rUMBF,USDT,online
RUMCUSDT,rUMC,USDT,online
RUNFIUSDT,rUNFI,USDT,online
RUNFUSDT,rUNF,USDT,online
RUNGUSDT,rUNG,USDT,online
RUNHUSDT,rUNH,USDT,online
RUNITUSDT,rUNIT,USDT,online
RUNMUSDT,rUNM,USDT,online
RUPROUSDT,rUPRO,USDT,online
RUPSTUSDT,rUPST,USDT,online
RUPSUSDT,rUPS,USDT,online
RURAUSDT,rURA,USDT,online
RURBNUSDT,rURBN,USDT,online
RURGNUSDT,rURGN,USDT,online
RURIUSDT,rURI,USDT,online
RURNMUSDT,rURNM,USDT,online
RUROYUSDT,rUROY,USDT,online
RUSACUSDT,rUSAC,USDT,online
RUSARUSDT,rUSAR,USDT,online
RUSASUSDT,rUSAS,USDT,online
RUSBUSDT,rUSB,USDT,online
RUSFDUSDT,rUSFD,USDT,online
RUSFRUSDT,rUSFR,USDT,online
RUSHYUSDT,rUSHY,USDT,online
RUSIGUSDT,rUSIG,USDT,online
RUSLMUSDT,rUSLM,USDT,online
RUSMVUSDT,rUSMV,USDT,online
RUSOUSDT,rUSO,USDT,online
RUTHRUSDT,rUTHR,USDT,online
RUTZUSDT,rUTZ,USDT,online
RUUSDT,rU,USDT,online
RUUUUUSDT,rUUUU,USDT,online
RUVXYUSDT,rUVXY,USDT,online
RUWMCUSDT,rUWMC,USDT,online
RVACUSDT,rVAC,USDT,online
RVALEUSDT,rVALE,USDT,online
RVALUSDT,rVAL,USDT,online
RVBILUSDT,rVBIL,USDT,online
RVBUSDT,rVB,USDT,online
RVCELUSDT,rVCEL,USDT,online
RVCITUSDT,rVCIT,USDT,online
RVCLTUSDT,rVCLT,USDT,online
RVCSHUSDT,rVCSH,USDT,online
RVCTRUSDT,rVCTR,USDT,online
RVCUSDT,rVC,USDT,online
RVCYTUSDT,rVCYT,USDT,online
RVDEUSDT,rVDE,USDT,online
RVEAUSDT,rVEA,USDT,online
RVECOUSDT,rVECO,USDT,online
RVEEVUSDT,rVEEV,USDT,online
RVERAUSDT,rVERA,USDT,online
RVERXUSDT,rVERX,USDT,online
RVETUSDT,rVET,USDT,online
RVEUUSDT,rVEU,USDT,online
RVFCUSDT,rVFC,USDT,online
RVFHUSDT,rVFH,USDT,online
RVFSUSDT,rVFS,USDT,online
RVGITUSDT,rVGIT,USDT,online
RVGKUSDT,rVGK,USDT,online
RVGLTUSDT,rVGLT,USDT,online
RVGNTUSDT,rVGNT,USDT,online
RVGSHUSDT,rVGSH,USDT,online
RVGTUSDT,rVGT,USDT,online
RVGUSDT,rVG,USDT,online
RVIAUSDT,rVIA,USDT,online
RVIAVUSDT,rVIAV,USDT,online
RVICIUSDT,rVICI,USDT,online
RVICRUSDT,rVICR,USDT,online
RVIGUSDT,rVIG,USDT,online
RVIPSUSDT,rVIPS,USDT,online
RVIRTUSDT,rVIRT,USDT,online
RVIRUSDT,rVIR,USDT,online
RVISNUSDT,rVISN,USDT,online
RVISTUSDT,rVIST,USDT,online
RVIVUSDT,rVIV,USDT,online
RVKTXUSDT,rVKTX,USDT,online
RVLOUSDT,rVLO,USDT,online
RVLTOUSDT,rVLTO,USDT,online
RVLUEUSDT,rVLUE,USDT,online
RVLYUSDT,rVLY,USDT,online
RVMCUSDT,rVMC,USDT,online
RVMIUSDT,rVMI,USDT,online
RVNETUSDT,rVNET,USDT,online
RVNOMUSDT,rVNOM,USDT,online
RVNOUSDT,rVNO,USDT,online
RVNQUSDT,rVNQ,USDT,online
RVNTUSDT,rVNT,USDT,online
RVODUSDT,rVOD,USDT,online
RVONGUSDT,rVONG,USDT,online
RVOOGUSDT,rVOOG,USDT,online
RVOOUSDT,rVOO,USDT,online
RVOTUSDT,rVOT,USDT,online
RVOUSDT,rVO,USDT,online
RVOYAUSDT,rVOYA,USDT,online
RVOYGUSDT,rVOYG,USDT,online
RVPGUSDT,rVPG,USDT,online
RVRDNUSDT,rVRDN,USDT,online
RVRNSUSDT,rVRNS,USDT,online
RVRSKUSDT,rVRSK,USDT,online
RVRSNUSDT,rVRSN,USDT,online
RVRTUSDT,rVRT,USDT,online
RVRTXUSDT,rVRTX,USDT,online
RVSATUSDT,rVSAT,USDT,online
RVSECUSDT,rVSEC,USDT,online
RVSHUSDT,rVSH,USDT,online
RVSNTUSDT,rVSNT,USDT,online
RVSTSUSDT,rVSTS,USDT,online
RVSTUSDT,rVST,USDT,online
RVSXYUSDT,rVSXY,USDT,online
RVTEBUSDT,rVTEB,USDT,online
RVTIPUSDT,rVTIP,USDT,online
RVTIUSDT,rVTI,USDT,online
RVTMXUSDT,rVTMX,USDT,online
RVTRSUSDT,rVTRS,USDT,online
RVTUSDT,rVT,USDT,online
RVTVUSDT,rVTV,USDT,online
RVTWOUSDT,rVTWO,USDT,online
RVUGUSDT,rVUG,USDT,online
RVUSDT,rV,USDT,online
RVVVUSDT,rVVV,USDT,online
RVVXUSDT,rVVX,USDT,online
RVWOUSDT,rVWO,USDT,online
RVXUSUSDT,rVXUS,USDT,online
RVXXUSDT,rVXX,USDT,online
RVYMIUSDT,rVYMI,USDT,online
RVYMUSDT,rVYM,USDT,online
RVZLAUSDT,rVZLA,USDT,online
RVZUSDT,rVZ,USDT,online
RWABUSDT,rWAB,USDT,online
RWAFDUSDT,rWAFD,USDT,online
RWALUSDT,rWAL,USDT,online
RWATUSDT,rWAT,USDT,online
RWAYUSDT,rWAY,USDT,online
RWBDUSDT,rWBD,USDT,online
RWBIUSDT,rWBI,USDT,online
RWBTNUSDT,rWBTN,USDT,online
RWBUSDT,rWB,USDT,online
RWCCUSDT,rWCC,USDT,online
RWCNUSDT,rWCN,USDT,online
RWDAYUSDT,rWDAY,USDT,online
RWDCUSDT,rWDC,USDT,online
RWDFCUSDT,rWDFC,USDT,online
RWDSUSDT,rWDS,USDT,online
RWDUSDT,rWD,USDT,online
RWECUSDT,rWEC,USDT,online
RWELLUSDT,rWELL,USDT,online
RWENUSDT,rWEN,USDT,online
RWERNUSDT,rWERN,USDT,online
RWESUSDT,rWES,USDT,online
RWEXUSDT,rWEX,USDT,online
RWFCUSDT,rWFC,USDT,online
RWFGUSDT,rWFG,USDT,online
RWFRDUSDT,rWFRD,USDT,online
RWFUSDT,rWF,USDT,online
RWGSUSDT,rWGS,USDT,online
RWHDUSDT,rWHD,USDT,online
RWHRUSDT,rWHR,USDT,online
RWHUSDT,rWH,USDT,online
RWINGUSDT,rWING,USDT,online
RWITUSDT,rWIT,USDT,online
RWIXUSDT,rWIX,USDT,online
RWKCUSDT,rWKC,USDT,online
RWKUSDT,rWK,USDT,online
RWLKUSDT,rWLK,USDT,online
RWLTHUSDT,rWLTH,USDT,online
RWLYBUSDT,rWLYB,USDT,online
RWLYUSDT,rWLY,USDT,online
RWMBUSDT,rWMB,USDT,online
RWMGUSDT,rWMG,USDT,online
RWMKUSDT,rWMK,USDT,online
RWMTUSDT,rWMT,USDT,online
RWMUSDT,rWM,USDT,online
RWOLFUSDT,rWOLF,USDT,online
RWORUSDT,rWOR,USDT,online
RWPCUSDT,rWPC,USDT,online
RWPMUSDT,rWPM,USDT,online
RWRBUSDT,rWRB,USDT,online
RWRBYUSDT,rWRBY,USDT,online
RWRDUSDT,rWRD,USDT,online
RWSBCUSDT,rWSBC,USDT,online
RWSCUSDT,rWSC,USDT,online
RWSEUSDT,rWSE,USDT,online
RWSFSUSDT,rWSFS,USDT,online
RWSMUSDT,rWSM,USDT,online
RWSOUSDT,rWSO,USDT,online
RWSTUSDT,rWST,USDT,online
RWSUSDT,rWS,USDT,online
RWTFCUSDT,rWTFC,USDT,online
RWTMUSDT,rWTM,USDT,online
RWTRGUSDT,rWTRG,USDT,online
RWTSUSDT,rWTS,USDT,online
RWTTRUSDT,rWTTR,USDT,online
RWTUSDT,rWT,USDT,online
RWTWUSDT,rWTW,USDT,online
RWULFUSDT,rWULF,USDT,online
RWUSDT,rW,USDT,online
RWUUSDT,rWU,USDT,online
RWWDUSDT,rWWD,USDT,online
RWWWUSDT,rWWW,USDT,online
RWYNNUSDT,rWYNN,USDT,online
RWYUSDT,rWY,USDT,online
RXBIUSDT,rXBI,USDT,online
RXELUSDT,rXEL,USDT,online
RXENEUSDT,rXENE,USDT,online
RXEUSDT,rXE,USDT,online
RXHBUSDT,rXHB,USDT,online
RXHRUSDT,rXHR,USDT,online
RXLBUSDT,rXLB,USDT,online
RXLCUSDT,rXLC,USDT,online
RXLEUSDT,rXLE,USDT,online
RXLFUSDT,rXLF,USDT,online
RXLIUSDT,rXLI,USDT,online
RXLKUSDT,rXLK,USDT,online
RXLPUSDT,rXLP,USDT,online
RXLREUSDT,rXLRE,USDT,online
RXLUUSDT,rXLU,USDT,online
RXLVUSDT,rXLV,USDT,online
RXLYUSDT,rXLY,USDT,online
RXMEUSDT,rXME,USDT,online
RXMTRUSDT,rXMTR,USDT,online
RXNCRUSDT,rXNCR,USDT,online
RXOMUSDT,rXOM,USDT,online
RXOPUSDT,rXOP,USDT,online
RXPEVUSDT,rXPEV,USDT,online
RXPOUSDT,rXPO,USDT,online
RXPROUSDT,rXPRO,USDT,online
RXPUSDT,rXP,USDT,online
RXRAYUSDT,rXRAY,USDT,online
RXRTUSDT,rXRT,USDT,online
RXXIUSDT,rXXI,USDT,online
RXYLUSDT,rXYL,USDT,online
RXYZUSDT,rXYZ,USDT,online
RXZOUSDT,rXZO,USDT,online
RYANGUSDT,rYANG,USDT,online
RYETIUSDT,rYETI,USDT,online
RYINNUSDT,rYINN,USDT,online
RYMMUSDT,rYMM,USDT,online
RYOUUSDT,rYOU,USDT,online
RYPFUSDT,rYPF,USDT,online
RYSWYUSDT,rYSWY,USDT,online
RYUMCUSDT,rYUMC,USDT,online
RYUMUSDT,rYUM,USDT,online
RZBHUSDT,rZBH,USDT,online
RZBIOUSDT,rZBIO,USDT,online
RZBRAUSDT,rZBRA,USDT,online
RZDUSDT,rZD,USDT,online
RZETAUSDT,rZETA,USDT,online
RZGNUSDT,rZGN,USDT,online
RZGUSDT,rZG,USDT,online
RZIMUSDT,rZIM,USDT,online
RZIONUSDT,rZION,USDT,online
RZLABUSDT,rZLAB,USDT,online
RZMUSDT,rZM,USDT,online
RZSUSDT,rZS,USDT,online
RZTOUSDT,rZTO,USDT,online
RZTSUSDT,rZTS,USDT,online
RZUSDT,rZ,USDT,online
RZWSUSDT,rZWS,USDT,online
RZYMEUSDT,rZYME,USDT,online
