asset,signal_time,horizon_hours,reference_price,current_price,dislocation_pct,dislocation_z,signal,entry_price,exit_price,strategy_return_pct,winner,gross_return,cost,net_return,equity,cumulative_return_pct,equity_peak,drawdown,drawdown_pct
rNVDA,2026-07-04 04:00:00+00:00,3,194.71,195.13,0.2157054080427212,2.1844046451043067,-1.0,195.13,195.2,-0.0358735202172777,False,-0.000358735202172777,0.001,-0.001358735202172777,0.9986412647978272,-0.13587352021727783,0.9986412647978272,0.0,0.0
rNVDA,2026-07-05 23:00:00+00:00,3,194.71,196.61,0.9758101792409324,1.8855939842352525,-1.0,197.19,195.0,1.1106039860033443,True,0.011106039860033444,0.001,0.010106039860033444,1.0087335732257483,0.8733573225748303,1.0087335732257483,0.0,0.0
rTSLA,2026-07-26 05:00:00+00:00,3,311.38,312.56,0.3789581861391333,2.0218216068231323,-1.0,312.34,312.31,0.0096049177178647,True,9.604917717864699e-05,0.001,-0.0009039508228213531,1.0078217276822234,0.7821727682223445,1.0087335732257483,-0.0009039508228212423,-0.09039508228212423
rTSLA,2026-07-26 09:00:00+00:00,3,311.38,312.7,0.4239193268674945,1.5212079677967951,-1.0,312.71,312.62,0.0287806593968764,True,0.000287806593968764,0.001,-0.000712193406031236,1.0071039636933132,0.7103963693313231,1.0087335732257483,-0.0016155004410370877,-0.16155004410370877
rTSLA,2026-07-26 14:00:00+00:00,3,311.38,313.16,0.5716487892607258,1.5186006511832697,-1.0,313.18,313.9,-0.2298997381697365,False,-0.002298997381697365,0.001,-0.003298997381697365,1.0037815303539919,0.3781530353991869,1.0087335732257483,-0.0049091682910094026,-0.49091682910094026
rTSLA,2026-07-26 20:00:00+00:00,3,311.38,313.91,0.8125120431627053,1.6708167696177474,-1.0,313.57,316.08,-0.8004592276046774,False,-0.008004592276046774,0.001,-0.009004592276046774,0.9947428869389279,-0.5257113061072127,1.0087335732257483,-0.013869555508181142,-1.3869555508181142
rNVDA,2026-08-02 11:00:00+00:00,3,201.38,198.92,-1.2215711590028877,1.7543844864655416,1.0,199.03,198.7,-0.1658041501281237,False,-0.0016580415012812369,0.001,-0.002658041501281237,0.9920988190623399,-0.7901180937660124,1.0087335732257483,-0.016490731155317295,-1.6490731155317295
rNVDA,2026-08-02 17:00:00+00:00,3,201.38,198.61,-1.3755089879829097,1.7162791981600505,1.0,198.62,198.66,0.0201389588158296,True,0.000201389588158296,0.001,-0.000798610411841704,0.9913065186158608,-0.8693481384139168,1.0087335732257483,-0.017276171897559478,-1.7276171897559478
rTSLA,2026-08-09 09:00:00+00:00,3,329.13,331.42,0.6957737064381853,2.604345005299725,-1.0,331.42,331.38,0.0120692776537367,True,0.000120692776537367,0.001,-0.000879307223462633,0.9904348556333763,-0.9565144366623701,1.0087335732257483,-0.01814028805827883,-1.814028805827883
rAAPL,2026-08-15 18:00:00+00:00,3,306.14,304.84,-0.4246423205069627,1.5381372067582322,1.0,304.77,304.78,0.0032811628441153,True,3.2811628441153e-05,0.001,-0.0009671883715588471,0.9894769185582212,-1.0523081441778825,1.0087335732257483,-0.01908993135417092,-1.908993135417092
rAAPL,2026-08-15 22:00:00+00:00,3,306.14,304.8,-0.4377082380610075,1.938699497892152,1.0,304.64,304.85,0.0689338235294156,True,0.000689338235294156,0.001,-0.00031066176470584406,0.9891695259125661,-1.0830474087433872,1.0087335732257483,-0.01939466260711431,-1.939466260711431
rAAPL,2026-08-16 02:00:00+00:00,3,306.14,304.71,-0.4671065525576501,2.4194325097382667,1.0,304.56,306.81,0.7387706855791931,True,0.007387706855791931,0.001,0.006387706855791931,0.9954880508747784,-0.45119491252215704,1.0087335732257483,-0.013130843170623407,-1.3130843170623407
rNVDA,2026-08-23 12:00:00+00:00,3,215.07,217.97,1.348398195936218,2.0820802292367784,-1.0,218.11,218.14,-0.0137545275319617,False,-0.000137545275319617,0.001,-0.001137545275319617,0.9943556381458687,-0.5644361854131308,1.0087335732257483,-0.014253451517333371,-1.425345151733337
rNVDA,2026-08-23 16:00:00+00:00,3,215.07,218.53,1.6087785372204344,1.6901438179501571,-1.0,218.53,219.36,-0.3798105523269202,False,-0.003798105523269202,0.001,-0.004798105523269202,0.9895846148663872,-1.0415385133612842,1.0087335732257483,-0.018983167476151586,-1.8983167476151586
rNVDA,2026-08-23 20:00:00+00:00,3,215.07,219.39,2.0086483470497907,2.250492551166441,-1.0,219.49,218.0,0.6788464166932462,True,0.006788464166932462,0.001,0.005788464166932462,0.995312789949689,-0.46872100503110303,1.0087335732257483,-0.013304586693929532,-1.3304586693929532
rTSLA,2026-08-24 00:00:00+00:00,3,363.01,366.8,1.0440483733230588,1.8809891672135608,-1.0,366.8,360.98,1.5866957470010878,True,0.01586695747001088,0.001,0.014866957470010878,1.0101100628672288,1.011006286722882,1.0101100628672288,0.0,0.0
