asset,signal_time,horizon_hours,factor_strength,momentum_6h_pct,signal,entry_price,exit_price,raw_return_pct,strategy_return_pct,winner
rNVDA,2026-06-28 07:00:00+00:00,1,1.0559747582803758,1.7191219254165668,-1.0,189.26,189.25,-0.005283736658556748,0.005283736658556748,True
rNVDA,2026-07-04 06:00:00+00:00,1,1.0007306365979076,-0.2614580129191024,1.0,194.55,195.2,0.3341043433564561,0.3341043433564561,True
rNVDA,2026-07-11 18:00:00+00:00,1,1.3720464910784402,-1.1437520763134201,1.0,209.6,208.3,-0.620229007633577,-0.620229007633577,False
rNVDA,2026-07-12 05:00:00+00:00,1,1.2876628878731045,1.2111890800730718,-1.0,210.83,210.0,-0.3936821135512081,0.3936821135512081,True
rNVDA,2026-07-12 07:00:00+00:00,1,1.0018585392103023,0.9372296452946127,-1.0,210.02,210.08,0.028568707742127053,-0.028568707742127053,False
rNVDA,2026-07-12 13:00:00+00:00,1,1.4062284414766284,0.9761439931431859,-1.0,212.25,211.9,-0.16489988221436436,0.16489988221436436,True
rNVDA,2026-07-12 15:00:00+00:00,1,1.5937684883815422,1.2149799885649015,-1.0,212.37,212.6,0.10830154918302082,-0.10830154918302082,False
rNVDA,2026-07-12 17:00:00+00:00,1,1.5698756026605794,1.1322011322011383,-1.0,212.68,212.61,-0.03291329697197032,0.03291329697197032,True
rNVDA,2026-07-18 17:00:00+00:00,1,1.325106442261322,-0.887428907628951,1.0,202.3,202.3,0.0,0.0,False
rNVDA,2026-07-19 07:00:00+00:00,1,1.0471876323111529,-0.49920917358639016,1.0,201.68,201.14,-0.26775089250298256,-0.26775089250298256,False
rNVDA,2026-07-19 14:00:00+00:00,1,1.167070503988543,0.7507208909217633,-1.0,202.89,202.74,-0.07393168712108711,0.07393168712108711,True
rNVDA,2026-07-19 16:00:00+00:00,1,1.6326306061526494,1.0496990199492684,-1.0,203.38,203.32,-0.02950142590225635,0.02950142590225635,True
rNVDA,2026-08-02 16:00:00+00:00,1,1.0724574042110797,0.3820631409612085,-1.0,199.73,198.61,-0.5607570219796632,0.5607570219796632,True
rNVDA,2026-08-02 18:00:00+00:00,1,1.3062401568269013,0.5380940407342161,-1.0,200.05,200.12,0.034991252186955535,-0.034991252186955535,False
rNVDA,2026-08-02 21:00:00+00:00,1,1.1138889886032242,-0.7267806125006215,1.0,198.33,198.17,-0.08067362476681383,-0.08067362476681383,False
rNVDA,2026-08-03 00:00:00+00:00,1,1.1109729068162149,0.7853141256502605,-1.0,201.5,201.9,0.1985111662531125,-0.1985111662531125,False
rNVDA,2026-08-03 02:00:00+00:00,1,1.791702398961188,1.6409946642504725,-1.0,201.93,202.0,0.03466547813597565,-0.03466547813597565,False
rNVDA,2026-08-09 15:00:00+00:00,1,1.0423864396094573,-0.3960484158063271,1.0,223.83,223.87,0.017870705446099144,0.017870705446099144,True
rNVDA,2026-08-09 22:00:00+00:00,1,1.1211905151435126,0.4243534193951737,-1.0,224.82,224.83,0.0044480028467352994,-0.0044480028467352994,False
rNVDA,2026-08-15 15:00:00+00:00,1,1.4580157918833427,0.36109129814549945,-1.0,225.17,225.07,-0.04441088955011718,0.04441088955011718,True
rNVDA,2026-08-15 18:00:00+00:00,1,1.4741570984253123,0.40570664288899216,-1.0,225.21,225.53,0.14208960525732284,-0.14208960525732284,False
rNVDA,2026-08-15 20:00:00+00:00,1,2.2419347407687362,0.63796564800358,-1.0,225.58,225.52,-0.026598102668673462,0.026598102668673462,True
rNVDA,2026-08-23 12:00:00+00:00,1,2.1559144609804215,0.5953479785859361,-1.0,218.11,218.03,-0.036678740085283046,0.036678740085283046,True
rNVDA,2026-08-23 14:00:00+00:00,1,2.5637362963077472,0.8155930329001748,-1.0,218.79,218.14,-0.29708853238265,0.29708853238265,True
rNVDA,2026-08-23 16:00:00+00:00,1,1.9969226499373205,0.7654355143634328,-1.0,218.53,218.63,0.045760307509268294,-0.045760307509268294,False
rNVDA,2026-08-23 18:00:00+00:00,1,1.45643126979561,0.5321833279809063,-1.0,219.23,219.36,0.059298453678802154,-0.059298453678802154,False
rNVDA,2026-08-23 21:00:00+00:00,1,1.8079590519919557,0.6005317685889855,-1.0,219.45,218.91,-0.24606971975392744,0.24606971975392744,True
rNVDA,2026-08-24 00:00:00+00:00,1,2.4711865036618645,-1.0815497649796946,1.0,216.72,216.53,-0.0876707272056132,-0.0876707272056132,False
rNVDA,2026-08-24 02:00:00+00:00,1,2.38203765808653,-1.2671498245134138,1.0,216.62,215.9,-0.3323792816914417,-0.3323792816914417,False
rNVDA,2026-06-28 07:00:00+00:00,3,1.0559747582803758,1.7191219254165668,-1.0,189.26,189.65,0.20606572968404624,-0.20606572968404624,False
rNVDA,2026-07-11 18:00:00+00:00,3,1.3720464910784402,-1.1437520763134201,1.0,209.6,208.3,-0.620229007633577,-0.620229007633577,False
rNVDA,2026-07-12 05:00:00+00:00,3,1.2876628878731045,1.2111890800730718,-1.0,210.83,210.08,-0.35573684959445684,0.35573684959445684,True
rNVDA,2026-07-12 13:00:00+00:00,3,1.4062284414766284,0.9761439931431859,-1.0,212.25,212.6,0.16489988221437546,-0.16489988221437546,False
rNVDA,2026-07-18 17:00:00+00:00,3,1.325106442261322,-0.887428907628951,1.0,202.3,202.13,-0.08403361344538895,-0.08403361344538895,False
rNVDA,2026-07-19 07:00:00+00:00,3,1.0471876323111529,-0.49920917358639016,1.0,201.68,201.01,-0.33220944069813907,-0.33220944069813907,False
rNVDA,2026-07-19 14:00:00+00:00,3,1.167070503988543,0.7507208909217633,-1.0,202.89,203.32,0.21193750308048376,-0.21193750308048376,False
rNVDA,2026-08-02 16:00:00+00:00,3,1.0724574042110797,0.3820631409612085,-1.0,199.73,200.12,0.19526360586792357,-0.19526360586792357,False
rNVDA,2026-08-02 21:00:00+00:00,3,1.1138889886032242,-0.7267806125006215,1.0,198.33,201.49,1.593304089144354,1.593304089144354,True
rNVDA,2026-08-09 15:00:00+00:00,3,1.0423864396094573,-0.3960484158063271,1.0,223.83,224.33,0.2233838180762282,0.2233838180762282,True
rNVDA,2026-08-09 22:00:00+00:00,3,1.1211905151435126,0.4243534193951737,-1.0,224.82,224.55,-0.12009607686147561,0.12009607686147561,True
rNVDA,2026-08-15 15:00:00+00:00,3,1.4580157918833427,0.36109129814549945,-1.0,225.17,225.21,0.017764355820060196,-0.017764355820060196,False
rNVDA,2026-08-15 19:00:00+00:00,3,2.426539184607079,0.6695531848413205,-1.0,225.64,225.67,0.013295514979616563,-0.013295514979616563,False
rNVDA,2026-08-23 12:00:00+00:00,3,2.1559144609804215,0.5953479785859361,-1.0,218.11,218.14,0.013754527531961713,-0.013754527531961713,False
rNVDA,2026-08-23 16:00:00+00:00,3,1.9969226499373205,0.7654355143634328,-1.0,218.53,219.36,0.3798105523269202,-0.3798105523269202,False
rNVDA,2026-08-23 21:00:00+00:00,3,1.8079590519919557,0.6005317685889855,-1.0,219.45,216.76,-1.2257917521075412,1.2257917521075412,True
rNVDA,2026-06-28 07:00:00+00:00,6,1.0559747582803758,1.7191219254165668,-1.0,189.26,190.0,0.3909965127338211,-0.3909965127338211,False
rNVDA,2026-07-12 05:00:00+00:00,6,1.2876628878731045,1.2111890800730718,-1.0,210.83,210.21,-0.29407579566476105,0.29407579566476105,True
rNVDA,2026-07-12 13:00:00+00:00,6,1.4062284414766284,0.9761439931431859,-1.0,212.25,211.6,-0.30624263839811317,0.30624263839811317,True
rNVDA,2026-07-19 07:00:00+00:00,6,1.0471876323111529,-0.49920917358639016,1.0,201.68,202.15,0.23304244347481795,0.23304244347481795,True
rNVDA,2026-07-19 14:00:00+00:00,6,1.167070503988543,0.7507208909217633,-1.0,202.89,203.19,0.14786337424219642,-0.14786337424219642,False
rNVDA,2026-08-02 16:00:00+00:00,6,1.0724574042110797,0.3820631409612085,-1.0,199.73,198.17,-0.7810544234716832,0.7810544234716832,True
rNVDA,2026-08-09 15:00:00+00:00,6,1.0423864396094573,-0.3960484158063271,1.0,223.83,224.55,0.3216726980297624,0.3216726980297624,True
rNVDA,2026-08-15 15:00:00+00:00,6,1.4580157918833427,0.36109129814549945,-1.0,225.17,225.52,0.15543811342542124,-0.15543811342542124,False
rNVDA,2026-08-23 12:00:00+00:00,6,2.1559144609804215,0.5953479785859361,-1.0,218.11,219.13,0.4676539360872978,-0.4676539360872978,False
rNVDA,2026-08-23 19:00:00+00:00,6,1.6431580143431386,0.6100077970921491,-1.0,219.36,216.53,-1.2901167031364014,1.2901167031364014,True
rAAPL,2026-08-02 11:00:00+00:00,1,1.63602237985571,0.8633327903567523,-1.0,309.6,309.92,0.10335917312660481,-0.10335917312660481,False
rAAPL,2026-08-16 04:00:00+00:00,1,6.747947930803245,0.6922572178477804,-1.0,306.91,306.81,-0.03258284187547256,0.03258284187547256,True
rTSLA,2026-06-28 04:00:00+00:00,1,1.5853278663438444,2.936512131944813,-1.0,389.49,390.3,0.207964260956639,-0.207964260956639,False
rTSLA,2026-06-28 06:00:00+00:00,1,1.2847523819493034,2.3117898659109404,-1.0,388.71,378.2,-2.7038151835558577,2.7038151835558577,True
rTSLA,2026-06-28 10:00:00+00:00,1,1.000315288728153,-2.1183720631660075,1.0,381.2,381.5,0.07869884575026909,0.07869884575026909,True
rTSLA,2026-06-28 13:00:00+00:00,1,1.1044636542691109,2.115282919090422,-1.0,386.2,387.31,0.2874158467115473,-0.2874158467115473,False
rTSLA,2026-06-28 15:00:00+00:00,1,1.6077964477875237,3.0516061084781443,-1.0,391.39,391.8,0.10475484810548163,-0.10475484810548163,False
rTSLA,2026-07-18 14:00:00+00:00,1,1.0325751511432655,0.5886681383370229,-1.0,382.77,382.56,-0.054863233795743316,0.054863233795743316,True
rTSLA,2026-07-18 16:00:00+00:00,1,1.011217651105309,0.4965191120452017,-1.0,382.97,382.7,-0.07050160586992149,0.07050160586992149,True
rTSLA,2026-07-26 09:00:00+00:00,1,1.2078516742822256,0.15053005797007746,-1.0,312.71,312.77,0.019187106264584308,-0.019187106264584308,False
rTSLA,2026-07-26 14:00:00+00:00,1,1.7462472135700613,0.27216547660977586,-1.0,313.18,313.57,0.12452902484194617,-0.12452902484194617,False
rTSLA,2026-07-26 16:00:00+00:00,1,1.5536568230649532,0.2813569076318023,-1.0,313.9,313.9,0.0,-0.0,False
rTSLA,2026-08-01 18:00:00+00:00,1,1.6025402166000746,-0.5880072370121447,1.0,307.96,308.07,0.03571892453566594,0.03571892453566594,True
rTSLA,2026-08-01 20:00:00+00:00,1,1.553635663172878,-0.6106820898898135,1.0,307.58,307.97,0.1267962806424494,0.1267962806424494,True
rTSLA,2026-08-01 22:00:00+00:00,1,1.180012518907614,-0.3687649608591581,1.0,308.0,308.0,0.0,0.0,False
rTSLA,2026-08-03 02:00:00+00:00,1,1.326323239180328,0.6074168797953972,-1.0,314.67,314.57,-0.03177932437157249,0.03177932437157249,True
rTSLA,2026-08-08 17:00:00+00:00,1,1.1158959661827854,0.27946537059537757,-1.0,330.18,330.18,0.0,-0.0,False
rTSLA,2026-08-24 00:00:00+00:00,1,4.561449368713554,0.9244992295839749,-1.0,366.8,364.45,-0.6406761177753628,0.6406761177753628,True
rTSLA,2026-06-28 04:00:00+00:00,3,1.5853278663438444,2.936512131944813,-1.0,389.49,378.2,-2.8986623533338474,2.8986623533338474,True
rTSLA,2026-06-28 10:00:00+00:00,3,1.000315288728153,-2.1183720631660075,1.0,381.2,386.2,1.3116474291710478,1.3116474291710478,True
rTSLA,2026-06-28 14:00:00+00:00,3,1.2360275171990736,2.3817076394395897,-1.0,388.02,379.65,-2.157105303850315,2.157105303850315,True
rTSLA,2026-07-18 14:00:00+00:00,3,1.0325751511432655,0.5886681383370229,-1.0,382.77,382.7,-0.018287744598577405,0.018287744598577405,True
rTSLA,2026-07-26 09:00:00+00:00,3,1.2078516742822256,0.15053005797007746,-1.0,312.71,312.62,-0.028780659396876462,0.028780659396876462,True
rTSLA,2026-07-26 14:00:00+00:00,3,1.7462472135700613,0.27216547660977586,-1.0,313.18,313.9,0.22989973816973652,-0.22989973816973652,False
rTSLA,2026-08-01 18:00:00+00:00,3,1.6025402166000746,-0.5880072370121447,1.0,307.96,307.97,0.0032471749578100173,0.0032471749578100173,True
rTSLA,2026-08-24 00:00:00+00:00,3,4.561449368713554,0.9244992295839749,-1.0,366.8,360.98,-1.5866957470010878,1.5866957470010878,True
rTSLA,2026-06-28 04:00:00+00:00,6,1.5853278663438444,2.936512131944813,-1.0,389.49,381.2,-2.1284243497907585,2.1284243497907585,True
rTSLA,2026-06-28 11:00:00+00:00,6,1.1948486272955259,-2.2546758903407627,1.0,381.5,379.65,-0.48492791612058106,-0.48492791612058106,False
rTSLA,2026-07-26 09:00:00+00:00,6,1.2078516742822256,0.15053005797007746,-1.0,312.71,313.57,0.2750151897924713,-0.2750151897924713,False
