asset,signal_time,dislocation_pct,dislocation_z,entry_price,exit_price,gross_return_pct,net_return_pct,net_return,equity,cumulative_return_pct,equity_peak,drawdown_pct
rTSLA,2026-08-30 10:00:00+00:00,0.5565756254303444,1.704638887346976,350.6,351.05,-0.12835139760409842,-0.22835139760409842,-0.002283513976040984,0.997716486023959,-0.2283513976040985,0.997716486023959,0.0
rTSLA,2026-08-30 14:00:00+00:00,0.7143676841863789,1.7818070434409485,351.09,350.86,0.06551026802242843,-0.034489731977571575,-0.00034489731977571577,0.9973723762820333,-0.2627623717966654,0.997716486023959,-0.03448973197757166
rTSLA,2026-08-30 18:00:00+00:00,0.8778976359880675,1.9316052395989989,351.58,350.42,0.329939131918755,0.229939131918755,0.00229939131918755,0.9996657256660537,-0.03342743339462828,0.9996657256660537,0.0
rAAPL,2026-08-30 22:00:00+00:00,-0.5000000000000004,1.602270615688952,322.66,319.14,-1.0909316308188255,-1.1909316308188256,-0.011909316308188256,0.9877603903366421,-1.2239609663357909,0.9996657256660537,-1.1909316308188256
rTSLA,2026-09-05 19:00:00+00:00,0.5997340801719986,1.9016906617148903,355.61,355.61,-0.0,-0.1,-0.001,0.9867726299463054,-1.3227370053694565,0.9996657256660537,-1.2897406991880134
rTSLA,2026-09-05 23:00:00+00:00,0.5997340801719986,2.643357909865122,355.61,355.61,-0.0,-0.1,-0.001,0.9857858573163591,-1.4214142683640851,0.9996657256660537,-1.3884509584888183
rNVDA,2026-09-06 00:00:00+00:00,0.4523312456506723,1.9102085302942602,230.96,230.92,0.01731901627988197,-0.08268098372011803,-0.0008268098372011803,0.9849707998721562,-1.5029200127843811,0.9996657256660537,-1.4699839572979934
rNVDA,2026-09-06 04:00:00+00:00,0.465379262352128,2.0866949793177656,231.04,231.16,-0.051939058171757146,-0.15193905817175715,-0.0015193905817175715,0.9834742445155636,-1.6525755484436355,0.9996657256660537,-1.61968953568975
rNVDA,2026-09-06 08:00:00+00:00,0.5088726513569952,2.243609548232864,231.09,231.4,-0.13414686918515883,-0.23414686918515884,-0.0023414686918515884,0.9811714703627881,-1.8828529637211933,0.9996657256660537,-1.850043952536573
rTSLA,2026-09-06 10:00:00+00:00,0.5148660499589841,2.1504674098980034,355.4,355.61,-0.059088351153646634,-0.15908835115364664,-0.0015908835115364664,0.9796105408485979,-2.038945915140211,0.9996657256660537,-2.0061890992705167
rNVDA,2026-09-06 12:00:00+00:00,0.6437021572720969,2.4390298417756027,231.4,231.27,0.05617977528089568,-0.04382022471910432,-0.00043820224719104325,0.979181273308226,-2.081872669177398,0.9996657256660537,-2.049130207418026
rNVDA,2026-09-06 16:00:00+00:00,0.5784620737647961,1.9741021462030868,231.14,231.14,-0.0,-0.1,-0.001,0.9782020920349178,-2.1797907965082186,0.9996657256660537,-2.1470810772105997
rNVDA,2026-09-06 21:00:00+00:00,0.6089074460682076,1.6470832763359897,231.16,231.13,0.012978023879561817,-0.08702197612043819,-0.0008702197612043818,0.9773508412439775,-2.264915875602247,0.9996657256660537,-2.2322346209487476
rTSLA,2026-09-14 00:00:00+00:00,-1.4426498768135843,1.6400447616558222,360.03,360.87,0.23331389050913476,0.13331389050913475,0.0013331389050913476,0.9786537856743638,-2.1346214325636215,0.9996657256660537,-2.1018966092580804
rNVDA,2026-09-14 00:00:00+00:00,-2.017752562225472,2.869002827075989,214.14,214.78,0.29886989819745136,0.19886989819745135,0.0019886989819745135,0.98060003346164,-1.9399966538359958,0.9996657256660537,-1.9072067507076573
rNVDA,2026-09-20 03:00:00+00:00,-0.7362844572146976,1.9760923875984588,221.03,220.89,-0.06333981812424172,-0.16333981812424173,-0.0016333981812424172,0.9789983231504575,-2.100167684954246,0.9996657256660537,-2.067431340794046
rNVDA,2026-09-20 07:00:00+00:00,-0.8126066265601195,1.8786816329753375,220.94,220.97,0.013578347062548346,-0.08642165293745166,-0.0008642165293745166,0.9781522566173609,-2.184774338263906,0.9996657256660537,-2.152066285393439
rNVDA,2026-09-20 11:00:00+00:00,-0.8305647840531671,1.817055089782813,220.89,220.84,-0.022635701027651223,-0.12263570102765123,-0.0012263570102765122,0.9769526927403405,-2.3047307259659533,0.9996657256660537,-2.272062784845419
rNVDA,2026-09-20 15:00:00+00:00,-0.8485229415462037,1.7405081818493757,220.85,221.25,0.18111840615802066,0.08111840615802066,0.0008111840615802066,0.9777451811936094,-2.2254818806390575,0.9996657256660537,-2.192787439805355
