rtoken_symbol,native_ticker,research_group,status,first_candle,last_candle,history_days,candles,batches,long_history_eligible
RAAOIUSDT,AAOI,Development,ok,2022-05-27 14:00:00+00:00,2026-09-25 05:00:00+00:00,1581.625,16485,20,True
RAAPLUSDT,AAPL,Holdout,ok,2022-06-21 13:00:00+00:00,2026-09-25 05:00:00+00:00,1556.6666666666667,19776,20,True
RAMDUSDT,AMD,Holdout,ok,2022-06-09 10:00:00+00:00,2026-09-25 05:00:00+00:00,1568.7916666666667,19726,20,True
RAXTIUSDT,AXTI,Holdout,ok,2022-04-11 12:00:00+00:00,2026-09-25 05:00:00+00:00,1627.7083333333333,13941,20,True
RCOINUSDT,COIN,Development,ok,2022-06-02 23:00:00+00:00,2026-09-25 05:00:00+00:00,1575.25,19716,20,True
RCRCLUSDT,CRCL,Development,ok,2025-06-05 16:00:00+00:00,2026-09-25 05:00:00+00:00,476.5416666666667,8005,9,True
RGLWUSDT,GLW,Holdout,ok,2022-04-28 13:00:00+00:00,2026-09-25 05:00:00+00:00,1610.6666666666667,15460,20,True
RGOOGLUSDT,GOOGL,Development,ok,2022-06-27 10:00:00+00:00,2026-09-25 05:00:00+00:00,1550.7916666666667,19723,20,True
RHOODUSDT,HOOD,Development,ok,2022-06-08 08:00:00+00:00,2026-09-25 05:00:00+00:00,1569.875,19272,20,True
RINTCUSDT,INTC,Validation,ok,2022-06-22 10:00:00+00:00,2026-09-25 05:00:00+00:00,1555.7916666666667,19777,20,True
RLITEUSDT,LITE,Validation,ok,2022-05-04 13:00:00+00:00,2026-09-25 05:00:00+00:00,1604.6666666666667,14446,20,True
RMETAUSDT,META,Holdout,ok,2022-06-10 11:00:00+00:00,2026-09-25 05:00:00+00:00,1567.75,19701,20,True
RMRVLUSDT,MRVL,Validation,ok,2022-06-21 08:00:00+00:00,2026-09-25 05:00:00+00:00,1556.875,18677,20,True
RMSFTUSDT,MSFT,Development,ok,2022-06-14 10:00:00+00:00,2026-09-25 05:00:00+00:00,1563.7916666666667,19716,20,True
RMSTRUSDT,MSTR,Development,ok,2022-06-22 12:00:00+00:00,2026-09-25 05:00:00+00:00,1555.7083333333333,18141,20,True
RNBISUSDT,NBIS,Development,ok,2024-10-21 13:00:00+00:00,2026-09-25 05:00:00+00:00,703.6666666666666,10141,11,True
RNVDAUSDT,NVDA,Development,ok,2022-07-25 09:00:00+00:00,2026-09-25 05:00:00+00:00,1522.8333333333333,19754,20,True
RORCLUSDT,ORCL,Development,ok,2022-05-27 14:00:00+00:00,2026-09-25 05:00:00+00:00,1581.625,17931,20,True
RQQQUSDT,QQQ,Development,ok,2022-06-27 08:00:00+00:00,2026-09-25 05:00:00+00:00,1550.875,19786,20,True
RRKLBUSDT,RKLB,Validation,ok,2022-06-10 11:00:00+00:00,2026-09-25 05:00:00+00:00,1567.75,19180,20,True
RSNDKUSDT,SNDK,Development,ok,2025-02-24 10:00:00+00:00,2026-09-25 05:00:00+00:00,577.7916666666666,8386,10,True
RTSLAUSDT,TSLA,Holdout,ok,2022-07-26 08:00:00+00:00,2026-09-25 05:00:00+00:00,1521.875,19771,20,True
RTSMUSDT,TSM,Validation,ok,2022-06-02 09:00:00+00:00,2026-09-25 05:00:00+00:00,1575.8333333333333,19665,20,True
RVOOUSDT,VOO,Development,ok,2022-06-08 09:00:00+00:00,2026-09-25 05:00:00+00:00,1569.8333333333333,19462,20,True
