ticker,closure_start_et,reopen_et,closure_hours,rtoken_coverage_pct,rtoken_start_price,rtoken_end_price,rtoken_closed_return_pct,native_close_before,native_reopen_open,native_reopen_gap_pct,tracking_difference_pct,max_rtoken_move_pct,same_direction,valid_rtoken_candles,expected_rtoken_candles
NVDA,2026-07-02 20:00:00-04:00,2026-07-06 04:00:00-04:00,80.0,80.0,194.46,195.29,0.42682299701737314,194.3965,195.03,0.32588035278413585,0.10094264423323729,1.105625835647439,True,64,80
NVDA,2026-07-10 20:00:00-04:00,2026-07-13 04:00:00-04:00,56.0,92.85714285714286,210.575,206.59,-1.892437373857292,210.57,207.72,-1.3534691551502998,-0.5389682187069922,1.892437373857292,True,52,56
NVDA,2026-07-17 20:00:00-04:00,2026-07-20 04:00:00-04:00,56.0,98.21428571428571,202.52,203.84,0.6517874777799637,202.4887,203.12,0.31177048398256524,0.34001699379739847,0.7456053723089218,True,55,56
NVDA,2026-07-24 20:00:00-04:00,2026-07-27 04:00:00-04:00,56.0,100.0,206.75,208.98,1.07859733978235,206.7995,208.7,0.9190060904402442,0.1595912493421059,1.5671100362756984,True,56,56
NVDA,2026-07-31 20:00:00-04:00,2026-08-03 04:00:00-04:00,56.0,100.0,198.948,201.49,1.2777208114683303,198.9495,201.99,1.5282772763942631,-0.25055646492593286,2.4870820515913716,True,56,56
NVDA,2026-08-07 20:00:00-04:00,2026-08-10 04:00:00-04:00,56.0,100.0,223.8,225.01,0.5406613047363562,223.7619,224.858,0.4898510425590752,0.05081026217728102,0.5764075067024255,True,56,56
NVDA,2026-08-14 20:00:00-04:00,2026-08-17 04:00:00-04:00,56.0,98.21428571428571,224.72,226.12,0.6229975080099814,224.72,225.79,0.4761480954076136,0.14684941260236783,0.7297970808116894,True,55,56
NVDA,2026-08-21 20:00:00-04:00,2026-08-24 04:00:00-04:00,56.0,100.0,215.365,214.9,-0.21591252060455535,215.38,215.18,-0.09285913269569956,-0.12305338790885578,1.896779885310984,True,56,56
AAPL,2026-07-31 20:00:00-04:00,2026-08-03 04:00:00-04:00,56.0,82.14285714285714,307.35,308.93,0.5140719049943065,307.34,308.97,0.5303572590616534,-0.01628535406734688,0.9891003741662407,True,46,56
AAPL,2026-08-14 20:00:00-04:00,2026-08-17 04:00:00-04:00,56.0,83.92857142857143,305.75,307.15,0.4578904333605749,305.7705,306.09,0.10449013230509063,0.35340030105548426,0.47751430907603254,True,47,56
AAPL,2026-08-21 20:00:00-04:00,2026-08-24 04:00:00-04:00,56.0,85.71428571428571,309.61,309.34,-0.08720648557863919,309.69,310.04,0.11301624204851368,-0.20022272762715287,0.5361583928167768,False,48,56
TSLA,2026-07-24 20:00:00-04:00,2026-07-27 04:00:00-04:00,56.0,91.07142857142857,311.35,316.83,1.760077083667877,311.38,315.48,1.316719121330867,0.44335796233700986,1.760077083667877,True,51,56
TSLA,2026-07-31 20:00:00-04:00,2026-08-03 04:00:00-04:00,56.0,89.28571428571429,309.33,313.58,1.3739372191510668,309.2615,313.4802,1.3641206551737062,0.009816563977360637,1.736010086315587,True,50,56
TSLA,2026-08-07 20:00:00-04:00,2026-08-10 04:00:00-04:00,56.0,80.35714285714286,328.8,331.42,0.7968369829683741,328.9975,331.76,0.8396720339820085,-0.042835051013634384,3.3424574209245828,True,45,56
TSLA,2026-08-14 20:00:00-04:00,2026-08-17 04:00:00-04:00,56.0,80.35714285714286,341.59,344.52,0.8577534471149617,341.65,344.17,0.7375969559490825,0.12015649116587923,0.922158142802787,True,45,56
TSLA,2026-08-21 20:00:00-04:00,2026-08-24 04:00:00-04:00,56.0,94.64285714285714,363.56,361.61,-0.5363626361535867,363.93,361.45,-0.681449729343564,0.14508709318997726,0.8911871493013646,True,53,56
