datetime,open,high,low,close,volume
2026-07-02 08:00:00+00:00,196.3,198.3,195.0,195.65,0
2026-07-02 09:00:00+00:00,195.65,196.3922,195.5,196.09,0
2026-07-02 10:00:00+00:00,196.09,196.2688,195.4,195.6,0
2026-07-02 11:00:00+00:00,195.6,197.58,195.556,196.46,0
2026-07-02 12:00:00+00:00,196.4609,200.04,196.25,197.7562,0
2026-07-02 13:00:00+00:00,197.7304,198.7,196.86,197.17,0
2026-07-02 13:30:00+00:00,197.14999389648438,200.05499267578125,196.77999877929688,197.85000610351562,25455768
2026-07-02 14:30:00+00:00,197.88999938964844,198.2050018310547,194.4199981689453,194.7794952392578,20691466
2026-07-02 15:30:00+00:00,194.77999877929688,196.0,193.625,193.7899932861328,15015064
2026-07-02 16:30:00+00:00,193.7899932861328,194.15989685058594,192.76199340820312,193.0500030517578,12353010
2026-07-02 17:30:00+00:00,193.0449981689453,193.86000061035156,192.35000610351562,193.76260375976562,11468938
2026-07-02 18:30:00+00:00,193.75999450683594,193.9499969482422,192.52999877929688,193.10499572753906,11027767
2026-07-02 19:30:00+00:00,193.11500549316406,195.0,193.06500244140625,194.6199951171875,15092870
2026-07-02 20:00:00+00:00,194.48,207.5,181.3941,194.53,0
2026-07-02 21:00:00+00:00,194.53,203.8033,181.3941,194.5591,0
2026-07-02 22:00:00+00:00,194.55,194.83,194.45,194.66,0
2026-07-02 23:00:00+00:00,194.66,194.72,194.2722,194.3965,0
2026-07-06 08:00:00+00:00,195.03,195.55,194.0522,195.09,0
2026-07-06 09:00:00+00:00,195.11,195.4,194.9864,195.36,0
2026-07-06 10:00:00+00:00,195.3599,195.62,194.83,195.3,0
2026-07-06 11:00:00+00:00,195.35,195.93,195.1,195.83,0
2026-07-06 12:00:00+00:00,195.83,195.95,195.1,195.16,0
2026-07-06 13:00:00+00:00,195.17,195.5493,194.33,194.42,0
2026-07-06 13:30:00+00:00,194.38999938964844,197.4199981689453,194.0,196.57400512695312,24790156
2026-07-06 14:30:00+00:00,196.58990478515625,196.75999450683594,195.36000061035156,196.5135040283203,11070371
2026-07-06 15:30:00+00:00,196.5,197.5500030517578,196.02999877929688,197.0,10338717
2026-07-06 16:30:00+00:00,197.00509643554688,197.24000549316406,195.85000610351562,195.97000122070312,7095621
2026-07-06 17:30:00+00:00,195.97000122070312,196.6699981689453,195.6300048828125,196.27000427246094,7308554
2026-07-06 18:30:00+00:00,196.27000427246094,197.13999938964844,196.0399932861328,196.85000610351562,7906694
2026-07-06 19:30:00+00:00,196.85499572753906,197.03500366210938,195.4199981689453,195.5749969482422,11769018
2026-07-06 20:00:00+00:00,195.55,208.8782,191.226,195.25,0
2026-07-06 21:00:00+00:00,195.2842,208.8782,182.847,195.5,0
2026-07-06 22:00:00+00:00,195.5,195.7,195.26,195.3922,0
2026-07-06 23:00:00+00:00,195.4,195.46,194.68,194.6983,0
2026-07-07 08:00:00+00:00,193.99,195.55,193.2598,193.9985,0
2026-07-07 09:00:00+00:00,193.9415,194.1,193.71,193.98,0
2026-07-07 10:00:00+00:00,194.0188,194.4,193.67,193.91,0
2026-07-07 11:00:00+00:00,193.9,193.94,190.68,191.08,0
2026-07-07 12:00:00+00:00,191.0,192.69,190.6112,192.6091,0
2026-07-07 13:00:00+00:00,192.6017,195.55,184.97,192.3,0
2026-07-07 13:30:00+00:00,192.3699951171875,193.5,191.44000244140625,191.860107421875,30891972
2026-07-07 14:30:00+00:00,191.8699951171875,193.36500549316406,191.14999389648438,193.0500030517578,14107434
2026-07-07 15:30:00+00:00,193.0500030517578,197.58999633789062,192.8000946044922,197.38999938964844,16102972
2026-07-07 16:30:00+00:00,197.38949584960938,198.41000366210938,196.63099670410156,197.44000244140625,15688038
2026-07-07 17:30:00+00:00,197.42999267578125,198.25,197.22000122070312,197.27499389648438,8714306
2026-07-07 18:30:00+00:00,197.27999877929688,197.64999389648438,195.6999969482422,196.14500427246094,11148682
2026-07-07 19:30:00+00:00,196.14999389648438,197.0500030517578,195.47000122070312,196.92999267578125,10579644
2026-07-07 20:00:00+00:00,196.977,197.1,194.3997,196.6,0
2026-07-07 21:00:00+00:00,196.58,208.233,188.1873,195.68,0
2026-07-07 22:00:00+00:00,195.77,196.93,195.52,195.95,0
2026-07-07 23:00:00+00:00,195.95,196.45,195.6,195.89,0
2026-07-08 08:00:00+00:00,196.385,197.45,193.8732,194.09,0
2026-07-08 09:00:00+00:00,194.0,194.6275,192.9019,193.3,0
2026-07-08 10:00:00+00:00,193.18,193.917,193.04,193.66,0
2026-07-08 11:00:00+00:00,193.8,194.275,193.55,193.74,0
2026-07-08 12:00:00+00:00,193.71,195.25,193.6,195.03,0
2026-07-08 13:00:00+00:00,195.03,195.93,194.7,195.1,0
2026-07-08 13:30:00+00:00,195.1300048828125,199.86000061035156,195.10499572753906,197.00999450683594,24772824
2026-07-08 14:30:00+00:00,197.00999450683594,199.4499969482422,196.0500030517578,196.58999633789062,20952645
2026-07-08 15:30:00+00:00,196.5500030517578,200.10000610351562,196.5500030517578,199.2528076171875,13979919
2026-07-08 16:30:00+00:00,199.25999450683594,203.12899780273438,198.906494140625,203.0800018310547,16353935
2026-07-08 17:30:00+00:00,203.08999633789062,203.7100067138672,201.89999389648438,202.19000244140625,15515856
2026-07-08 18:30:00+00:00,202.1999969482422,204.8300018310547,202.09300231933594,204.4550018310547,17705271
2026-07-08 19:30:00+00:00,204.4550018310547,205.14999389648438,203.77000427246094,204.14999389648438,15113069
2026-07-08 20:00:00+00:00,204.12,215.6948,188.5275,202.9,0
2026-07-08 21:00:00+00:00,202.93,216.04,189.3442,203.1969,0
2026-07-08 22:00:00+00:00,203.1988,203.43,202.5801,202.9178,0
2026-07-08 23:00:00+00:00,202.88,203.68,202.8,203.62,0
2026-07-09 08:00:00+00:00,205.12,205.86,203.4,204.6,0
2026-07-09 09:00:00+00:00,204.69,205.0,203.8535,204.39,0
2026-07-09 10:00:00+00:00,204.38,204.79,204.05,204.69,0
2026-07-09 11:00:00+00:00,204.61,205.35,203.81,205.179,0
2026-07-09 12:00:00+00:00,205.28,206.24,205.13,205.8305,0
2026-07-09 13:00:00+00:00,205.775,206.34,204.27,204.41,0
2026-07-09 13:30:00+00:00,204.4600067138672,204.4600067138672,198.97000122070312,200.23500061035156,39934967
2026-07-09 14:30:00+00:00,200.24850463867188,202.1999969482422,199.30999755859375,201.72000122070312,16617266
2026-07-09 15:30:00+00:00,201.74000549316406,202.5084991455078,201.17030334472656,202.17630004882812,12019513
2026-07-09 16:30:00+00:00,202.19000244140625,203.3300018310547,201.63999938964844,202.8300018310547,9438328
2026-07-09 17:30:00+00:00,202.8300018310547,203.5500030517578,202.77000427246094,203.50999450683594,8857216
2026-07-09 18:30:00+00:00,203.52999877929688,204.5800018310547,202.97000122070312,203.7899932861328,12628428
2026-07-09 19:30:00+00:00,203.77999877929688,204.1300048828125,202.58999633789062,202.72999572753906,9554841
2026-07-09 20:00:00+00:00,202.69,203.17,194.83,202.54,0
2026-07-09 21:00:00+00:00,202.52,215.0322,188.646,202.7487,0
2026-07-09 22:00:00+00:00,202.75,202.8,202.11,202.3607,0
2026-07-09 23:00:00+00:00,202.395,202.66,202.16,202.315,0
2026-07-10 08:00:00+00:00,201.22,203.0975,201.1012,201.5382,0
2026-07-10 09:00:00+00:00,201.5363,201.8977,200.7,201.66,0
2026-07-10 10:00:00+00:00,201.66,201.9855,201.65,201.79,0
2026-07-10 11:00:00+00:00,201.8662,202.325,201.722,201.89,0
2026-07-10 12:00:00+00:00,201.89,201.98,201.0,201.57,0
2026-07-10 13:00:00+00:00,201.56,202.78,201.35,201.98,0
2026-07-10 13:30:00+00:00,201.9199981689453,208.13999938964844,201.9199981689453,207.3000030517578,36233936
2026-07-10 14:30:00+00:00,207.2899932861328,208.8000030517578,205.72000122070312,208.57000732421875,20223518
2026-07-10 15:30:00+00:00,208.58999633789062,210.55999755859375,207.66000366210938,209.7899932861328,21713068
2026-07-10 16:30:00+00:00,209.7949981689453,210.3800048828125,209.41000366210938,210.19000244140625,11647482
2026-07-10 17:30:00+00:00,210.19000244140625,210.87989807128906,209.92999267578125,210.30999755859375,13804151
2026-07-10 18:30:00+00:00,210.32000732421875,210.73989868164062,209.74000549316406,209.96609497070312,13506969
2026-07-10 19:30:00+00:00,209.97000122070312,211.0,209.55999755859375,210.9499969482422,13007287
2026-07-10 20:00:00+00:00,210.96,211.1,207.949,210.6682,0
2026-07-10 21:00:00+00:00,210.5822,216.0477,197.6362,210.34,0
2026-07-10 22:00:00+00:00,210.3512,210.64,210.33,210.612,0
2026-07-10 23:00:00+00:00,210.639,210.65,210.41,210.57,0
2026-07-13 08:00:00+00:00,207.72,208.46,205.92,207.1,0
2026-07-13 09:00:00+00:00,207.02,208.2,206.77,208.14,0
2026-07-13 10:00:00+00:00,208.1793,208.55,207.2195,207.35,0
2026-07-13 11:00:00+00:00,207.35,208.79,207.345,208.41,0
2026-07-13 12:00:00+00:00,208.42,210.433,207.7797,207.81,0
2026-07-13 13:00:00+00:00,207.78,208.82,207.41,208.61,0
2026-07-13 13:30:00+00:00,208.5399932861328,210.57000732421875,207.02000427246094,208.6300048828125,27014241
2026-07-13 14:30:00+00:00,208.6300048828125,208.8800048828125,206.63999938964844,207.80499267578125,13323007
2026-07-13 15:30:00+00:00,207.80999755859375,208.02999877929688,205.57000732421875,205.9199981689453,11983424
2026-07-13 16:30:00+00:00,205.9199981689453,205.9199981689453,203.83999633789062,204.24000549316406,12908962
2026-07-13 17:30:00+00:00,204.25,204.4499969482422,203.47000122070312,203.6300048828125,10329870
2026-07-13 18:30:00+00:00,203.61500549316406,204.5,203.35000610351562,203.8300018310547,9793873
2026-07-13 19:30:00+00:00,203.85000610351562,204.5,203.4199981689453,203.47999572753906,11656158
2026-07-13 20:00:00+00:00,203.94,216.0287,189.5638,203.6571,0
2026-07-13 21:00:00+00:00,203.64,216.0287,189.5442,203.62,0
2026-07-13 22:00:00+00:00,203.62,203.96,203.29,203.45,0
2026-07-13 23:00:00+00:00,203.47,203.66,202.75,203.25,0
2026-07-14 08:00:00+00:00,204.997,205.49,203.1087,205.3,0
2026-07-14 09:00:00+00:00,205.2985,205.3,204.44,204.44,0
2026-07-14 10:00:00+00:00,204.49,204.72,204.35,204.54,0
2026-07-14 11:00:00+00:00,204.54,206.3,204.31,206.0135,0
2026-07-14 12:00:00+00:00,206.0109,206.66,205.6,206.2708,0
2026-07-14 13:00:00+00:00,206.3,208.54,206.3,208.2,0
2026-07-14 13:30:00+00:00,208.1999969482422,208.33999633789062,203.8000030517578,205.53219604492188,25632188
2026-07-14 14:30:00+00:00,205.5399932861328,209.13999938964844,205.25,209.10000610351562,14604201
2026-07-14 15:30:00+00:00,209.1199951171875,209.5850067138672,208.3101043701172,209.55499267578125,12188634
2026-07-14 16:30:00+00:00,209.55999755859375,211.52000427246094,209.3000030517578,211.02999877929688,15022566
2026-07-14 17:30:00+00:00,211.02999877929688,212.10000610351562,210.50999450683594,211.77969360351562,11128924
2026-07-14 18:30:00+00:00,211.77999877929688,212.5399932861328,211.25999450683594,211.27499389648438,11614521
2026-07-14 19:30:00+00:00,211.27999877929688,212.3000030517578,211.02000427246094,211.8000030517578,12017876
2026-07-14 20:00:00+00:00,211.771,218.6291,198.508,211.631,0
2026-07-14 21:00:00+00:00,211.63,217.9895,201.3796,211.53,0
2026-07-14 22:00:00+00:00,211.56,211.65,211.25,211.4987,0
2026-07-14 23:00:00+00:00,211.4547,211.88,211.25,211.8192,0
2026-07-15 08:00:00+00:00,212.1657,213.21,210.5,210.91,0
2026-07-15 09:00:00+00:00,210.855,211.3988,210.5,211.1659,0
2026-07-15 10:00:00+00:00,211.12,211.295,210.6066,210.94,0
2026-07-15 11:00:00+00:00,210.97,212.0,210.7075,211.43,0
2026-07-15 12:00:00+00:00,211.4629,211.9,210.93,211.09,0
2026-07-15 13:00:00+00:00,211.0,212.0,210.82,212.0,0
2026-07-15 13:30:00+00:00,212.00999450683594,213.80999755859375,209.36000061035156,210.67999267578125,24516818
2026-07-15 14:30:00+00:00,210.67999267578125,210.82000732421875,208.3699951171875,209.5,14631685
2026-07-15 15:30:00+00:00,209.5050048828125,209.73779296875,206.52000427246094,206.86000061035156,15327331
2026-07-15 16:30:00+00:00,206.85499572753906,209.10989379882812,206.0399932861328,209.02999877929688,13390113
2026-07-15 17:30:00+00:00,209.02999877929688,211.0,208.86000061035156,210.47000122070312,10112385
2026-07-15 18:30:00+00:00,210.49000549316406,212.00999450683594,209.85000610351562,210.968505859375,11623451
2026-07-15 19:30:00+00:00,211.0,212.56930541992188,210.91000366210938,212.49000549316406,11587685
2026-07-15 20:00:00+00:00,212.5,226.2547,212.01,212.07,0
2026-07-15 21:00:00+00:00,212.1,226.2547,199.5629,211.82,0
2026-07-15 22:00:00+00:00,211.88,212.5,211.18,211.67,0
2026-07-15 23:00:00+00:00,211.66,211.8,211.1,211.2502,0
2026-07-16 08:00:00+00:00,210.92,212.5,208.8679,209.38,0
2026-07-16 09:00:00+00:00,209.5,210.5,209.3488,210.02,0
2026-07-16 10:00:00+00:00,210.02,210.2588,209.122,209.5668,0
2026-07-16 11:00:00+00:00,209.68,210.42,208.68,209.2,0
2026-07-16 12:00:00+00:00,209.1202,212.5,208.4,209.315,0
2026-07-16 13:00:00+00:00,209.315,210.74,208.61,210.17,0
2026-07-16 13:30:00+00:00,210.26499938964844,211.0800018310547,207.17999267578125,208.9698944091797,24620465
2026-07-16 14:30:00+00:00,208.9499969482422,209.14999389648438,205.85000610351562,207.05999755859375,18003767
2026-07-16 15:30:00+00:00,207.02999877929688,212.5,206.4644012451172,207.22000122070312,10939067
2026-07-16 16:30:00+00:00,207.22999572753906,207.81500244140625,206.6199951171875,207.32260131835938,8899771
2026-07-16 17:30:00+00:00,207.3300018310547,207.4499969482422,205.875,206.88999938964844,11882319
2026-07-16 18:30:00+00:00,206.8800048828125,207.66000366210938,206.13999938964844,206.47000122070312,9956016
2026-07-16 19:30:00+00:00,206.4600067138672,207.5399932861328,205.94000244140625,207.47000122070312,14191211
2026-07-16 20:00:00+00:00,207.49,207.49,206.5513,206.87,0
2026-07-16 21:00:00+00:00,206.8712,208.1399,202.2243,206.7295,0
2026-07-16 22:00:00+00:00,206.715,207.4,206.12,206.36,0
2026-07-16 23:00:00+00:00,206.3565,206.45,205.25,205.965,0
2026-07-17 08:00:00+00:00,201.23,207.4,200.14,200.595,0
2026-07-17 09:00:00+00:00,200.65,201.5917,200.33,201.3072,0
2026-07-17 10:00:00+00:00,201.3,202.42,201.07,202.33,0
2026-07-17 11:00:00+00:00,202.31,207.4,201.51,202.25,0
2026-07-17 12:00:00+00:00,202.35,202.73,201.43,201.91,0
2026-07-17 13:00:00+00:00,201.95,202.9,201.0,202.9,0
2026-07-17 13:30:00+00:00,202.73500061035156,206.1999969482422,197.97000122070312,203.8000030517578,54332090
2026-07-17 14:30:00+00:00,203.82000732421875,204.64500427246094,202.3699951171875,203.9250030517578,16729585
2026-07-17 15:30:00+00:00,203.9250030517578,205.39990234375,203.83999633789062,204.8350067138672,13260696
2026-07-17 16:30:00+00:00,204.8249969482422,206.64500427246094,204.55999755859375,206.13499450683594,10360412
2026-07-17 17:30:00+00:00,206.13999938964844,206.22999572753906,202.99000549316406,203.3957977294922,9230035
2026-07-17 18:30:00+00:00,203.36000061035156,203.89999389648438,201.63009643554688,202.96499633789062,11831616
2026-07-17 19:30:00+00:00,202.97000122070312,203.82000732421875,202.52000427246094,202.63999938964844,11012934
2026-07-17 20:00:00+00:00,202.647,208.8782,191.43,202.76,0
2026-07-17 21:00:00+00:00,202.76,204.4257,193.6731,202.675,0
2026-07-17 22:00:00+00:00,202.61,202.81,202.54,202.7246,0
2026-07-17 23:00:00+00:00,202.7492,202.8,202.4,202.4887,0
2026-07-20 08:00:00+00:00,203.12,204.04,202.53,203.89,0
2026-07-20 09:00:00+00:00,203.86,203.88,203.3,203.79,0
2026-07-20 10:00:00+00:00,203.75,204.29,203.7,204.17,0
2026-07-20 11:00:00+00:00,204.13,205.38,202.81,205.1,0
2026-07-20 12:00:00+00:00,205.06,206.42,205.03,205.97,0
2026-07-20 13:00:00+00:00,205.99,206.64,205.0,206.13,0
2026-07-20 13:30:00+00:00,205.97500610351562,207.74000549316406,204.66000366210938,205.93499755859375,21217575
2026-07-20 14:30:00+00:00,205.9261016845703,206.5050048828125,204.58009338378906,206.49000549316406,10233874
2026-07-20 15:30:00+00:00,206.4604949951172,206.53500366210938,204.77999877929688,205.27499389648438,8034257
2026-07-20 16:30:00+00:00,205.2899932861328,205.36000061035156,203.0426025390625,203.7899932861328,8684039
2026-07-20 17:30:00+00:00,203.7899932861328,205.01499938964844,203.6501007080078,204.30999755859375,6310147
2026-07-20 18:30:00+00:00,204.3105926513672,204.31500244140625,202.27999877929688,202.95989990234375,9559725
2026-07-20 19:30:00+00:00,202.9499969482422,203.44000244140625,202.5800018310547,203.3800048828125,7870520
2026-07-20 20:00:00+00:00,203.38,210.1876,191.226,202.72,0
2026-07-20 21:00:00+00:00,202.72,215.0513,189.5442,202.86,0
2026-07-20 22:00:00+00:00,202.9,202.92,202.3,202.4,0
2026-07-20 23:00:00+00:00,202.4475,203.24,202.31,203.0892,0
2026-07-21 08:00:00+00:00,204.59,205.56,203.28,205.53,0
2026-07-21 09:00:00+00:00,205.5,205.88,205.4242,205.524,0
2026-07-21 10:00:00+00:00,205.6662,205.79,205.34,205.5214,0
2026-07-21 11:00:00+00:00,205.5,205.81,203.28,205.38,0
2026-07-21 12:00:00+00:00,205.361,206.2,203.28,205.75,0
2026-07-21 13:00:00+00:00,205.75,207.55,205.5,207.5,0
2026-07-21 13:30:00+00:00,207.5399932861328,208.64999389648438,204.01010131835938,205.38999938964844,24526611
2026-07-21 14:30:00+00:00,205.3699951171875,206.72999572753906,204.70030212402344,206.60000610351562,11920887
2026-07-21 15:30:00+00:00,206.6199951171875,206.82000732421875,205.02000427246094,205.0850067138672,13342712
2026-07-21 16:30:00+00:00,205.0800018310547,206.36000061035156,204.8300018310547,206.125,11789499
2026-07-21 17:30:00+00:00,206.125,206.96499633789062,205.71119689941406,206.25,7310358
2026-07-21 18:30:00+00:00,206.24989318847656,207.34500122070312,206.22000122070312,206.77000427246094,10329363
2026-07-21 19:30:00+00:00,206.7899932861328,207.82009887695312,206.5,207.17999267578125,10439183
2026-07-21 20:00:00+00:00,207.29,219.4824,200.674,206.7,0
2026-07-21 21:00:00+00:00,206.77,213.2832,205.6974,206.77,0
2026-07-21 22:00:00+00:00,206.73,206.79,206.17,206.4,0
2026-07-21 23:00:00+00:00,206.4982,206.58,206.2,206.35,0
2026-07-22 08:00:00+00:00,205.55,207.29,204.64,205.2,0
2026-07-22 09:00:00+00:00,205.2,205.5188,204.9192,205.42,0
2026-07-22 10:00:00+00:00,205.38,205.8,204.95,205.695,0
2026-07-22 11:00:00+00:00,205.695,207.29,205.08,205.1975,0
2026-07-22 12:00:00+00:00,205.14,207.29,204.5,205.0,0
2026-07-22 13:00:00+00:00,204.99,207.29,204.5602,205.77,0
2026-07-22 13:30:00+00:00,205.80499267578125,208.22999572753906,204.9499969482422,206.79949951171875,20545500
2026-07-22 14:30:00+00:00,206.8000030517578,213.5458984375,206.4499969482422,212.1999969482422,26786013
2026-07-22 15:30:00+00:00,212.22500610351562,214.25999450683594,211.83999633789062,213.5,19851505
2026-07-22 16:30:00+00:00,213.49000549316406,214.38999938964844,213.1999969482422,213.75999450683594,13149669
2026-07-22 17:30:00+00:00,213.77000427246094,214.37989807128906,213.46009826660156,213.74000549316406,9948041
2026-07-22 18:30:00+00:00,213.72999572753906,214.2050018310547,212.91000366210938,213.35000610351562,11609223
2026-07-22 19:30:00+00:00,213.35000610351562,213.39999389648438,211.72000122070312,212.05990600585938,13401761
2026-07-22 20:00:00+00:00,212.0601,227.095,211.75,212.89,0
2026-07-22 21:00:00+00:00,212.89,227.095,210.18,211.07,0
2026-07-22 22:00:00+00:00,211.07,211.4462,210.35,211.1166,0
2026-07-22 23:00:00+00:00,211.12,212.05,210.8,212.04,0
2026-07-23 08:00:00+00:00,210.501,212.5,210.0065,210.898,0
2026-07-23 09:00:00+00:00,210.8798,211.86,210.803,211.0762,0
2026-07-23 10:00:00+00:00,210.97,211.1445,210.312,210.312,0
2026-07-23 11:00:00+00:00,210.388,212.06,210.3,210.5,0
2026-07-23 12:00:00+00:00,210.45,210.77,209.51,209.65,0
2026-07-23 13:00:00+00:00,209.62,209.9442,208.27,209.46,0
2026-07-23 13:30:00+00:00,209.39500427246094,210.8686981201172,208.0500030517578,208.5760040283203,24237343
2026-07-23 14:30:00+00:00,208.5399932861328,209.12989807128906,206.04010009765625,206.3800048828125,15403198
2026-07-23 15:30:00+00:00,206.34500122070312,209.81500244140625,205.9600067138672,209.6300048828125,11580527
2026-07-23 16:30:00+00:00,209.63999938964844,210.42999267578125,209.17999267578125,210.1300048828125,9217654
2026-07-23 17:30:00+00:00,210.13499450683594,210.1999969482422,208.19000244140625,208.57000732421875,7295185
2026-07-23 18:30:00+00:00,208.57980346679688,208.8249969482422,207.1199951171875,207.84500122070312,9313061
2026-07-23 19:30:00+00:00,207.85000610351562,208.97999572753906,206.88999938964844,208.6999969482422,10705777
2026-07-23 20:00:00+00:00,208.78,222.3682,203.2372,209.15,0
2026-07-23 21:00:00+00:00,209.1,215.0322,198.1799,208.4,0
2026-07-23 22:00:00+00:00,208.43,208.76,207.51,208.38,0
2026-07-23 23:00:00+00:00,208.4975,208.5,207.78,207.99,0
2026-07-24 08:00:00+00:00,206.59,208.76,206.1,207.3271,0
2026-07-24 09:00:00+00:00,207.39,208.28,207.023,208.274,0
2026-07-24 10:00:00+00:00,208.2642,208.5,207.7112,207.9927,0
2026-07-24 11:00:00+00:00,207.9732,208.49,207.52,208.24,0
2026-07-24 12:00:00+00:00,208.25,208.99,208.02,208.4859,0
2026-07-24 13:00:00+00:00,208.45,208.76,206.92,207.45,0
2026-07-24 13:30:00+00:00,207.55999755859375,208.60000610351562,205.6699981689453,208.11000061035156,20305939
2026-07-24 14:30:00+00:00,208.11000061035156,210.36000061035156,207.10000610351562,209.2100067138672,15086430
2026-07-24 15:30:00+00:00,209.2100067138672,211.90989685058594,208.97999572753906,210.77000427246094,14557643
2026-07-24 16:30:00+00:00,210.77499389648438,210.8800048828125,209.52000427246094,210.25,9038412
2026-07-24 17:30:00+00:00,210.27000427246094,210.52999877929688,207.72999572753906,207.8249969482422,7838822
2026-07-24 18:30:00+00:00,207.8300018310547,207.88580322265625,204.80999755859375,205.60659790039062,17993073
2026-07-24 19:30:00+00:00,205.60000610351562,207.17999267578125,205.2899932861328,206.9600067138672,13248396
2026-07-24 20:00:00+00:00,206.98,216.0477,192.6807,207.03,0
2026-07-24 21:00:00+00:00,207.03,216.0477,199.582,206.905,0
2026-07-24 22:00:00+00:00,206.9005,206.96,206.62,206.7127,0
2026-07-24 23:00:00+00:00,206.7246,206.82,206.5,206.7995,0
2026-07-27 08:00:00+00:00,208.7,209.75,208.34,209.282,0
2026-07-27 09:00:00+00:00,209.32,209.62,209.0417,209.1877,0
2026-07-27 10:00:00+00:00,209.13,209.2788,208.52,208.75,0
2026-07-27 11:00:00+00:00,208.7867,209.2,207.7635,207.88,0
2026-07-27 12:00:00+00:00,207.89,208.5975,207.8257,208.1387,0
2026-07-27 13:00:00+00:00,208.1387,208.89,207.5,208.19,0
2026-07-27 13:30:00+00:00,208.11000061035156,208.75,198.8800048828125,198.94500732421875,34792635
2026-07-27 14:30:00+00:00,198.9499969482422,200.0,196.77000427246094,197.06500244140625,27222128
2026-07-27 15:30:00+00:00,197.0749969482422,198.5399932861328,195.9199981689453,197.77999877929688,18304743
2026-07-27 16:30:00+00:00,197.77999877929688,198.14999389648438,195.44000244140625,195.57000732421875,12949732
2026-07-27 17:30:00+00:00,195.5800018310547,197.0800018310547,195.5,196.7050018310547,10165862
2026-07-27 18:30:00+00:00,196.69500732421875,198.02000427246094,196.08999633789062,197.72999572753906,12772277
2026-07-27 19:30:00+00:00,197.72999572753906,197.8300018310547,196.30999755859375,196.52000427246094,13711449
2026-07-27 20:00:00+00:00,196.53,206.0108,196.4,196.94,0
2026-07-27 21:00:00+00:00,196.91,206.0108,185.6813,197.01,0
2026-07-27 22:00:00+00:00,197.01,197.14,196.25,196.36,0
2026-07-27 23:00:00+00:00,196.3887,196.51,196.062,196.14,0
2026-07-28 08:00:00+00:00,194.2,196.51,193.0,194.33,0
2026-07-28 09:00:00+00:00,194.36,195.18,194.1042,194.65,0
2026-07-28 10:00:00+00:00,194.65,194.8135,194.31,194.6512,0
2026-07-28 11:00:00+00:00,194.7,196.51,193.607,194.7999,0
2026-07-28 12:00:00+00:00,194.75,196.08,194.03,195.79,0
2026-07-28 13:00:00+00:00,195.86,196.47,194.02,195.05,0
2026-07-28 13:30:00+00:00,194.9499969482422,195.4550018310547,192.74000549316406,194.08999633789062,36821242
2026-07-28 14:30:00+00:00,194.08999633789062,197.85000610351562,193.89999389648438,196.72000122070312,20666546
2026-07-28 15:30:00+00:00,196.6999969482422,198.6999969482422,196.44000244140625,197.27999877929688,13377269
2026-07-28 16:30:00+00:00,197.27999877929688,198.2449951171875,196.60000610351562,197.6999969482422,10884017
2026-07-28 17:30:00+00:00,197.69009399414062,198.08990478515625,196.64999389648438,196.7050018310547,6939840
2026-07-28 18:30:00+00:00,196.7050018310547,198.02999877929688,196.53309631347656,197.88999938964844,10170431
2026-07-28 19:30:00+00:00,197.91000366210938,198.14999389648438,196.75,196.9499969482422,13539085
2026-07-28 20:00:00+00:00,197.01,201.3796,183.6614,197.21,0
2026-07-28 21:00:00+00:00,197.21,201.3796,183.6614,196.89,0
2026-07-28 22:00:00+00:00,196.8966,197.24,195.5,195.53,0
2026-07-28 23:00:00+00:00,195.5001,197.75,195.0,197.63,0
2026-07-29 08:00:00+00:00,196.13,197.01,194.0432,195.6685,0
2026-07-29 09:00:00+00:00,195.78,197.6022,195.67,197.33,0
2026-07-29 10:00:00+00:00,197.27,198.3,197.09,197.58,0
2026-07-29 11:00:00+00:00,197.63,197.78,196.68,197.48,0
2026-07-29 12:00:00+00:00,197.48,197.6,196.3,196.37,0
2026-07-29 13:00:00+00:00,196.43,197.15,194.5,195.81,0
2026-07-29 13:30:00+00:00,195.84500122070312,197.07400512695312,190.92300415039062,191.63499450683594,26776737
2026-07-29 14:30:00+00:00,191.61000061035156,193.16000366210938,190.9600067138672,192.375,13980503
2026-07-29 15:30:00+00:00,192.375,192.60000610351562,190.6820068359375,191.58999633789062,14222182
2026-07-29 16:30:00+00:00,191.5749969482422,193.0800018310547,191.27999877929688,192.16949462890625,12697362
2026-07-29 17:30:00+00:00,192.110107421875,194.0570068359375,191.7100067138672,193.1999969482422,13691975
2026-07-29 18:30:00+00:00,193.17100524902344,196.32989501953125,192.56500244140625,193.3699951171875,15825181
2026-07-29 19:30:00+00:00,193.3800048828125,193.7550048828125,190.02000427246094,190.05999755859375,21014144
2026-07-29 20:00:00+00:00,190.01,202.04,177.0854,189.6912,0
2026-07-29 21:00:00+00:00,189.6529,199.5629,177.0854,189.29,0
2026-07-29 22:00:00+00:00,189.28,192.15,189.2,190.98,0
2026-07-29 23:00:00+00:00,190.98,191.8,190.95,191.2641,0
2026-07-30 08:00:00+00:00,191.3,192.0,190.01,191.4304,0
2026-07-30 09:00:00+00:00,191.45,192.66,191.4142,192.45,0
2026-07-30 10:00:00+00:00,192.48,192.6957,191.45,192.58,0
2026-07-30 11:00:00+00:00,192.697,193.45,190.01,193.3483,0
2026-07-30 12:00:00+00:00,193.3485,194.3,192.86,193.64,0
2026-07-30 13:00:00+00:00,193.5507,194.66,192.97,193.31,0
2026-07-30 13:30:00+00:00,193.4499969482422,197.17999267578125,191.52000427246094,196.80999755859375,33838063
2026-07-30 14:30:00+00:00,196.80999755859375,197.25,193.43499755859375,193.50999450683594,19038422
2026-07-30 15:30:00+00:00,193.50999450683594,194.3699951171875,192.72999572753906,193.80999755859375,13266492
2026-07-30 16:30:00+00:00,193.80999755859375,194.01499938964844,192.67999267578125,193.6199951171875,8373037
2026-07-30 17:30:00+00:00,193.6199951171875,194.07000732421875,193.0601043701172,193.49000549316406,7580624
2026-07-30 18:30:00+00:00,193.49000549316406,194.9250030517578,193.13999938964844,194.05499267578125,10395289
2026-07-30 19:30:00+00:00,194.0399932861328,195.32550048828125,193.99000549316406,195.14999389648438,11945984
2026-07-30 20:00:00+00:00,195.04,196.3599,182.2548,195.4754,0
2026-07-30 21:00:00+00:00,195.48,203.8033,182.0157,195.48,0
2026-07-30 22:00:00+00:00,195.48,196.23,195.23,196.01,0
2026-07-30 23:00:00+00:00,196.07,196.85,196.01,196.839,0
2026-07-31 08:00:00+00:00,198.4897,198.8,195.04,198.7,0
2026-07-31 09:00:00+00:00,198.68,198.77,198.05,198.0977,0
2026-07-31 10:00:00+00:00,198.11,198.3997,197.65,198.0215,0
2026-07-31 11:00:00+00:00,198.02,198.18,197.2,197.25,0
2026-07-31 12:00:00+00:00,197.32,197.8,195.04,196.99,0
2026-07-31 13:00:00+00:00,196.9888,198.68,196.4,198.57,0
2026-07-31 13:30:00+00:00,198.4405059814453,200.08999633789062,194.9499969482422,196.9949951171875,29866755
2026-07-31 14:30:00+00:00,197.0,198.92999267578125,195.32000732421875,195.6199951171875,14917314
2026-07-31 15:30:00+00:00,195.60000610351562,198.02000427246094,195.2386932373047,198.02000427246094,9730128
2026-07-31 16:30:00+00:00,198.0449981689453,199.3199005126953,197.5,199.2550048828125,9171395
2026-07-31 17:30:00+00:00,199.2550048828125,199.97000122070312,198.49000549316406,198.5500946044922,9755690
2026-07-31 18:30:00+00:00,198.59500122070312,201.1199951171875,198.25999450683594,200.30499267578125,15913383
2026-07-31 19:30:00+00:00,200.30499267578125,201.97000122070312,199.8800048828125,200.80999755859375,19652521
2026-07-31 20:00:00+00:00,200.75,200.8,199.49,199.49,0
2026-07-31 21:00:00+00:00,199.5294,208.9337,193.7188,199.04,0
2026-07-31 22:00:00+00:00,199.05,200.75,198.9,198.9671,0
2026-07-31 23:00:00+00:00,198.9671,199.2,198.94,198.9495,0
2026-08-03 08:00:00+00:00,201.99,202.7477,199.66,199.99,0
2026-08-03 09:00:00+00:00,199.92,200.9,199.6645,200.72,0
2026-08-03 10:00:00+00:00,200.63,200.8857,199.66,199.95,0
2026-08-03 11:00:00+00:00,199.96,200.46,199.25,199.343,0
2026-08-03 12:00:00+00:00,199.31,199.8506,197.944,198.53,0
2026-08-03 13:00:00+00:00,198.7582,199.29,196.75,197.69,0
2026-08-03 13:30:00+00:00,198.5,205.72000122070312,198.08999633789062,205.39010620117188,33652814
2026-08-03 14:30:00+00:00,205.38999938964844,207.39999389648438,204.8000946044922,206.4149932861328,19086003
2026-08-03 15:30:00+00:00,206.4199981689453,207.47999572753906,206.27000427246094,207.08999633789062,11203186
2026-08-03 16:30:00+00:00,207.08680725097656,208.67990112304688,206.69000244140625,208.59500122070312,9609744
2026-08-03 17:30:00+00:00,208.5998992919922,208.74000549316406,207.57000732421875,207.7100067138672,10728882
2026-08-03 18:30:00+00:00,207.6999969482422,208.72000122070312,207.60000610351562,207.83999633789062,9701905
2026-08-03 19:30:00+00:00,207.85000610351562,207.9199981689453,205.9199981689453,206.69000244140625,11942945
2026-08-03 20:00:00+00:00,206.68,220.9158,202.5263,206.6546,0
2026-08-03 21:00:00+00:00,206.67,220.9367,199.8468,206.76,0
2026-08-03 22:00:00+00:00,206.7491,207.4032,206.72,206.9934,0
2026-08-03 23:00:00+00:00,206.99,207.06,206.72,206.8031,0
2026-08-04 08:00:00+00:00,207.76,208.7,206.64,208.45,0
2026-08-04 09:00:00+00:00,208.41,208.5,207.8255,208.35,0
2026-08-04 10:00:00+00:00,208.37,208.71,208.1012,208.5575,0
2026-08-04 11:00:00+00:00,208.55,209.63,208.29,209.63,0
2026-08-04 12:00:00+00:00,209.6062,210.68,209.1652,210.0803,0
2026-08-04 13:00:00+00:00,210.08,211.57,209.78,211.44,0
2026-08-04 13:30:00+00:00,210.67999267578125,212.1708984375,209.11500549316406,210.2624053955078,29989052
2026-08-04 14:30:00+00:00,210.24000549316406,211.03990173339844,209.0500030517578,209.89999389648438,14932802
2026-08-04 15:30:00+00:00,209.89999389648438,210.9499969482422,209.6199951171875,210.22030639648438,9540619
2026-08-04 16:30:00+00:00,210.22000122070312,211.64999389648438,209.94000244140625,211.4600067138672,9087924
2026-08-04 17:30:00+00:00,211.4698944091797,212.64999389648438,211.0399932861328,212.55999755859375,12059709
2026-08-04 18:30:00+00:00,212.57000732421875,213.05999755859375,212.1999969482422,212.49000549316406,13768942
2026-08-04 19:30:00+00:00,212.48500061035156,212.97999572753906,211.80999755859375,211.83999633789062,11957434
2026-08-04 20:00:00+00:00,211.94,213.93,209.29,213.73,0
2026-08-04 21:00:00+00:00,213.7472,224.9013,200.674,215.1,0
2026-08-04 22:00:00+00:00,215.1003,216.6,211.94,216.58,0
2026-08-04 23:00:00+00:00,216.4901,217.1,216.01,216.5,0
2026-08-05 08:00:00+00:00,216.64,217.8087,211.94,216.2267,0
2026-08-05 09:00:00+00:00,216.15,216.2365,215.53,216.14,0
2026-08-05 10:00:00+00:00,216.178,216.3,215.65,215.97,0
2026-08-05 11:00:00+00:00,215.99,216.68,215.36,215.5,0
2026-08-05 12:00:00+00:00,215.43,216.0,214.8,215.15,0
2026-08-05 13:00:00+00:00,215.1162,217.69,214.95,216.85,0
2026-08-05 13:30:00+00:00,216.86000061035156,222.22000122070312,216.39999389648438,220.72779846191406,54180378
2026-08-05 14:30:00+00:00,220.6999969482422,220.72999572753906,218.35000610351562,219.11000061035156,17737803
2026-08-05 15:30:00+00:00,219.0989990234375,221.3699951171875,218.44000244140625,221.1699981689453,14334618
2026-08-05 16:30:00+00:00,221.1699981689453,221.60000610351562,220.6082000732422,221.0500030517578,12081572
2026-08-05 17:30:00+00:00,221.05999755859375,221.8000030517578,220.59010314941406,221.73980712890625,9319375
2026-08-05 18:30:00+00:00,221.74000549316406,222.17999267578125,221.1699981689453,221.8350067138672,14860918
2026-08-05 19:30:00+00:00,221.8300018310547,221.8699951171875,218.85000610351562,219.1999969482422,15732584
2026-08-05 20:00:00+00:00,219.22,233.4137,215.6948,219.9604,0
2026-08-05 21:00:00+00:00,219.96,234.2166,215.6948,219.86,0
2026-08-05 22:00:00+00:00,219.83,221.16,219.22,220.82,0
2026-08-05 23:00:00+00:00,220.84,221.0,220.5,220.7423,0
2026-08-06 08:00:00+00:00,220.1187,220.42,218.4027,219.43,0
2026-08-06 09:00:00+00:00,219.49,220.0,218.75,218.83,0
2026-08-06 10:00:00+00:00,218.82,219.9,218.8012,219.8475,0
2026-08-06 11:00:00+00:00,219.75,220.89,218.8,220.6083,0
2026-08-06 12:00:00+00:00,220.6424,222.38,220.61,221.4331,0
2026-08-06 13:00:00+00:00,221.4,222.15,220.3,221.5983,0
2026-08-06 13:30:00+00:00,221.52999877929688,223.62750244140625,219.33009338378906,219.81500244140625,33560480
2026-08-06 14:30:00+00:00,219.82179260253906,219.9698944091797,217.7100067138672,218.2041015625,17120226
2026-08-06 15:30:00+00:00,218.2100067138672,219.1300048828125,217.27000427246094,218.52999877929688,11943067
2026-08-06 16:30:00+00:00,218.5399932861328,219.75,218.47999572753906,218.9600067138672,8048183
2026-08-06 17:30:00+00:00,218.97000122070312,220.91000366210938,217.38999938964844,220.41000366210938,8250020
2026-08-06 18:30:00+00:00,220.4149932861328,220.4499969482422,219.41000366210938,219.85000610351562,9312481
2026-08-06 19:30:00+00:00,219.86000061035156,220.2899932861328,218.57000732421875,218.99000549316406,10008767
2026-08-06 20:00:00+00:00,218.99,222.3682,211.4094,218.9688,0
2026-08-06 21:00:00+00:00,218.95,230.3812,206.172,218.7122,0
2026-08-06 22:00:00+00:00,218.83,219.68,218.7,219.56,0
2026-08-06 23:00:00+00:00,219.57,219.78,219.4,219.42,0
2026-08-07 08:00:00+00:00,218.84,220.1557,218.4742,219.8,0
2026-08-07 09:00:00+00:00,219.9,220.15,219.8,219.99,0
2026-08-07 10:00:00+00:00,219.95,220.0738,219.2,219.54,0
2026-08-07 11:00:00+00:00,219.62,220.41,218.99,220.33,0
2026-08-07 12:00:00+00:00,220.3475,220.59,219.6,219.9504,0
2026-08-07 13:00:00+00:00,219.98,221.91,219.6905,221.52,0
2026-08-07 13:30:00+00:00,222.0,223.4499969482422,220.66000366210938,223.3498992919922,24342350
2026-08-07 14:30:00+00:00,223.3300018310547,224.64999389648438,222.67999267578125,224.1999969482422,15850676
2026-08-07 15:30:00+00:00,224.2100067138672,224.75999450683594,222.25,222.4499969482422,12096313
2026-08-07 16:30:00+00:00,222.4600067138672,222.64999389648438,221.55039978027344,221.8249969482422,9554800
2026-08-07 17:30:00+00:00,221.8249969482422,222.39999389648438,221.67999267578125,221.94500732421875,5864404
2026-08-07 18:30:00+00:00,221.9600067138672,223.13999938964844,221.76499938964844,223.0399932861328,8282356
2026-08-07 19:30:00+00:00,223.0399932861328,224.2100067138672,222.38999938964844,223.97999572753906,11686341
2026-08-07 20:00:00+00:00,223.96,224.0,223.26,223.6,0
2026-08-07 21:00:00+00:00,223.6183,249.1383,158.04,223.3547,0
2026-08-07 22:00:00+00:00,223.354,223.449,223.2,223.44,0
2026-08-07 23:00:00+00:00,223.44,223.92,223.3,223.7619,0
2026-08-10 08:00:00+00:00,224.858,225.58,224.4317,224.99,0
2026-08-10 09:00:00+00:00,224.98,225.1888,224.7012,224.78,0
2026-08-10 10:00:00+00:00,224.78,224.99,224.6,224.87,0
2026-08-10 11:00:00+00:00,224.87,225.1888,223.96,224.62,0
2026-08-10 12:00:00+00:00,224.6102,224.63,223.04,223.33,0
2026-08-10 13:00:00+00:00,223.3299,223.91,222.28,223.32,0
2026-08-10 13:30:00+00:00,223.4499969482422,224.1378936767578,220.17999267578125,220.4001007080078,23836130
2026-08-10 14:30:00+00:00,220.39999389648438,221.13999938964844,218.92999267578125,219.4499969482422,14292207
2026-08-10 15:30:00+00:00,219.42999267578125,220.60000610351562,218.34010314941406,218.34010314941406,13335496
2026-08-10 16:30:00+00:00,218.36000061035156,219.0,216.77000427246094,218.4980926513672,17200195
2026-08-10 17:30:00+00:00,218.48989868164062,219.0449981689453,217.8300018310547,218.5399932861328,8173686
2026-08-10 18:30:00+00:00,218.5449981689453,219.4499969482422,218.3699951171875,219.1488037109375,8153843
2026-08-10 19:30:00+00:00,219.14999389648438,219.21499633789062,217.3699951171875,217.55999755859375,10481185
2026-08-10 20:00:00+00:00,217.541,219.66,206.0108,219.3412,0
2026-08-10 21:00:00+00:00,219.35,229.1204,206.0108,218.959,0
2026-08-10 22:00:00+00:00,218.94,219.4,218.5512,218.64,0
2026-08-10 23:00:00+00:00,218.66,218.7,217.9,217.99,0
2026-08-11 08:00:00+00:00,218.6085,219.61,217.55,218.65,0
2026-08-11 09:00:00+00:00,218.64,219.9367,218.31,219.75,0
2026-08-11 10:00:00+00:00,219.79,220.01,219.2,219.89,0
2026-08-11 11:00:00+00:00,219.89,220.35,219.6,219.8701,0
2026-08-11 12:00:00+00:00,219.9132,221.25,219.691,221.161,0
2026-08-11 13:00:00+00:00,221.18,222.45,220.82,222.45,0
2026-08-11 13:30:00+00:00,222.14999389648438,222.1999969482422,218.8300018310547,219.5749969482422,25985660
2026-08-11 14:30:00+00:00,219.58999633789062,220.55999755859375,218.46499633789062,219.0800018310547,12698811
2026-08-11 15:30:00+00:00,219.08999633789062,219.3800048828125,218.25,218.6699981689453,7908260
2026-08-11 16:30:00+00:00,218.6699981689453,219.2698974609375,216.72000122070312,217.28509521484375,9786776
2026-08-11 17:30:00+00:00,217.28500366210938,217.83999633789062,216.3000030517578,216.47000122070312,7055894
2026-08-11 18:30:00+00:00,216.47999572753906,217.97000122070312,216.39999389648438,217.85499572753906,7567601
2026-08-11 19:30:00+00:00,217.86000061035156,218.17999267578125,216.89280700683594,217.47999572753906,11068340
2026-08-11 20:00:00+00:00,217.48,218.6291,212.9972,217.6012,0
2026-08-11 21:00:00+00:00,217.6487,218.1,212.9972,217.9139,0
2026-08-11 22:00:00+00:00,217.9877,218.23,217.7,218.2165,0
2026-08-11 23:00:00+00:00,218.229,218.23,217.94,218.0385,0
2026-08-12 08:00:00+00:00,218.31,219.2033,217.5,218.95,0
2026-08-12 09:00:00+00:00,218.96,219.7774,218.82,219.61,0
2026-08-12 10:00:00+00:00,219.5112,220.27,219.5112,220.0052,0
2026-08-12 11:00:00+00:00,220.0071,220.1,219.2,219.3,0
2026-08-12 12:00:00+00:00,219.2822,219.781,219.03,219.735,0
2026-08-12 13:00:00+00:00,219.79,221.18,208.8008,220.79,0
2026-08-12 13:30:00+00:00,221.0399932861328,224.72999572753906,220.1999969482422,224.47659301757812,32684933
2026-08-12 14:30:00+00:00,224.4499969482422,225.10000610351562,223.35000610351562,223.83990478515625,15909944
2026-08-12 15:30:00+00:00,223.85000610351562,223.94000244140625,222.89010620117188,223.22000122070312,9441156
2026-08-12 16:30:00+00:00,223.22079467773438,224.2899932861328,222.67010498046875,224.10009765625,8219260
2026-08-12 17:30:00+00:00,224.0904998779297,224.22000122070312,223.1699981689453,224.1199951171875,7219140
2026-08-12 18:30:00+00:00,224.1199951171875,224.4499969482422,222.80999755859375,223.0,7523883
2026-08-12 19:30:00+00:00,222.99000549316406,224.3498992919922,222.22999572753906,224.1300048828125,10766745
2026-08-12 20:00:00+00:00,224.09,226.2547,207.6764,223.4765,0
2026-08-12 21:00:00+00:00,223.41,226.2547,223.35,223.7805,0
2026-08-12 22:00:00+00:00,223.7995,223.8062,223.3545,223.55,0
2026-08-12 23:00:00+00:00,223.549,223.88,223.51,223.7415,0
2026-08-13 08:00:00+00:00,224.43,224.7882,223.6012,224.1105,0
2026-08-13 09:00:00+00:00,224.08,224.187,223.3,223.5537,0
2026-08-13 10:00:00+00:00,223.5012,224.4255,223.5012,224.3755,0
2026-08-13 11:00:00+00:00,224.35,224.55,223.72,223.83,0
2026-08-13 12:00:00+00:00,223.85,224.15,222.95,223.639,0
2026-08-13 13:00:00+00:00,223.6338,225.2399,223.3096,225.11,0
2026-08-13 13:30:00+00:00,225.05499267578125,227.22999572753906,224.13499450683594,226.02999877929688,29866520
2026-08-13 14:30:00+00:00,226.03500366210938,226.47999572753906,224.3000030517578,224.4499969482422,12534298
2026-08-13 15:30:00+00:00,224.4481964111328,225.4600067138672,223.7100067138672,225.2899932861328,8854908
2026-08-13 16:30:00+00:00,225.3000030517578,225.90989685058594,224.9600067138672,225.34500122070312,6232415
2026-08-13 17:30:00+00:00,225.34500122070312,225.74000549316406,225.0399932861328,225.625,5719340
2026-08-13 18:30:00+00:00,225.6284942626953,226.24000549316406,225.4199981689453,225.77999877929688,8365507
2026-08-13 19:30:00+00:00,225.75999450683594,226.1999969482422,224.85000610351562,225.3699951171875,10655293
2026-08-13 20:00:00+00:00,225.3,228.6601,222.3682,225.36,0
2026-08-13 21:00:00+00:00,225.3828,233.7118,223.8906,225.54,0
2026-08-13 22:00:00+00:00,225.5209,225.77,225.3,225.6434,0
2026-08-13 23:00:00+00:00,225.795,226.0,225.41,225.4256,0
2026-08-14 08:00:00+00:00,225.05,225.52,224.805,225.3037,0
2026-08-14 09:00:00+00:00,225.3078,226.12,225.3078,226.0071,0
2026-08-14 10:00:00+00:00,226.0,226.44,225.76,226.045,0
2026-08-14 11:00:00+00:00,226.09,226.4385,225.76,225.8092,0
2026-08-14 12:00:00+00:00,225.78,225.99,225.19,225.7,0
2026-08-14 13:00:00+00:00,225.7,226.795,225.6301,226.75,0
2026-08-14 13:30:00+00:00,226.8000030517578,227.49000549316406,224.5,225.11500549316406,19626364
2026-08-14 14:30:00+00:00,225.11500549316406,226.94000244140625,224.92999267578125,225.54800415039062,10960396
2026-08-14 15:30:00+00:00,225.5399932861328,225.8000030517578,224.6199951171875,225.64999389648438,6741009
2026-08-14 16:30:00+00:00,225.63999938964844,225.7100067138672,224.9499969482422,225.1199951171875,5873716
2026-08-14 17:30:00+00:00,225.1199951171875,226.5,224.55999755859375,224.72000122070312,5731432
2026-08-14 18:30:00+00:00,224.6999969482422,225.4499969482422,224.64999389648438,225.1300048828125,6670272
2026-08-14 19:30:00+00:00,225.1649932861328,225.92999267578125,224.86000061035156,225.16000366210938,19538830
2026-08-14 20:00:00+00:00,225.09,234.8373,221.6373,224.9604,0
2026-08-14 21:00:00+00:00,224.9987,236.5457,221.6755,224.9614,0
2026-08-14 22:00:00+00:00,224.9614,225.16,224.8595,224.87,0
2026-08-14 23:00:00+00:00,224.88,225.0,224.7,224.72,0
2026-08-17 08:00:00+00:00,225.79,226.55,225.5103,226.32,0
2026-08-17 09:00:00+00:00,226.34,226.35,225.9325,226.0275,0
2026-08-17 10:00:00+00:00,225.95,226.4755,225.932,226.45,0
2026-08-17 11:00:00+00:00,226.38,226.79,226.049,226.5423,0
2026-08-17 12:00:00+00:00,226.54,227.1288,224.598,226.88,0
2026-08-17 13:00:00+00:00,226.86,227.08,225.5,226.01,0
2026-08-17 13:30:00+00:00,226.02000427246094,227.1699981689453,225.02999877929688,226.60000610351562,19035868
2026-08-17 14:30:00+00:00,226.60000610351562,227.75,225.61000061035156,227.44000244140625,15492978
2026-08-17 15:30:00+00:00,227.46499633789062,227.9199981689453,226.71200561523438,227.0303955078125,9952374
2026-08-17 16:30:00+00:00,227.03089904785156,227.2100067138672,225.8300018310547,225.9199981689453,6804284
2026-08-17 17:30:00+00:00,225.91000366210938,226.27999877929688,225.38999938964844,225.52999877929688,6431278
2026-08-17 18:30:00+00:00,225.5301055908203,225.9149932861328,225.35000610351562,225.5,5615571
2026-08-17 19:30:00+00:00,225.49000549316406,226.00999450683594,224.86000061035156,225.0500030517578,8321416
2026-08-17 20:00:00+00:00,225.01,235.9964,219.22,225.0222,0
2026-08-17 21:00:00+00:00,225.0062,246.7079,171.9907,225.06,0
2026-08-17 22:00:00+00:00,225.06,225.16,224.9324,225.08,0
2026-08-17 23:00:00+00:00,225.075,225.31,225.011,225.15,0
2026-08-18 08:00:00+00:00,222.315,225.01,220.63,221.04,0
2026-08-18 09:00:00+00:00,221.07,221.2,219.77,219.89,0
2026-08-18 10:00:00+00:00,219.83,220.66,219.53,220.355,0
2026-08-18 11:00:00+00:00,220.39,220.96,220.3415,220.62,0
2026-08-18 12:00:00+00:00,220.61,221.16,220.5,220.7601,0
2026-08-18 13:00:00+00:00,220.76,221.66,219.75,220.31,0
2026-08-18 13:30:00+00:00,220.4499969482422,221.63999938964844,218.8350067138672,219.97000122070312,26756702
2026-08-18 14:30:00+00:00,219.94000244140625,220.52999877929688,218.69020080566406,219.53970336914062,13264389
2026-08-18 15:30:00+00:00,219.52999877929688,220.36000061035156,219.32000732421875,219.52999877929688,8440865
2026-08-18 16:30:00+00:00,219.52999877929688,220.4499969482422,219.38999938964844,220.3300018310547,7609414
2026-08-18 17:30:00+00:00,220.30999755859375,220.50999450683594,219.2220001220703,219.93499755859375,7081084
2026-08-18 18:30:00+00:00,219.92999267578125,220.19000244140625,219.1300048828125,219.24000549316406,7061411
2026-08-18 19:30:00+00:00,219.24000549316406,220.02999877929688,218.9199981689453,219.8000030517578,12278943
2026-08-18 20:00:00+00:00,219.81,234.7265,208.233,219.62,0
2026-08-18 21:00:00+00:00,219.63,224.9013,208.233,219.4302,0
2026-08-18 22:00:00+00:00,219.49,219.74,218.93,219.05,0
2026-08-18 23:00:00+00:00,219.03,219.37,218.93,219.25,0
2026-08-19 08:00:00+00:00,219.4,221.14,218.53,220.71,0
2026-08-19 09:00:00+00:00,220.708,220.9988,220.195,220.22,0
2026-08-19 10:00:00+00:00,220.4,220.57,219.85,220.45,0
2026-08-19 11:00:00+00:00,220.47,220.84,219.74,220.19,0
2026-08-19 12:00:00+00:00,220.1987,220.7272,219.463,220.19,0
2026-08-19 13:00:00+00:00,220.23,222.071,219.8,221.67,0
2026-08-19 13:30:00+00:00,221.6699981689453,222.8699951171875,216.75999450683594,218.14999389648438,25906631
2026-08-19 14:30:00+00:00,218.14999389648438,219.9499969482422,217.9600067138672,219.27000427246094,11630304
2026-08-19 15:30:00+00:00,219.2550048828125,220.64999389648438,218.64010620117188,219.4001007080078,9384406
2026-08-19 16:30:00+00:00,219.3800048828125,219.52490234375,218.75999450683594,218.9813995361328,6246936
2026-08-19 17:30:00+00:00,218.9803924560547,219.77999877929688,218.6300048828125,219.16000366210938,6294469
2026-08-19 18:30:00+00:00,219.16000366210938,219.99000549316406,219.14999389648438,219.53500366210938,6058312
2026-08-19 19:30:00+00:00,219.5399932861328,219.84500122070312,217.0399932861328,217.64999389648438,11947374
2026-08-19 20:00:00+00:00,217.56,227.095,215.33,218.0446,0
2026-08-19 21:00:00+00:00,218.06,227.095,215.6948,218.3193,0
2026-08-19 22:00:00+00:00,218.32,218.91,217.56,218.6,0
2026-08-19 23:00:00+00:00,218.67,219.0,218.56,218.8244,0
2026-08-20 08:00:00+00:00,219.09,219.5,217.56,218.34,0
2026-08-20 09:00:00+00:00,218.48,218.65,217.8855,218.51,0
2026-08-20 10:00:00+00:00,218.46,218.65,218.2512,218.6159,0
2026-08-20 11:00:00+00:00,218.6475,218.9,218.01,218.0457,0
2026-08-20 12:00:00+00:00,218.04,218.32,216.43,216.97,0
2026-08-20 13:00:00+00:00,216.97,218.54,216.61,218.38,0
2026-08-20 13:30:00+00:00,218.36000061035156,219.86000061035156,216.7100067138672,217.5,19258361
2026-08-20 14:30:00+00:00,217.5,218.97000122070312,216.63999938964844,216.8300018310547,11502198
2026-08-20 15:30:00+00:00,216.8000030517578,216.9600067138672,215.66000366210938,216.83999633789062,8087364
2026-08-20 16:30:00+00:00,216.8350067138672,217.97999572753906,216.1999969482422,216.2949981689453,8404406
2026-08-20 17:30:00+00:00,216.3000030517578,217.0,216.17999267578125,216.9199981689453,5010054
2026-08-20 18:30:00+00:00,216.88099670410156,217.4600067138672,216.47000122070312,217.4499969482422,6606937
2026-08-20 19:30:00+00:00,217.44000244140625,217.44000244140625,216.35499572753906,217.0500030517578,8167918
2026-08-20 20:00:00+00:00,217.01,217.14,216.65,217.0,0
2026-08-20 21:00:00+00:00,217.02,230.3812,203.2372,217.1605,0
2026-08-20 22:00:00+00:00,217.199,217.24,216.54,217.15,0
2026-08-20 23:00:00+00:00,217.1912,217.24,217.02,217.05,0
2026-08-21 08:00:00+00:00,217.75,218.3,216.85,218.0,0
2026-08-21 09:00:00+00:00,217.96,218.48,213.02,216.51,0
2026-08-21 10:00:00+00:00,216.48,217.65,216.36,217.6,0
2026-08-21 11:00:00+00:00,217.6,218.38,217.25,218.219,0
2026-08-21 12:00:00+00:00,218.22,218.66,217.76,218.12,0
2026-08-21 13:00:00+00:00,218.136,218.7097,216.12,218.45,0
2026-08-21 13:30:00+00:00,218.4199981689453,218.74000549316406,214.5850067138672,214.6446075439453,32276874
2026-08-21 14:30:00+00:00,214.64990234375,215.9499969482422,214.5,215.8300018310547,10991780
2026-08-21 15:30:00+00:00,215.82000732421875,217.02499389648438,215.4300994873047,215.67999267578125,9577215
2026-08-21 16:30:00+00:00,215.67010498046875,215.82000732421875,214.63499450683594,215.0800018310547,7493432
2026-08-21 17:30:00+00:00,215.0850067138672,216.12680053710938,214.89999389648438,215.3699951171875,7216980
2026-08-21 18:30:00+00:00,215.36000061035156,215.4600067138672,214.72500610351562,214.8800048828125,6506839
2026-08-21 19:30:00+00:00,214.8800048828125,215.47999572753906,214.57000732421875,214.75,8523398
2026-08-21 20:00:00+00:00,214.76,215.15,214.69,215.03,0
2026-08-21 21:00:00+00:00,215.04,216.0477,214.72,215.18,0
2026-08-21 22:00:00+00:00,215.179,215.39,214.72,215.3619,0
2026-08-21 23:00:00+00:00,215.3643,215.48,215.32,215.38,0
2026-08-24 08:00:00+00:00,215.18,216.4,214.3,214.87,0
2026-08-24 09:00:00+00:00,215.0,215.5,214.6125,214.7627,0
2026-08-24 10:00:00+00:00,214.7828,215.4,214.7,214.9,0
2026-08-24 11:00:00+00:00,214.9,215.25,212.81,214.01,0
2026-08-24 12:00:00+00:00,214.1,214.89,214.01,214.7,0
2026-08-24 13:00:00+00:00,214.7,215.9,214.3,215.73,0
2026-08-24 13:30:00+00:00,215.3800048828125,215.58999633789062,208.6199951171875,209.36000061035156,33308701
2026-08-24 14:30:00+00:00,209.35000610351562,210.34500122070312,208.86000061035156,209.8699951171875,16077894
2026-08-24 15:30:00+00:00,209.85499572753906,211.02999877929688,209.58999633789062,210.6699981689453,12455353
2026-08-24 16:30:00+00:00,210.6699981689453,210.75,209.1699981689453,209.2722930908203,8261610
2026-08-24 17:30:00+00:00,209.27999877929688,210.4199981689453,209.1999969482422,210.38999938964844,7195595
2026-08-24 18:30:00+00:00,210.38999938964844,210.47999572753906,209.11000061035156,209.3699951171875,9234044
2026-08-24 19:30:00+00:00,209.3699951171875,209.47000122070312,207.3699951171875,208.4600067138672,15642243
2026-08-24 20:00:00+00:00,208.49,209.8496,208.08,208.67,0
2026-08-24 21:00:00+00:00,208.66,223.1792,206.0108,208.7759,0
2026-08-24 22:00:00+00:00,208.8,208.94,208.58,208.69,0
2026-08-24 23:00:00+00:00,208.69,208.978,208.56,208.8,0
2026-08-25 08:00:00+00:00,210.52,210.93,208.48,210.6817,0
2026-08-25 09:00:00+00:00,210.7482,211.4973,210.54,210.89,0
2026-08-25 10:00:00+00:00,210.8974,211.4922,210.74,211.1897,0
2026-08-25 11:00:00+00:00,211.1973,211.4935,210.01,210.54,0
2026-08-25 12:00:00+00:00,210.5727,211.36,210.49,211.27,0
2026-08-25 13:00:00+00:00,211.29,211.47,211.0,211.05,0
2026-08-25 13:30:00+00:00,211.02499389648438,214.72909545898438,210.11000061035156,211.8199005126953,34049760
2026-08-25 14:30:00+00:00,211.8000946044922,212.0399932861328,210.19000244140625,211.19500732421875,15545762
2026-08-25 15:30:00+00:00,211.1999969482422,212.3195037841797,210.88999938964844,212.1999969482422,9384332
2026-08-25 16:30:00+00:00,212.22000122070312,212.5800018310547,211.72000122070312,212.25999450683594,8252922
2026-08-25 17:30:00+00:00,212.27000427246094,212.52000427246094,208.47999572753906,212.2550048828125,5895282
2026-08-25 18:30:00+00:00,212.25999450683594,213.43499755859375,211.7100067138672,212.03500366210938,10411266
2026-08-25 19:30:00+00:00,212.02999877929688,213.22999572753906,211.88999938964844,212.97999572753906,8922989
2026-08-25 20:00:00+00:00,212.97,222.29,212.95,213.59,0
2026-08-25 21:00:00+00:00,213.59,218.6291,200.1337,213.99,0
2026-08-25 22:00:00+00:00,213.95,214.3,213.05,214.14,0
2026-08-25 23:00:00+00:00,214.17,214.18,213.5,213.67,0
2026-08-26 08:00:00+00:00,213.83,214.3,213.05,213.8167,0
2026-08-26 09:00:00+00:00,213.6932,213.9,213.4,213.55,0
2026-08-26 10:00:00+00:00,213.4922,213.8,213.4922,213.6182,0
2026-08-26 11:00:00+00:00,213.5515,214.05,213.05,213.5115,0
2026-08-26 12:00:00+00:00,213.5115,213.67,212.45,213.3,0
2026-08-26 13:00:00+00:00,213.2972,213.47,212.14,212.4915,0
2026-08-26 13:30:00+00:00,212.4199981689453,213.60000610351562,210.19320678710938,210.50259399414062,25202730
2026-08-26 14:30:00+00:00,210.49009704589844,211.52999877929688,210.08079528808594,211.08270263671875,12315793
2026-08-26 15:30:00+00:00,211.08990478515625,211.42999267578125,209.75999450683594,210.17990112304688,10716305
2026-08-26 16:30:00+00:00,210.1750030517578,210.32000732421875,209.47000122070312,210.06500244140625,10464674
2026-08-26 17:30:00+00:00,210.05999755859375,210.9149932861328,209.89999389648438,210.78500366210938,10633222
2026-08-26 18:30:00+00:00,210.78500366210938,211.3300018310547,210.49000549316406,210.88999938964844,13711133
2026-08-26 19:30:00+00:00,210.89500427246094,210.9949951171875,209.22999572753906,209.9499969482422,19896937
2026-08-26 20:00:00+00:00,209.96,211.5,203.5,210.54,0
2026-08-26 21:00:00+00:00,210.4977,226.2547,208.46,219.02,0
2026-08-26 22:00:00+00:00,219.0012,219.64,209.66,218.7,0
2026-08-26 23:00:00+00:00,218.6977,219.64,217.7712,219.53,0
2026-08-27 08:00:00+00:00,222.0,225.93,209.66,225.71,0
2026-08-27 09:00:00+00:00,225.6,226.81,224.52,224.7485,0
2026-08-27 10:00:00+00:00,224.75,225.39,223.88,223.9572,0
2026-08-27 11:00:00+00:00,223.93,225.0,222.3,222.3003,0
2026-08-27 12:00:00+00:00,222.3002,223.68,221.5,223.2999,0
2026-08-27 13:00:00+00:00,223.2959,223.99,221.5,222.86,0
2026-08-27 13:30:00+00:00,222.5850067138672,226.39999389648438,220.89999389648438,225.72000122070312,107486188
2026-08-27 14:30:00+00:00,225.72000122070312,227.30999755859375,223.5,225.4499969482422,33732591
2026-08-27 15:30:00+00:00,225.4499969482422,228.63999938964844,224.83999633789062,228.52499389648438,26653270
2026-08-27 16:30:00+00:00,228.52999877929688,230.47000122070312,228.31500244140625,229.24949645996094,32466294
2026-08-27 17:30:00+00:00,229.24000549316406,229.60000610351562,226.0800018310547,226.08999633789062,20894230
2026-08-27 18:30:00+00:00,226.10000610351562,227.47999572753906,225.35000610351562,227.2100067138672,23071561
2026-08-27 19:30:00+00:00,227.1999969482422,228.97999572753906,226.94580078125,228.0500030517578,19429849
2026-08-27 20:00:00+00:00,227.91,228.23,226.58,226.8255,0
2026-08-27 21:00:00+00:00,226.802,233.7118,222.3682,225.95,0
2026-08-27 22:00:00+00:00,226.01,227.98,225.83,226.3,0
2026-08-27 23:00:00+00:00,226.3599,226.44,225.9997,226.149,0
2026-08-28 08:00:00+00:00,226.6,227.98,225.28,225.43,0
2026-08-28 09:00:00+00:00,225.43,226.0,225.2,225.71,0
2026-08-28 10:00:00+00:00,225.71,226.56,225.4927,226.4673,0
2026-08-28 11:00:00+00:00,226.4457,227.5,226.4457,227.2685,0
2026-08-28 12:00:00+00:00,227.2111,227.84,226.65,227.81,0
2026-08-28 13:00:00+00:00,227.8243,228.7,226.58,227.3,0
2026-08-28 13:30:00+00:00,227.3300018310547,229.25999450683594,223.25,225.11500549316406,45899802
2026-08-28 14:30:00+00:00,225.11500549316406,226.91000366210938,223.5,224.0,22092103
2026-08-28 15:30:00+00:00,224.0,224.19000244140625,219.94000244140625,220.17999267578125,25938017
2026-08-28 16:30:00+00:00,220.1999969482422,220.9499969482422,217.88999938964844,218.69000244140625,22368616
2026-08-28 17:30:00+00:00,218.6999969482422,219.8300018310547,218.07000732421875,218.39500427246094,13800971
2026-08-28 18:30:00+00:00,218.39500427246094,218.69000244140625,216.80999755859375,217.27999877929688,19575302
2026-08-28 19:30:00+00:00,217.2899932861328,218.1802978515625,216.92999267578125,217.5399932861328,17752300
2026-08-28 20:00:00+00:00,217.51,221.6755,217.4,217.7499,0
2026-08-28 21:00:00+00:00,217.7303,232.0498,217.55,217.7805,0
2026-08-28 22:00:00+00:00,217.7809,217.98,217.7,217.8769,0
2026-08-28 23:00:00+00:00,217.88,227.69,217.85,217.89,0
2026-08-31 08:00:00+00:00,218.9988,219.16,217.3022,218.73,0
2026-08-31 09:00:00+00:00,218.73,219.31,218.73,219.17,0
2026-08-31 10:00:00+00:00,219.17,219.2,218.5,219.11,0
2026-08-31 11:00:00+00:00,219.11,219.2467,217.55,218.962,0
2026-08-31 12:00:00+00:00,218.95,219.1,218.49,218.7,0
2026-08-31 13:00:00+00:00,218.7,219.0,217.73,218.98,0
2026-08-31 13:30:00+00:00,218.86199951171875,220.36000061035156,216.2100067138672,220.07000732421875,31252089
2026-08-31 14:30:00+00:00,220.07000732421875,220.60000610351562,219.1199951171875,220.27000427246094,12671411
2026-08-31 15:30:00+00:00,220.25,220.36000061035156,219.10000610351562,220.22540283203125,8168409
2026-08-31 16:30:00+00:00,220.2299041748047,220.2899932861328,219.33999633789062,219.3699951171875,6945756
2026-08-31 17:30:00+00:00,219.36000061035156,220.02000427246094,218.9105987548828,218.97000122070312,7282736
2026-08-31 18:30:00+00:00,218.9499969482422,219.8498992919922,217.7100067138672,219.82000732421875,12669946
2026-08-31 19:30:00+00:00,219.82000732421875,221.3000030517578,219.272705078125,220.8800048828125,13880736
2026-08-31 20:00:00+00:00,220.85,235.9964,220.43,220.66,0
2026-08-31 21:00:00+00:00,220.65,233.878,210.1876,220.53,0
2026-08-31 22:00:00+00:00,220.5298,220.58,220.26,220.28,0
2026-08-31 23:00:00+00:00,220.271,220.5,220.19,220.27,0
2026-09-01 08:00:00+00:00,220.205,220.89,218.44,218.44,0
2026-09-01 09:00:00+00:00,218.48,218.74,217.52,217.61,0
2026-09-01 10:00:00+00:00,217.65,218.5,217.6,218.31,0
2026-09-01 11:00:00+00:00,218.3,220.78,217.7,218.01,0
2026-09-01 12:00:00+00:00,218.0,220.78,217.23,217.4773,0
2026-09-01 13:00:00+00:00,217.45,220.78,216.64,216.77,0
2026-09-01 13:30:00+00:00,216.61000061035156,218.38999938964844,215.10000610351562,217.61000061035156,27988912
2026-09-01 14:30:00+00:00,217.61000061035156,218.8000030517578,217.52999877929688,218.8000030517578,10756815
2026-09-01 15:30:00+00:00,218.8000030517578,220.41000366210938,218.6999969482422,219.5800018310547,12252538
2026-09-01 16:30:00+00:00,219.60000610351562,219.8498992919922,218.1300048828125,218.3596954345703,8549235
2026-09-01 17:30:00+00:00,218.34500122070312,218.60000610351562,217.2899932861328,217.4593048095703,6829555
2026-09-01 18:30:00+00:00,217.4600067138672,217.91009521484375,216.35009765625,217.58999633789062,10236675
2026-09-01 19:30:00+00:00,217.60000610351562,217.6999969482422,216.63999938964844,217.5399932861328,9239679
2026-09-01 20:00:00+00:00,217.58,219.4824,208.233,218.3371,0
2026-09-01 21:00:00+00:00,217.5107,224.9013,208.233,217.6,0
2026-09-01 22:00:00+00:00,217.6,217.75,217.21,217.49,0
2026-09-01 23:00:00+00:00,217.48,217.61,217.4,217.4798,0
2026-09-02 08:00:00+00:00,217.496,217.6995,216.933,217.34,0
2026-09-02 09:00:00+00:00,217.35,217.5,216.486,216.6888,0
2026-09-02 10:00:00+00:00,216.65,216.867,216.35,216.7032,0
2026-09-02 11:00:00+00:00,216.7975,217.44,216.07,216.9688,0
2026-09-02 12:00:00+00:00,216.92,218.6,216.75,218.3031,0
2026-09-02 13:00:00+00:00,218.3,218.98,217.75,218.86,0
2026-09-02 13:30:00+00:00,218.78500366210938,223.44000244140625,218.47999572753906,222.8300018310547,33462245
2026-09-02 14:30:00+00:00,222.83999633789062,227.0,222.59820556640625,226.30999755859375,30878760
2026-09-02 15:30:00+00:00,226.32000732421875,227.9499969482422,225.77000427246094,227.0399932861328,23181164
2026-09-02 16:30:00+00:00,227.033203125,227.67999267578125,224.75,225.5072021484375,15789712
2026-09-02 17:30:00+00:00,225.5198974609375,225.57000732421875,224.42999267578125,224.9600067138672,11584569
2026-09-02 18:30:00+00:00,224.95799255371094,225.34500122070312,224.17999267578125,224.39999389648438,9886374
2026-09-02 19:30:00+00:00,224.41400146484375,224.63999938964844,223.7301025390625,224.39999389648438,10211270
2026-09-02 20:00:00+00:00,224.41,233.4137,215.6948,224.06,0
2026-09-02 21:00:00+00:00,224.04,234.2166,215.6948,225.0199,0
2026-09-02 22:00:00+00:00,224.9,225.19,224.55,224.9515,0
2026-09-02 23:00:00+00:00,225.01,225.5,224.71,225.35,0
2026-09-03 08:00:00+00:00,225.46,226.3762,224.41,225.77,0
2026-09-03 09:00:00+00:00,225.77,225.78,225.0,225.1955,0
2026-09-03 10:00:00+00:00,225.02,225.197,224.39,224.6664,0
2026-09-03 11:00:00+00:00,224.648,224.9,224.11,224.4817,0
2026-09-03 12:00:00+00:00,224.52,225.05,223.01,225.05,0
2026-09-03 13:00:00+00:00,225.0299,226.3,224.76,226.01,0
2026-09-03 13:30:00+00:00,226.02000427246094,229.07000732421875,224.75,227.38999938964844,36298079
2026-09-03 14:30:00+00:00,227.38499450683594,227.9499969482422,225.44000244140625,227.81500244140625,17066881
2026-09-03 15:30:00+00:00,227.8300018310547,228.09970092773438,226.8800048828125,227.0399932861328,10540837
2026-09-03 16:30:00+00:00,227.02999877929688,227.94000244140625,227.02000427246094,227.44000244140625,6889961
2026-09-03 17:30:00+00:00,227.44009399414062,230.39999389648438,227.39999389648438,229.50999450683594,24939705
2026-09-03 18:30:00+00:00,229.5137939453125,230.10000610351562,229.1699981689453,229.53799438476562,9640877
2026-09-03 19:30:00+00:00,229.5500030517578,229.69000244140625,228.3300018310547,228.39999389648438,9515504
2026-09-03 20:00:00+00:00,228.41,237.9406,218.6296,228.4972,0
2026-09-03 21:00:00+00:00,228.49,237.9406,215.0322,228.9,0
2026-09-03 22:00:00+00:00,228.9177,229.52,228.73,229.4523,0
2026-09-03 23:00:00+00:00,229.46,229.96,229.4,229.622,0
2026-09-04 08:00:00+00:00,230.35,230.98,228.45,230.8769,0
2026-09-04 09:00:00+00:00,230.89,230.9053,229.85,230.26,0
2026-09-04 10:00:00+00:00,230.28,232.49,230.26,232.26,0
2026-09-04 11:00:00+00:00,232.143,232.3355,228.45,231.1143,0
2026-09-04 12:00:00+00:00,231.0517,232.13,230.9,231.7,0
2026-09-04 13:00:00+00:00,231.7772,231.7772,230.12,231.13,0
2026-09-04 13:30:00+00:00,231.14199829101562,234.75999450683594,229.82000732421875,234.71609497070312,47125731
2026-09-04 14:30:00+00:00,234.72000122070312,234.74000549316406,231.64999389648438,231.78500366210938,17694038
2026-09-04 15:30:00+00:00,231.77999877929688,232.05889892578125,230.50999450683594,231.15499877929688,12153842
2026-09-04 16:30:00+00:00,231.14999389648438,232.23500061035156,230.60299682617188,230.75,10721650
2026-09-04 17:30:00+00:00,230.74000549316406,230.77999877929688,229.89999389648438,230.35000610351562,9211968
2026-09-04 18:30:00+00:00,230.35000610351562,230.72000122070312,229.85000610351562,229.8699951171875,8192578
2026-09-04 19:30:00+00:00,229.8699951171875,231.08999633789062,229.6300048828125,230.34500122070312,11049496
2026-09-04 20:00:00+00:00,230.36,230.36,229.56,230.0,0
2026-09-04 21:00:00+00:00,229.9844,242.8142,216.0477,230.081,0
2026-09-04 22:00:00+00:00,230.089,230.15,229.8617,229.9397,0
2026-09-04 23:00:00+00:00,229.94,230.18,227.41,229.5,0
2026-09-08 08:00:00+00:00,231.0,233.0502,230.3125,230.808,0
2026-09-08 09:00:00+00:00,230.73,231.0,230.28,230.95,0
2026-09-08 10:00:00+00:00,230.99,231.9845,230.9512,231.7,0
2026-09-08 11:00:00+00:00,231.6427,231.75,230.36,231.0201,0
2026-09-08 12:00:00+00:00,231.08,231.89,230.75,231.8,0
2026-09-08 13:00:00+00:00,231.818,233.23,231.76,233.21,0
2026-09-08 13:30:00+00:00,233.2100067138672,233.7100067138672,227.6300048828125,227.9423065185547,32088207
2026-09-08 14:30:00+00:00,227.9600067138672,227.9600067138672,226.37440490722656,226.8699951171875,17923121
2026-09-08 15:30:00+00:00,226.87159729003906,227.13999938964844,225.57000732421875,225.66000366210938,12939539
2026-09-08 16:30:00+00:00,225.6699981689453,226.36990356445312,225.4600067138672,225.64999389648438,10220505
2026-09-08 17:30:00+00:00,225.6699981689453,226.25999450683594,225.64999389648438,226.0800018310547,6210575
2026-09-08 18:30:00+00:00,226.0800018310547,226.39990234375,225.25,225.5500030517578,9408139
2026-09-08 19:30:00+00:00,225.5500030517578,225.89999389648438,224.85000610351562,225.77000427246094,11584266
2026-09-08 20:00:00+00:00,225.78,225.94,216.0287,225.75,0
2026-09-08 21:00:00+00:00,225.75,238.2209,212.9972,225.61,0
2026-09-08 22:00:00+00:00,225.5776,226.0,225.4,225.9576,0
2026-09-08 23:00:00+00:00,225.9576,225.99,225.2,225.31,0
2026-09-09 08:00:00+00:00,225.9918,226.4791,225.73,226.3797,0
2026-09-09 09:00:00+00:00,226.29,226.4425,225.6512,225.82,0
2026-09-09 10:00:00+00:00,225.8,225.94,223.9027,224.495,0
2026-09-09 11:00:00+00:00,224.51,224.95,224.15,224.68,0
2026-09-09 12:00:00+00:00,224.67,225.35,224.31,224.48,0
2026-09-09 13:00:00+00:00,224.44,225.3422,224.27,225.31,0
2026-09-09 13:30:00+00:00,225.27000427246094,226.17999267578125,223.5500030517578,224.88499450683594,22027814
2026-09-09 14:30:00+00:00,224.875,225.3800048828125,223.50999450683594,223.59010314941406,13475000
2026-09-09 15:30:00+00:00,223.60000610351562,224.6300048828125,223.5800018310547,223.86000061035156,7243198
2026-09-09 16:30:00+00:00,223.86000061035156,224.49000549316406,223.75,224.27000427246094,4538085
2026-09-09 17:30:00+00:00,224.27000427246094,224.4199981689453,223.89999389648438,224.19500732421875,4277313
2026-09-09 18:30:00+00:00,224.19500732421875,224.375,223.4600067138672,224.13499450683594,7081759
2026-09-09 19:30:00+00:00,224.13999938964844,224.24000549316406,223.5,223.6999969482422,8403984
2026-09-09 20:00:00+00:00,223.77,226.2547,223.6012,226.2547,0
2026-09-09 21:00:00+00:00,223.6847,230.15,223.51,223.57,0
2026-09-09 22:00:00+00:00,223.6,223.67,223.46,223.5441,0
2026-09-09 23:00:00+00:00,223.54,223.67,223.45,223.6699,0
2026-09-10 08:00:00+00:00,222.77,223.67,222.6165,223.4172,0
2026-09-10 09:00:00+00:00,223.4172,223.599,223.05,223.5467,0
2026-09-10 10:00:00+00:00,223.5467,223.5467,223.0,223.2742,0
2026-09-10 11:00:00+00:00,223.2742,223.2742,222.4312,222.5975,0
2026-09-10 12:00:00+00:00,222.5025,222.765,221.653,221.97,0
2026-09-10 13:00:00+00:00,222.0462,223.67,196.93,220.6912,0
2026-09-10 13:30:00+00:00,220.48500061035156,220.99000549316406,217.1999969482422,218.22999572753906,30316516
2026-09-10 14:30:00+00:00,218.22999572753906,218.58999633789062,217.75999450683594,218.14999389648438,12111766
2026-09-10 15:30:00+00:00,218.1436004638672,219.19000244140625,217.52999877929688,217.75,10841622
2026-09-10 16:30:00+00:00,217.75,219.1300048828125,217.63999938964844,218.69000244140625,8249653
2026-09-10 17:30:00+00:00,218.68499755859375,218.68499755859375,218.02000427246094,218.03500366210938,5185920
2026-09-10 18:30:00+00:00,218.0301055908203,218.4499969482422,217.69000244140625,218.3000030517578,7525385
2026-09-10 19:30:00+00:00,218.30990600585938,218.94000244140625,218.20010375976562,218.3800048828125,10386026
2026-09-10 20:00:00+00:00,218.4,223.67,218.13,218.4275,0
2026-09-10 21:00:00+00:00,218.4275,233.7118,208.1399,218.7685,0
2026-09-10 22:00:00+00:00,218.7685,218.9,218.31,218.3985,0
2026-09-10 23:00:00+00:00,218.3985,218.478,217.68,217.76,0
2026-09-11 08:00:00+00:00,218.15,220.3,217.79,220.099,0
2026-09-11 09:00:00+00:00,220.099,220.56,219.84,220.2992,0
2026-09-11 10:00:00+00:00,220.2992,220.5,220.11,220.1995,0
2026-09-11 11:00:00+00:00,220.1979,220.275,219.58,219.987,0
2026-09-11 12:00:00+00:00,219.987,220.05,219.1,219.7467,0
2026-09-11 13:00:00+00:00,219.6,221.89,218.34,221.15,0
2026-09-11 13:30:00+00:00,221.25,222.0,219.03070068359375,221.60000610351562,26775878
2026-09-11 14:30:00+00:00,221.58999633789062,221.58999633789062,219.3000030517578,220.1800994873047,11889757
2026-09-11 15:30:00+00:00,220.17999267578125,220.3000030517578,219.08999633789062,219.16000366210938,7545284
2026-09-11 16:30:00+00:00,219.16000366210938,219.42999267578125,218.64999389648438,219.25,6628515
2026-09-11 17:30:00+00:00,219.25599670410156,219.55990600585938,219.0,219.50999450683594,4305551
2026-09-11 18:30:00+00:00,219.5050048828125,220.00999450683594,218.36000061035156,218.41000366210938,7589886
2026-09-11 19:30:00+00:00,218.4199981689453,218.85000610351562,218.14999389648438,218.1999969482422,7856725
2026-09-11 20:00:00+00:00,218.19,230.14,218.05,218.3987,0
2026-09-11 21:00:00+00:00,218.3987,232.0498,214.971,218.3597,0
2026-09-11 22:00:00+00:00,218.3597,218.39,218.111,218.2295,0
2026-09-11 23:00:00+00:00,218.23,218.32,218.17,218.26,0
2026-09-14 08:00:00+00:00,213.94,215.02,212.831,212.878,0
2026-09-14 09:00:00+00:00,212.878,213.1562,211.0,211.45,0
2026-09-14 10:00:00+00:00,211.4982,212.18,211.44,212.009,0
2026-09-14 11:00:00+00:00,212.009,218.29,211.5112,213.289,0
2026-09-14 12:00:00+00:00,213.2987,217.745,212.5225,212.8195,0
2026-09-14 13:00:00+00:00,212.82,218.29,211.1,211.33,0
2026-09-14 13:30:00+00:00,211.0800018310547,211.6999969482422,208.92999267578125,210.4550018310547,48209341
2026-09-14 14:30:00+00:00,210.4499969482422,211.60000610351562,210.25,211.4600067138672,12370113
2026-09-14 15:30:00+00:00,211.4499969482422,212.3300018310547,211.1999969482422,211.7899932861328,10884055
2026-09-14 16:30:00+00:00,211.77000427246094,212.58999633789062,211.50999450683594,212.5800018310547,6861214
2026-09-14 17:30:00+00:00,212.58999633789062,212.77000427246094,212.03500366210938,212.09500122070312,8080862
2026-09-14 18:30:00+00:00,212.11000061035156,212.6199951171875,212.07000732421875,212.10499572753906,9497869
2026-09-14 19:30:00+00:00,212.10000610351562,212.39999389648438,210.7899932861328,210.88999938964844,13611670
2026-09-14 20:00:00+00:00,210.94,226.5096,199.969,212.398,0
2026-09-14 21:00:00+00:00,212.398,226.5096,199.969,212.539,0
2026-09-14 22:00:00+00:00,212.51,212.62,212.18,212.3877,0
2026-09-14 23:00:00+00:00,212.3877,212.4,212.01,212.04,0
2026-09-15 08:00:00+00:00,211.81,212.61,210.96,211.4952,0
2026-09-15 09:00:00+00:00,211.4952,211.75,211.2,211.7465,0
2026-09-15 10:00:00+00:00,211.7465,212.44,211.5437,212.378,0
2026-09-15 11:00:00+00:00,212.302,212.64,212.15,212.2792,0
2026-09-15 12:00:00+00:00,212.2792,220.91,212.01,212.2882,0
2026-09-15 13:00:00+00:00,212.2882,213.49,211.1696,213.49,0
2026-09-15 13:30:00+00:00,213.08999633789062,213.94000244140625,211.9600067138672,212.74009704589844,25731598
2026-09-15 14:30:00+00:00,212.74000549316406,213.05999755859375,211.6300048828125,212.25999450683594,10375655
2026-09-15 15:30:00+00:00,212.2510986328125,212.47000122070312,211.80499267578125,211.97000122070312,6559427
2026-09-15 16:30:00+00:00,211.9600067138672,212.19500732421875,211.16000366210938,211.3300018310547,6306099
2026-09-15 17:30:00+00:00,211.33990478515625,212.1999969482422,211.3300018310547,212.10000610351562,5992184
2026-09-15 18:30:00+00:00,212.10000610351562,212.3300018310547,211.8800048828125,212.1363983154297,5336035
2026-09-15 19:30:00+00:00,212.11000061035156,212.3000030517578,211.75,212.1699981689453,6423537
2026-09-15 20:00:00+00:00,212.14,212.69,212.1112,212.5995,0
2026-09-15 21:00:00+00:00,212.5995,224.9013,200.674,212.3682,0
2026-09-15 22:00:00+00:00,212.37,212.6788,210.7,212.488,0
2026-09-15 23:00:00+00:00,212.488,212.4888,212.17,212.3705,0
2026-09-16 08:00:00+00:00,213.83,213.9185,212.17,213.636,0
2026-09-16 09:00:00+00:00,213.636,213.6975,213.05,213.07,0
2026-09-16 10:00:00+00:00,213.0987,213.41,213.01,213.2487,0
2026-09-16 11:00:00+00:00,213.2487,213.52,213.0,213.2092,0
2026-09-16 12:00:00+00:00,213.2092,214.3,213.161,214.2987,0
2026-09-16 13:00:00+00:00,214.28,214.8852,208.58,214.22,0
2026-09-16 13:30:00+00:00,213.72000122070312,215.3000030517578,213.30999755859375,215.02000427246094,21158669
2026-09-16 14:30:00+00:00,215.0399932861328,216.3000030517578,214.8415069580078,215.85000610351562,10585531
2026-09-16 15:30:00+00:00,215.85499572753906,216.75999450683594,215.50010681152344,215.8699951171875,7874787
2026-09-16 16:30:00+00:00,215.8699951171875,216.19000244140625,215.22999572753906,215.44000244140625,5713306
2026-09-16 17:30:00+00:00,215.4499969482422,216.44500732421875,214.72000122070312,215.52760314941406,8501796
2026-09-16 18:30:00+00:00,215.52000427246094,215.75860595703125,212.5,213.35000610351562,14172018
2026-09-16 19:30:00+00:00,213.3350067138672,214.4499969482422,213.1999969482422,213.91000366210938,11079331
2026-09-16 20:00:00+00:00,213.91,227.095,201.9537,214.3895,0
2026-09-16 21:00:00+00:00,214.3895,227.095,208.18,214.7382,0
2026-09-16 22:00:00+00:00,214.6787,215.25,214.35,214.9182,0
2026-09-16 23:00:00+00:00,214.9182,215.8,214.85,215.68,0
2026-09-17 08:00:00+00:00,216.29,216.7595,213.9,216.7587,0
2026-09-17 09:00:00+00:00,216.7587,217.4,216.57,217.317,0
2026-09-17 10:00:00+00:00,217.317,217.56,216.8,217.1087,0
2026-09-17 11:00:00+00:00,217.1087,217.38,216.3317,216.7987,0
2026-09-17 12:00:00+00:00,216.75,218.18,207.75,218.0975,0
2026-09-17 13:00:00+00:00,218.05,219.0,217.9992,218.4,0
2026-09-17 13:30:00+00:00,218.38800048828125,219.85000610351562,217.14500427246094,219.50999450683594,27701988
2026-09-17 14:30:00+00:00,219.5050048828125,219.8699951171875,218.7700958251953,219.22999572753906,9644722
2026-09-17 15:30:00+00:00,219.24989318847656,219.27999877929688,218.6199951171875,218.92999267578125,6992686
2026-09-17 16:30:00+00:00,218.9250030517578,219.19000244140625,218.47999572753906,218.89500427246094,6983295
2026-09-17 17:30:00+00:00,218.89999389648438,219.8249969482422,218.75999450683594,219.5500030517578,6514957
2026-09-17 18:30:00+00:00,219.5500030517578,219.85499572753906,219.30999755859375,219.58999633789062,5681030
2026-09-17 19:30:00+00:00,219.5800018310547,219.89999389648438,219.22000122070312,219.39999389648438,8562627
2026-09-17 20:00:00+00:00,219.36,222.3682,211.4094,219.2792,0
2026-09-17 21:00:00+00:00,219.2792,230.3812,206.172,219.4685,0
2026-09-17 22:00:00+00:00,219.42,219.48,219.02,219.179,0
2026-09-17 23:00:00+00:00,219.179,219.3482,219.1,219.2308,0
2026-09-18 08:00:00+00:00,221.7,222.0,219.34,221.5377,0
2026-09-18 09:00:00+00:00,221.47,221.67,221.08,221.1197,0
2026-09-18 10:00:00+00:00,221.1197,221.15,220.5922,220.9497,0
2026-09-18 11:00:00+00:00,220.9497,221.2,219.34,220.1475,0
2026-09-18 12:00:00+00:00,220.1475,220.34,219.09,219.2178,0
2026-09-18 13:00:00+00:00,219.2475,222.58,218.55,219.09,0
2026-09-18 13:30:00+00:00,219.36000061035156,220.88999938964844,218.0399932861328,219.52000427246094,35875935
2026-09-18 14:30:00+00:00,219.5,219.9149932861328,218.85000610351562,219.8350067138672,12077072
2026-09-18 15:30:00+00:00,219.8300018310547,219.91009521484375,219.14999389648438,219.5395965576172,7105913
2026-09-18 16:30:00+00:00,219.5399932861328,220.2653045654297,219.4250030517578,220.0,8273841
2026-09-18 17:30:00+00:00,220.0,220.0,219.3000030517578,219.38999938964844,4911873
2026-09-18 18:30:00+00:00,219.39999389648438,219.9499969482422,219.27999877929688,219.47999572753906,8957043
2026-09-18 19:30:00+00:00,219.47999572753906,222.72999572753906,219.36000061035156,222.08999633789062,19279616
2026-09-18 20:00:00+00:00,222.0782,222.3,221.31,221.9667,0
2026-09-18 21:00:00+00:00,221.9667,234.6997,216.0477,222.298,0
2026-09-18 22:00:00+00:00,222.298,230.32,222.05,222.2992,0
2026-09-18 23:00:00+00:00,222.2992,222.58,222.27,222.53,0
2026-09-21 08:00:00+00:00,223.2,224.0,223.0832,223.9867,0
2026-09-21 09:00:00+00:00,223.9867,224.7975,223.86,224.737,0
2026-09-21 10:00:00+00:00,224.737,224.9,224.25,224.3987,0
2026-09-21 11:00:00+00:00,224.3512,224.55,223.85,224.1682,0
2026-09-21 12:00:00+00:00,224.1682,224.67,223.6535,223.7292,0
2026-09-21 13:00:00+00:00,223.7292,223.89,222.55,222.96,0
2026-09-21 13:30:00+00:00,222.93499755859375,224.92999267578125,221.55999755859375,223.63999938964844,23842057
2026-09-21 14:30:00+00:00,223.64500427246094,225.5,223.55999755859375,224.86000061035156,14289308
2026-09-21 15:30:00+00:00,224.875,225.79849243164062,224.85000610351562,225.5800018310547,10317129
2026-09-21 16:30:00+00:00,225.59500122070312,227.24000549316406,225.59500122070312,227.1999969482422,10793515
2026-09-21 17:30:00+00:00,227.19000244140625,227.6699981689453,226.7532958984375,227.44000244140625,8568223
2026-09-21 18:30:00+00:00,227.44000244140625,228.5,227.22999572753906,227.39500427246094,10222710
2026-09-21 19:30:00+00:00,227.39999389648438,227.67999267578125,226.94000244140625,227.25,9743315
2026-09-21 20:00:00+00:00,227.24,227.49,226.298,226.9497,0
2026-09-21 21:00:00+00:00,226.9497,229.1204,223.1792,226.999,0
2026-09-21 22:00:00+00:00,226.999,227.38,226.96,227.269,0
2026-09-21 23:00:00+00:00,227.269,227.44,227.1,227.2938,0
2026-09-22 08:00:00+00:00,226.02,227.528,225.8635,225.9975,0
2026-09-22 09:00:00+00:00,226.0,226.878,225.87,226.4672,0
2026-09-22 10:00:00+00:00,226.4672,227.4782,226.32,227.2965,0
2026-09-22 11:00:00+00:00,227.2965,227.67,226.81,226.8395,0
2026-09-22 12:00:00+00:00,226.8395,227.06,226.5,226.9372,0
2026-09-22 13:00:00+00:00,226.8327,226.94,225.5607,226.92,0
2026-09-22 13:30:00+00:00,226.91000366210938,229.60000610351562,226.5,228.22999572753906,23815783
2026-09-22 14:30:00+00:00,228.22000122070312,229.11000061035156,227.63999938964844,228.81500244140625,10803332
2026-09-22 15:30:00+00:00,228.80999755859375,229.07000732421875,228.16000366210938,228.67999267578125,6586836
2026-09-22 16:30:00+00:00,228.6750030517578,229.97999572753906,228.59500122070312,229.47000122070312,8029657
2026-09-22 17:30:00+00:00,229.47000122070312,229.54739379882812,228.74110412597656,229.42999267578125,6394369
2026-09-22 18:30:00+00:00,229.43499755859375,229.80499267578125,229.1699981689453,229.6885986328125,7178904
2026-09-22 19:30:00+00:00,229.67999267578125,229.9199981689453,228.60000610351562,228.8300018310547,8360065
2026-09-22 20:00:00+00:00,228.81,228.95,212.9972,228.1877,0
2026-09-22 21:00:00+00:00,228.1877,267.9975,198.1862,228.1497,0
2026-09-22 22:00:00+00:00,228.1497,228.5,228.1401,228.3295,0
2026-09-22 23:00:00+00:00,228.3295,228.65,228.2812,228.56,0
2026-09-23 08:00:00+00:00,228.84,229.25,228.14,229.187,0
2026-09-23 09:00:00+00:00,229.187,229.35,228.9,229.3292,0
2026-09-23 10:00:00+00:00,229.3292,229.39,228.8015,229.1072,0
2026-09-23 11:00:00+00:00,229.1072,229.178,227.702,227.9072,0
2026-09-23 12:00:00+00:00,227.9072,228.87,227.3017,227.6985,0
2026-09-23 13:00:00+00:00,227.6985,228.12,227.28,228.07,0
2026-09-23 13:30:00+00:00,228.0800018310547,228.9499969482422,225.02000427246094,225.60499572753906,20711328
2026-09-23 14:30:00+00:00,225.61990356445312,226.64990234375,225.2301025390625,225.3699951171875,10163210
2026-09-23 15:30:00+00:00,225.3699951171875,225.6699981689453,224.42999267578125,224.52000427246094,8086577
2026-09-23 16:30:00+00:00,224.52000427246094,224.85000610351562,224.02000427246094,224.4499969482422,8139060
2026-09-23 17:30:00+00:00,224.44549560546875,225.6300048828125,224.37010192871094,225.53500366210938,5331674
2026-09-23 18:30:00+00:00,225.53500366210938,225.5570068359375,225.0299072265625,225.10000610351562,4911038
2026-09-23 19:30:00+00:00,225.10000610351562,225.8000030517578,224.72500610351562,225.50999450683594,8732049
2026-09-23 20:00:00+00:00,225.54,226.2547,225.11,225.3485,0
2026-09-23 21:00:00+00:00,225.3485,228.2,225.0,225.1877,0
2026-09-23 22:00:00+00:00,225.1877,225.51,225.05,225.2592,0
2026-09-23 23:00:00+00:00,225.2592,225.3475,225.04,225.0409,0
2026-09-24 08:00:00+00:00,224.15,225.51,222.7,222.9057,0
2026-09-24 09:00:00+00:00,222.9057,223.165,222.3157,222.9085,0
2026-09-24 10:00:00+00:00,222.9085,223.1,222.28,222.8462,0
2026-09-24 11:00:00+00:00,222.8462,223.64,222.7,222.9377,0
2026-09-24 12:00:00+00:00,222.9377,223.7467,222.5525,223.4952,0
2026-09-24 13:00:00+00:00,223.4952,223.5,221.7,222.09,0
2026-09-24 13:30:00+00:00,222.64999389648438,223.2299041748047,221.09080505371094,222.46499633789062,16949609
2026-09-24 14:30:00+00:00,222.46499633789062,222.72000122070312,221.3699951171875,221.9499969482422,8303010
2026-09-24 15:30:00+00:00,221.9600067138672,223.92999267578125,221.69000244140625,223.3563995361328,7081490
2026-09-24 16:30:00+00:00,223.35000610351562,224.6300048828125,223.1699981689453,224.1300048828125,7843168
2026-09-24 17:30:00+00:00,224.11500549316406,224.38999938964844,223.32000732421875,223.9600067138672,5612926
2026-09-24 18:30:00+00:00,223.9499969482422,224.47889709472656,223.64999389648438,223.75999450683594,5071913
2026-09-24 19:30:00+00:00,223.75,224.89999389648438,223.42999267578125,224.5399932861328,9608381
2026-09-24 20:00:00+00:00,224.49,224.6272,222.3682,223.9907,0
2026-09-24 21:00:00+00:00,224.01,233.7118,215.33,224.028,0
2026-09-24 22:00:00+00:00,224.028,224.15,223.7,224.0987,0
2026-09-24 23:00:00+00:00,224.0987,224.1,223.7506,223.82,0
2026-09-25 08:00:00+00:00,224.53,226.0,224.3337,225.9382,0
2026-09-25 09:00:00+00:00,225.9382,226.4985,225.6732,226.4282,0
2026-09-25 10:00:00+00:00,226.4282,226.5,226.0097,226.2382,0
2026-09-25 11:00:00+00:00,226.2382,226.3,225.3355,226.1782,0
2026-09-25 12:00:00+00:00,226.1782,226.3788,225.82,225.9782,0
2026-09-25 13:00:00+00:00,225.9782,225.98,224.58,225.13,0
2026-09-25 13:30:00+00:00,225.25,226.94000244140625,223.21299743652344,223.27000427246094,21521468
2026-09-25 14:30:00+00:00,223.27999877929688,224.6750030517578,223.13290405273438,224.16000366210938,8696789
2026-09-25 15:30:00+00:00,224.17999267578125,225.8699951171875,223.30999755859375,225.02999877929688,10513612
2026-09-25 16:30:00+00:00,225.02000427246094,225.35000610351562,224.41000366210938,225.05999755859375,6670894
2026-09-25 17:30:00+00:00,225.05999755859375,225.17999267578125,224.30999755859375,224.35499572753906,5737329
2026-09-25 18:30:00+00:00,224.35000610351562,224.7100067138672,223.5500030517578,223.79429626464844,6963025
2026-09-25 19:30:00+00:00,223.7899932861328,225.5299072265625,223.66009521484375,225.0800018310547,11243345
2026-09-25 20:00:00+00:00,225.08,234.8373,221.6373,225.0687,0
2026-09-25 21:00:00+00:00,225.0687,234.8373,219.415,225.1887,0
2026-09-25 22:00:00+00:00,225.1887,225.2,225.0201,225.1092,0
2026-09-25 23:00:00+00:00,225.1092,225.11,224.9,225.0,0
