ticker,reopen_et,horizon_hours,closed_return_pct,entry_price,exit_price,raw_post_reopen_return_pct,continuation_return_pct,reversion_return_pct
NVDA,2026-07-06 04:00:00-04:00,1,0.42682299701737303,195.51,194.79,-0.368267607794992,-0.368267607794992,0.368267607794992
NVDA,2026-07-06 04:00:00-04:00,3,0.42682299701737303,195.51,195.24,-0.13810035292310952,-0.13810035292310952,0.13810035292310952
NVDA,2026-07-06 04:00:00-04:00,6,0.42682299701737303,195.51,196.28,0.3938417472252098,0.3938417472252098,-0.3938417472252098
NVDA,2026-07-13 04:00:00-04:00,1,-1.892437373857292,206.87,207.04,0.08217721274228484,-0.08217721274228484,0.08217721274228484
NVDA,2026-07-13 04:00:00-04:00,3,-1.892437373857292,206.87,207.56,0.33354280465993646,-0.33354280465993646,0.33354280465993646
NVDA,2026-07-13 04:00:00-04:00,6,-1.892437373857292,206.87,208.81,0.9377870160003798,-0.9377870160003798,0.9377870160003798
NVDA,2026-07-20 04:00:00-04:00,1,0.6517874777799637,203.47,203.4,-0.03440310610900443,-0.03440310610900443,0.03440310610900443
NVDA,2026-07-20 04:00:00-04:00,3,0.6517874777799637,203.47,204.58,0.5455349683000099,0.5455349683000099,-0.5455349683000099
NVDA,2026-07-20 04:00:00-04:00,6,0.6517874777799637,203.47,205.85,1.169705607706284,1.169705607706284,-1.169705607706284
NVDA,2026-07-27 04:00:00-04:00,1,1.07859733978235,206.794,209.498,1.3075814578759504,1.3075814578759504,-1.3075814578759504
NVDA,2026-07-27 04:00:00-04:00,3,1.07859733978235,206.794,208.92,1.0280762497944629,1.0280762497944629,-1.0280762497944629
NVDA,2026-07-27 04:00:00-04:00,6,1.07859733978235,206.794,201.75,-2.4391423348839925,-2.4391423348839925,2.4391423348839925
NVDA,2026-08-03 04:00:00-04:00,1,1.2777208114683305,200.55,200.75,0.09972575417600549,0.09972575417600549,-0.09972575417600549
NVDA,2026-08-03 04:00:00-04:00,3,1.2777208114683305,200.55,200.33,-0.10969832959362158,-0.10969832959362158,0.10969832959362158
NVDA,2026-08-03 04:00:00-04:00,6,1.2777208114683305,200.55,202.209,0.8272251308900413,0.8272251308900413,-0.8272251308900413
NVDA,2026-08-10 04:00:00-04:00,1,0.5406613047363562,225.19,225.09,-0.044406945246233676,-0.044406945246233676,0.044406945246233676
NVDA,2026-08-10 04:00:00-04:00,3,0.5406613047363562,225.19,224.91,-0.12433944668945873,-0.12433944668945873,0.12433944668945873
NVDA,2026-08-10 04:00:00-04:00,6,0.5406613047363562,225.19,222.11,-1.3677339135840794,-1.3677339135840794,1.3677339135840794
NVDA,2026-08-17 04:00:00-04:00,1,0.6229975080099814,225.95,226.17,0.09736667404292021,0.09736667404292021,-0.09736667404292021
NVDA,2026-08-17 04:00:00-04:00,3,0.6229975080099814,225.95,226.21,0.11506970568710972,0.11506970568710972,-0.11506970568710972
NVDA,2026-08-17 04:00:00-04:00,6,0.6229975080099814,225.95,226.185,0.10400531090950516,0.10400531090950516,-0.10400531090950516
NVDA,2026-08-24 04:00:00-04:00,1,-0.2159125206045553,215.0,214.97,-0.0139534883720982,0.0139534883720982,-0.0139534883720982
NVDA,2026-08-24 04:00:00-04:00,3,-0.2159125206045553,215.0,214.4,-0.27906976744185297,0.27906976744185297,-0.27906976744185297
NVDA,2026-08-24 04:00:00-04:00,6,-0.2159125206045553,215.0,209.65,-2.48837209302325,2.48837209302325,-2.48837209302325
AAPL,2026-08-03 04:00:00-04:00,1,0.5140719049943065,308.97,307.93,-0.3366022591190121,-0.3366022591190121,0.3366022591190121
AAPL,2026-08-03 04:00:00-04:00,3,0.5140719049943065,308.97,309.9,0.301000097096793,0.301000097096793,-0.301000097096793
AAPL,2026-08-03 04:00:00-04:00,6,0.5140719049943065,308.97,305.91,-0.9903874162540016,-0.9903874162540016,0.9903874162540016
AAPL,2026-08-17 04:00:00-04:00,1,0.4578904333605749,306.98,307.0,0.006515082415781137,0.006515082415781137,-0.006515082415781137
AAPL,2026-08-17 04:00:00-04:00,3,0.4578904333605749,306.98,306.65,-0.1074988598605886,-0.1074988598605886,0.1074988598605886
AAPL,2026-08-17 04:00:00-04:00,6,0.4578904333605749,306.98,305.41,-0.5114339696397185,-0.5114339696397185,0.5114339696397185
AAPL,2026-08-24 04:00:00-04:00,1,-0.0872064855786391,310.11,310.29,0.05804391989938651,-0.05804391989938651,0.05804391989938651
AAPL,2026-08-24 04:00:00-04:00,3,-0.0872064855786391,310.11,310.54,0.13866047531521097,-0.13866047531521097,0.13866047531521097
AAPL,2026-08-24 04:00:00-04:00,6,-0.0872064855786391,310.11,311.825,0.5530295701525079,-0.5530295701525079,0.5530295701525079
TSLA,2026-07-27 04:00:00-04:00,1,1.760077083667877,312.253,317.771,1.7671567607036698,1.7671567607036698,-1.7671567607036698
TSLA,2026-07-27 04:00:00-04:00,3,1.760077083667877,312.253,317.0,1.5202415989598261,1.5202415989598261,-1.5202415989598261
TSLA,2026-07-27 04:00:00-04:00,6,1.760077083667877,312.253,309.2,-0.9777328000051266,-0.9777328000051266,0.9777328000051266
TSLA,2026-08-03 04:00:00-04:00,1,1.3739372191510668,314.51,314.78,0.0858478267781626,0.0858478267781626,-0.0858478267781626
TSLA,2026-08-03 04:00:00-04:00,3,1.3739372191510668,314.51,313.82,-0.2193888906553032,-0.2193888906553032,0.2193888906553032
TSLA,2026-08-03 04:00:00-04:00,6,1.3739372191510668,314.51,318.861,1.3834218307843926,1.3834218307843926,-1.3834218307843926
TSLA,2026-08-10 04:00:00-04:00,1,0.7968369829683741,332.04,332.2,0.04818696542583378,0.04818696542583378,-0.04818696542583378
TSLA,2026-08-10 04:00:00-04:00,3,0.7968369829683741,332.04,331.07,-0.2921334778942408,-0.2921334778942408,0.2921334778942408
TSLA,2026-08-10 04:00:00-04:00,6,0.7968369829683741,332.04,329.55,-0.7499096494398283,-0.7499096494398283,0.7499096494398283
TSLA,2026-08-17 04:00:00-04:00,1,0.8577534471149617,344.64,343.79,-0.24663416898792478,-0.24663416898792478,0.24663416898792478
TSLA,2026-08-17 04:00:00-04:00,3,0.8577534471149617,344.64,343.11,-0.44394150417826905,-0.44394150417826905,0.44394150417826905
TSLA,2026-08-17 04:00:00-04:00,6,0.8577534471149617,344.64,339.362,-1.531453110492098,-1.531453110492098,1.531453110492098
TSLA,2026-08-24 04:00:00-04:00,1,-0.5363626361535867,361.79,361.8,0.0027640343845947157,-0.0027640343845947157,0.0027640343845947157
TSLA,2026-08-24 04:00:00-04:00,3,-0.5363626361535867,361.79,361.91,0.03316841261504777,-0.03316841261504777,0.03316841261504777
TSLA,2026-08-24 04:00:00-04:00,6,-0.5363626361535867,361.79,353.95,-2.167002957516795,2.167002957516795,-2.167002957516795
