rtoken_symbol,native_ticker,candles,coverage_pct,weekend_candles,research_group,split_seed,split_frozen
RDRAMUSDT,DRAM,1941,89.86111111111111,423,Development,42,True
RMSTRUSDT,MSTR,2006,92.87037037037037,481,Development,42,True
RSPCXUSDT,SPCX,2150,99.53703703703704,614,Development,42,True
RSNDKUSDT,SNDK,2048,94.81481481481482,519,Development,42,True
RNBISUSDT,NBIS,1789,82.82407407407408,289,Development,42,True
RCOINUSDT,COIN,1753,81.1574074074074,269,Development,42,True
RVOOUSDT,VOO,1863,86.25,366,Development,42,True
RTQQQUSDT,TQQQ,1801,83.37962962962962,307,Development,42,True
RHOODUSDT,HOOD,1806,83.61111111111111,311,Development,42,True
RNVDAUSDT,NVDA,2135,98.8425925925926,600,Development,42,True
RORCLUSDT,ORCL,1728,80.0,245,Development,42,True
RGOOGLUSDT,GOOGL,1977,91.52777777777776,463,Development,42,True
RCRCLUSDT,CRCL,2057,95.23148148148148,524,Development,42,True
RQQQUSDT,QQQ,2052,95.0,525,Development,42,True
RAVGOUSDT,AVGO,1838,85.0925925925926,333,Development,42,True
RAAOIUSDT,AAOI,1797,83.19444444444444,294,Development,42,True
RMSFTUSDT,MSFT,1827,84.58333333333333,340,Development,42,True
RMUUSDT,MU,2072,95.92592592592592,541,Validation,42,True
RRKLBUSDT,RKLB,1829,84.67592592592592,329,Validation,42,True
RLITEUSDT,LITE,1801,83.37962962962962,305,Validation,42,True
RINTCUSDT,INTC,1963,90.87962962962963,438,Validation,42,True
RMRVLUSDT,MRVL,1896,87.77777777777777,382,Validation,42,True
RTSMUSDT,TSM,1754,81.2037037037037,257,Validation,42,True
RAMDUSDT,AMD,1813,83.93518518518519,319,Holdout,42,True
RAXTIUSDT,AXTI,1731,80.13888888888889,240,Holdout,42,True
RTSLAUSDT,TSLA,2036,94.25925925925924,503,Holdout,42,True
RAAPLUSDT,AAPL,1920,88.88888888888889,410,Holdout,42,True
RMETAUSDT,META,1827,84.58333333333333,333,Holdout,42,True
RGLWUSDT,GLW,1777,82.26851851851852,273,Holdout,42,True
