rtoken_symbol,native_ticker,candles,coverage_pct_scan,weekend_candles,research_group,split_seed,split_frozen,duplicates,invalid_high,invalid_low,coverage_pct_quality,weekend_coverage_pct,overall_quality_ok,weekend_quality_ok,candle_quality_ok,weekend_factor_eligible
RDRAMUSDT,DRAM,1941,89.86111111111111,423,Development,42,True,0,0,0,89.86111111111111,68.0064308681672,True,True,True,True
RMSTRUSDT,MSTR,2006,92.87037037037037,481,Development,42,True,0,0,0,92.87037037037037,77.33118971061094,True,True,True,True
RSPCXUSDT,SPCX,2150,99.53703703703704,614,Development,42,True,0,0,0,99.53703703703704,98.71382636655947,True,True,True,True
RSNDKUSDT,SNDK,2048,94.81481481481482,519,Development,42,True,0,0,0,94.81481481481482,83.44051446945338,True,True,True,True
RNBISUSDT,NBIS,1789,82.82407407407408,289,Development,42,True,0,0,0,82.82407407407408,46.46302250803858,True,False,True,False
RCOINUSDT,COIN,1753,81.1574074074074,269,Development,42,True,0,0,0,81.1574074074074,43.247588424437296,True,False,True,False
RVOOUSDT,VOO,1863,86.25,366,Development,42,True,0,0,0,86.25,58.842443729903536,True,False,True,False
RTQQQUSDT,TQQQ,1801,83.37962962962962,307,Development,42,True,0,0,0,83.37962962962962,49.356913183279744,True,False,True,False
RHOODUSDT,HOOD,1806,83.61111111111111,311,Development,42,True,0,0,0,83.61111111111111,50.0,True,False,True,False
RNVDAUSDT,NVDA,2135,98.8425925925926,600,Development,42,True,0,0,0,98.8425925925926,96.4630225080386,True,True,True,True
RORCLUSDT,ORCL,1728,80.0,245,Development,42,True,0,0,0,80.0,39.38906752411576,True,False,True,False
RGOOGLUSDT,GOOGL,1977,91.52777777777776,463,Development,42,True,0,0,0,91.52777777777776,74.43729903536978,True,True,True,True
RCRCLUSDT,CRCL,2057,95.23148148148148,524,Development,42,True,0,0,0,95.23148148148148,84.2443729903537,True,True,True,True
RQQQUSDT,QQQ,2052,95.0,525,Development,42,True,0,0,0,95.0,84.40514469453376,True,True,True,True
RAVGOUSDT,AVGO,1838,85.0925925925926,333,Development,42,True,0,0,0,85.0925925925926,53.536977491961416,True,False,True,False
RAAOIUSDT,AAOI,1797,83.19444444444444,294,Development,42,True,0,0,0,83.19444444444444,47.2668810289389,True,False,True,False
RMSFTUSDT,MSFT,1827,84.58333333333333,340,Development,42,True,0,0,0,84.58333333333333,54.66237942122186,True,False,True,False
RMUUSDT,MU,2072,95.92592592592592,541,Validation,42,True,0,0,0,95.92592592592592,86.97749196141478,True,True,True,True
RRKLBUSDT,RKLB,1829,84.67592592592592,329,Validation,42,True,0,0,0,84.67592592592592,52.89389067524116,True,False,True,False
RLITEUSDT,LITE,1801,83.37962962962962,305,Validation,42,True,0,0,0,83.37962962962962,49.035369774919616,True,False,True,False
RINTCUSDT,INTC,1963,90.87962962962963,438,Validation,42,True,0,0,0,90.87962962962963,70.41800643086816,True,True,True,True
RMRVLUSDT,MRVL,1896,87.77777777777777,382,Validation,42,True,0,0,0,87.77777777777777,61.41479099678456,True,True,True,True
RTSMUSDT,TSM,1754,81.2037037037037,257,Validation,42,True,0,0,0,81.2037037037037,41.31832797427653,True,False,True,False
RAMDUSDT,AMD,1813,83.93518518518519,319,Holdout,42,True,0,0,0,83.93518518518519,51.28617363344051,True,False,True,False
RAXTIUSDT,AXTI,1731,80.13888888888889,240,Holdout,42,True,0,0,0,80.13888888888889,38.58520900321543,True,False,True,False
RTSLAUSDT,TSLA,2036,94.25925925925924,503,Holdout,42,True,0,0,0,94.25925925925924,80.86816720257235,True,True,True,True
RAAPLUSDT,AAPL,1920,88.88888888888889,410,Holdout,42,True,0,0,0,88.88888888888889,65.91639871382637,True,True,True,True
RMETAUSDT,META,1827,84.58333333333333,333,Holdout,42,True,0,0,0,84.58333333333333,53.536977491961416,True,False,True,False
RGLWUSDT,GLW,1777,82.26851851851852,273,Holdout,42,True,0,0,0,82.26851851851852,43.89067524115756,True,False,True,False
