datetime_utc,session,rtoken_close,rtoken_momentum_6h,stock_close,stock_momentum_6h,valid_hour,rtoken_momentum_pct,stock_momentum_pct,momentum_divergence_pct,price_gap_pct
2026-07-02 14:00:00+00:00,Regular,196.23,0.0006629270780214,196.2400054931641,-0.00029951536553407543,True,0.06629270780214,-0.029951536553407543,0.09624424435554754,-0.005098600124353592
2026-07-02 15:00:00+00:00,Regular,194.47,-0.0077048678436574,194.4900054931641,-0.006462131270393634,True,-0.77048678436574,-0.6462131270393634,-0.12427365732637663,-0.010286129157832669
2026-07-02 16:00:00+00:00,Regular,193.52,-0.0124011227353916,193.4900054931641,-0.013561022211755924,True,-1.24011227353916,-1.3561022211755924,0.11598994763643233,0.015501837813003405
2026-07-02 17:00:00+00:00,Regular,192.555,-0.022513833189502,192.5449981689453,-0.02221665677798279,True,-2.2513833189502,-2.221665677798279,-0.029717641151921104,0.005194542132902491
2026-07-02 18:00:00+00:00,Regular,193.38,-0.0214553182876227,193.42999267578125,-0.021929883773423975,True,-2.14553182876227,-2.1929883773423975,0.04745654858012749,-0.025845358876197544
2026-07-02 19:00:00+00:00,Regular,194.51,-0.0220713926596279,194.6199951171875,-0.021296928421924655,True,-2.2071392659627898,-2.1296928421924655,-0.07744642377032429,-0.05651789124816453
2026-07-02 20:00:00+00:00,After-Hours,194.52,-0.0087142638740252,194.53,-0.00871384756062732,True,-0.8714263874025199,-0.8713847560627319,-4.163133978796196e-05,-0.005140595280928029
2026-07-02 21:00:00+00:00,After-Hours,194.39,-0.0004113745050651,194.5591,0.0003552599356491104,True,-0.04113745050651,0.03552599356491104,-0.07666344407142103,-0.08691446455088014
2026-07-02 22:00:00+00:00,After-Hours,194.49,0.0050124018189334,194.66,0.006046795563697582,True,0.50124018189334,0.6046795563697582,-0.10343937447641827,-0.08733175793690373
2026-07-02 23:00:00+00:00,After-Hours,194.46,0.0098932772454622,194.3965,0.009615943538715754,True,0.98932772454622,0.9615943538715754,0.027733370674644542,0.032665197161474424
2026-07-06 14:00:00+00:00,Regular,196.04,0.0064171672057087,196.0249938964844,0.004264989159339594,True,0.6417167205708699,0.4264989159339594,0.21521780463691054,0.007655199072997831
2026-07-06 15:00:00+00:00,Regular,196.41,0.0068280380155629,196.3999938964844,0.006663218331544929,True,0.68280380155629,0.6663218331544929,0.016481968401797054,0.005094757549151119
2026-07-06 16:00:00+00:00,Regular,196.45,0.0061975005121899,196.4600067138672,0.006241023111721589,True,0.61975005121899,0.6241023111721589,-0.004352259953168902,-0.005093511923659477
2026-07-06 17:00:00+00:00,Regular,195.7,0.0007158928206176,195.69000244140625,0.0014841476018743194,True,0.07158928206176,0.14841476018743194,-0.07682547812567193,0.005108875501558252
2026-07-06 18:00:00+00:00,Regular,196.603,0.0071359049229036,196.625,0.006939109950325095,True,0.71359049229036,0.6939109950325095,0.019679497257850453,-0.011188811188811432
2026-07-06 19:00:00+00:00,Regular,195.58,-0.0035663338088444,195.5749969482422,-0.0035918169728919036,True,-0.35663338088444,-0.35918169728919036,0.0025483164047503393,0.0025581244207595333
2026-07-06 20:00:00+00:00,After-Hours,195.34,-0.0035706998571719,195.25,-0.003953546336512903,True,-0.35706998571719,-0.3953546336512903,0.0382846479341003,0.046094750320113675
2026-07-06 21:00:00+00:00,After-Hours,195.42,-0.0050404765541469,195.5,-0.004582453790496377,True,-0.50404765541469,-0.4582453790496377,-0.0458022763650523,-0.04092071611253578
2026-07-06 22:00:00+00:00,After-Hours,195.29,-0.0059048103843216,195.3922,-0.00543523708325222,True,-0.5904810384321599,-0.543523708325222,-0.04695733010693792,-0.05230505618956105
2026-07-06 23:00:00+00:00,After-Hours,194.755,-0.0048288196218702,194.6983,-0.005067721544452453,True,-0.48288196218702,-0.5067721544452453,0.02389019225822525,0.0291219800070186
2026-07-07 14:00:00+00:00,Regular,192.62,-0.0067037953795379,192.57000732421875,-0.006500503924992351,True,-0.67037953795379,-0.6500503924992351,-0.020329145454554887,0.025960779913702936
2026-07-07 15:00:00+00:00,Regular,194.71,0.0036597938144329,194.72000122070312,0.0030510907031975343,True,0.36597938144329,0.30510907031975343,0.06087031112353658,-0.005136206162914547
2026-07-07 16:00:00+00:00,Regular,197.44,0.0263021104064871,197.44000244140625,0.025342762990269163,True,2.6302110406487103,2.5342762990269163,0.09593474162179394,-1.2365307000550274e-06
2026-07-07 17:00:00+00:00,Regular,197.95,0.0341674938613447,197.94000244140625,0.033899203141322776,True,3.4167493861344695,3.3899203141322776,0.026829072002191978,0.005050802500972118
2026-07-07 18:00:00+00:00,Regular,196.4,0.0210022873778332,196.41799926757807,0.021202034249651946,True,2.10022873778332,2.1202034249651946,-0.01997468718187445,-0.009163756705177217
2026-07-07 19:00:00+00:00,Regular,196.98,0.0225025305613952,196.92999267578125,0.022269483491097475,True,2.25025305613952,2.2269483491097475,0.023304707029772498,0.025393452535737993
2026-07-07 20:00:00+00:00,After-Hours,196.585,0.0205845706572527,196.6,0.020927416121432563,True,2.05845706572527,2.0927416121432563,-0.034284546417986395,-0.007629704984735142
2026-07-07 21:00:00+00:00,After-Hours,195.7,0.0050844846181499,195.68,0.004930149821685603,True,0.50844846181499,0.4930149821685603,0.015433479646429715,0.010220768601798547
2026-07-07 22:00:00+00:00,After-Hours,195.92,-0.0076985413290113,195.95,-0.007546608706350932,True,-0.7698541329011299,-0.7546608706350932,-0.015193262266036678,-0.015310028068382664
2026-07-07 23:00:00+00:00,After-Hours,195.87,-0.0105077039656478,195.89,-0.010356685945849153,True,-1.0507703965647799,-1.0356685945849153,-0.015101801979864549,-0.0102098116289695
2026-07-08 14:00:00+00:00,Regular,198.77,0.0222690804361243,198.7832946777344,0.02492031285245888,True,2.22690804361243,2.492031285245888,-0.26512324163345813,-0.0066880256492152235
2026-07-08 15:00:00+00:00,Regular,197.22,0.0192774820404155,197.23989868164065,0.019907434105386423,True,1.92774820404155,1.9907434105386423,-0.06299520649709245,-0.010088568171884305
2026-07-08 16:00:00+00:00,Regular,201.03,0.0369854534199938,200.9949951171875,0.03760131121580734,True,3.6985453419993797,3.7601311215807343,-0.06158577958135458,0.01741579823522077
2026-07-08 17:00:00+00:00,Regular,202.195,0.0400442364075921,202.1999969482422,0.04017694813643802,True,4.00442364075921,4.017694813643802,-0.013271172884591564,-0.002471289969141477
2026-07-08 18:00:00+00:00,Regular,204.122,0.0448505323505323,204.17999267578125,0.04761412352889294,True,4.48505323505323,4.761412352889294,-0.2763591178360638,-0.02840272204012173
2026-07-08 19:00:00+00:00,Regular,204.06,0.0326400485805373,204.1499938964844,0.0330692924204401,True,3.2640048580537298,3.30692924204401,-0.0429243839902802,-0.04408224304431885
2026-07-08 20:00:00+00:00,After-Hours,202.75,0.0200231423253005,202.9,0.020709513487738418,True,2.00231423253005,2.070951348773842,-0.06863711624379176,-0.07392804337111869
2026-07-08 21:00:00+00:00,After-Hours,203.39,0.031284859547713,203.1969,0.030201806825982835,True,3.1284859547712998,3.0201806825982835,0.10830527217301622,0.09503097734266941
2026-07-08 22:00:00+00:00,After-Hours,202.81,0.0088543998408197,202.9178,0.009566431650158469,True,0.8854399840819699,0.9566431650158469,-0.07120318093387701,-0.0531249599591499
2026-07-08 23:00:00+00:00,After-Hours,203.46,0.0062563367046664,203.62,0.007022764951481575,True,0.62563367046664,0.7022764951481575,-0.07664282468151751,-0.0785777428543355
2026-07-09 14:00:00+00:00,Regular,201.287,-0.013347384932111,201.2949981689453,-0.01560498924647491,True,-1.3347384932111,-1.560498924647491,0.22576043143639102,-0.003973357022313273
2026-07-09 15:00:00+00:00,Regular,201.74,-0.0137856863511928,201.7400054931641,-0.013798194326997804,True,-1.37856863511928,-1.3798194326997804,0.0012507975805002847,-2.7228928001221675e-06
2026-07-09 16:00:00+00:00,Regular,201.7,-0.0113229743640017,201.7100067138672,-0.012372847653132402,True,-1.1322974364001699,-1.2372847653132402,0.10498732891307028,-0.004960940723874874
2026-07-09 17:00:00+00:00,Regular,203.345,-0.0098602522276866,203.32000732421875,-0.011377966915205873,True,-0.98602522276866,-1.1377966915205873,0.15177146875192726,0.012292285501147582
2026-07-09 18:00:00+00:00,Regular,203.465,-0.0101435173923619,203.47000122070312,-0.008599891730440179,True,-1.01435173923619,-0.8599891730440179,-0.15436256619217215,-0.0024579646498823493
2026-07-09 19:00:00+00:00,Regular,202.705,0.0030431985748924,202.72999572753903,0.003117217243925996,True,0.30431985748924,0.3117217243925996,-0.0074018669033595885,-0.012329565464308523
2026-07-09 20:00:00+00:00,After-Hours,202.64,0.0067217455672745,202.54,0.006184961585631532,True,0.6721745567274501,0.6184961585631532,0.05367839816429687,0.04937296336526842
2026-07-09 21:00:00+00:00,After-Hours,202.69,0.0047090314265885,202.7487,0.004999972634927463,True,0.47090314265884997,0.4999972634927463,-0.029094120833896342,-0.028952096856860177
2026-07-09 22:00:00+00:00,After-Hours,202.3,0.0029747149231533,202.3607,0.003225885005575524,True,0.29747149231533,0.3225885005575524,-0.025117008242222405,-0.02999594288811691
2026-07-09 23:00:00+00:00,After-Hours,202.296,-0.0051587204012885,202.315,-0.004942982923545447,True,-0.51587204012885,-0.4942982923545447,-0.02157374777430532,-0.009391295751681739
2026-07-10 14:00:00+00:00,Regular,206.11,0.0226753994244319,206.1000061035156,0.02242288968903461,True,2.2675399424431903,2.242288968903461,0.025250973539729493,0.004849052007993571
2026-07-10 15:00:00+00:00,Regular,209.035,0.0365200575197104,209.01809692382807,0.03621941024800712,True,3.65200575197104,3.6219410248007122,0.03006472717032782,0.008086896025116808
2026-07-10 16:00:00+00:00,Regular,209.64,0.0373236614101148,209.6199951171875,0.03710664514737538,True,3.7323661410114797,3.7106645147375383,0.021701626273941343,0.009543403911105308
2026-07-10 17:00:00+00:00,Regular,210.39,0.0450889907755585,210.3800048828125,0.04495680889734399,True,4.50889907755585,4.495680889734399,0.01321818782145101,0.004750982486689814
2026-07-10 18:00:00+00:00,Regular,210.135,0.0428018460622301,210.1300048828125,0.042570106091850635,True,4.28018460622301,4.2570106091850635,0.023173997037946314,0.002377155604338377
2026-07-10 19:00:00+00:00,Regular,210.99,0.0176039355647728,210.9499969482422,0.017452725730822127,True,1.76039355647728,1.7452725730822127,0.015120983395067178,0.018963286246287403
2026-07-10 20:00:00+00:00,After-Hours,210.62,0.0218815195769248,210.6682,0.022164938191171046,True,2.1881519576924804,2.2164938191171046,-0.02834186142462425,-0.022879580306855996
2026-07-10 21:00:00+00:00,After-Hours,210.32,0.0061472959073838,210.34,0.0063243474877376915,True,0.61472959073838,0.6324347487737692,-0.01770515803538919,-0.009508414947234645
2026-07-10 22:00:00+00:00,After-Hours,210.42,0.0037206639954208,210.612,0.004732396269057748,True,0.37206639954208,0.4732396269057748,-0.10117322736369483,-0.09116289670104694
2026-07-10 23:00:00+00:00,After-Hours,210.575,0.000879319359285,210.57,0.0009031044432825652,True,0.0879319359285,0.09031044432825652,-0.002378508399756521,0.002374507289726324
2026-07-13 14:00:00+00:00,Regular,207.38,0.0016421947449767,207.3950042724609,-0.0004819187331699393,True,0.16421947449767,-0.04819187331699393,0.21241134781466392,-0.007234635430852787
2026-07-13 15:00:00+00:00,Regular,206.768,-0.0059230769230769,206.75,-0.0067259188085515564,True,-0.59230769230769,-0.6725918808551556,0.08028418854746566,0.008706166868188703
2026-07-13 16:00:00+00:00,Regular,204.67,-0.013923684717672,204.6499938964844,-0.015206227339952805,True,-1.3923684717672,-1.5206227339952805,0.12825426222808045,0.009775765508068801
2026-07-13 17:00:00+00:00,Regular,203.645,-0.0214079769341661,203.6499938964844,-0.02106974321173538,True,-2.14079769341661,-2.106974321173538,-0.03382337224307186,-0.0024521957446954623
2026-07-13 18:00:00+00:00,Regular,203.78,-0.0193455245428296,203.7720947265625,-0.019666627891068544,True,-1.93455245428296,-1.9666627891068544,0.03211033482389447,0.003879468112710782
2026-07-13 19:00:00+00:00,Regular,203.475,-0.025549542646425,203.47999572753903,-0.025082053049396702,True,-2.5549542646425,-2.50820530493967,-0.04674895970282966,-0.0024551443109532833
2026-07-13 20:00:00+00:00,After-Hours,203.61,-0.0181791879641237,203.6571,-0.018023116253804705,True,-1.81791879641237,-1.8023116253804705,-0.015607171031899458,-0.02312710924392558
2026-07-13 21:00:00+00:00,After-Hours,203.565,-0.0154907916118548,203.62,-0.015139056831922626,True,-1.54907916118548,-1.5139056831922626,-0.03517347799321735,-0.027011099106177827
2026-07-13 22:00:00+00:00,After-Hours,203.41,-0.006156251526848,203.45,-0.0058636400306534275,True,-0.6156251526848,-0.5863640030653428,-0.02926114961945725,-0.019660850331770785
2026-07-13 23:00:00+00:00,After-Hours,202.81,-0.0041002725330845,203.25,-0.0019641242743553278,True,-0.41002725330844997,-0.19641242743553278,-0.2136148258729172,-0.21648216482165195
2026-07-14 14:00:00+00:00,Regular,207.5,0.0129362948498901,207.4850006103516,0.013308266313496686,True,1.29362948498901,1.3308266313496686,-0.03719714636065863,0.00722914408477493
2026-07-14 15:00:00+00:00,Regular,209.19,0.0226339460305045,209.1699981689453,0.022686149557254787,True,2.26339460305045,2.2686149557254787,-0.005220352675028739,0.009562476086322214
2026-07-14 16:00:00+00:00,Regular,210.86,0.0313524089019321,210.8699951171875,0.030796280574803214,True,3.13524089019321,3.0796280574803214,0.055612832712888416,-0.004739942817344467
2026-07-14 17:00:00+00:00,Regular,211.3,0.0246338861410144,211.3101043701172,0.024754441053575604,True,2.46338861410144,2.4754441053575604,-0.012055491256120376,-0.004781773284001645
2026-07-14 18:00:00+00:00,Regular,212.31,0.025404491668679,212.32000732421875,0.025205250237656962,True,2.5404491668678997,2.520525023765696,0.019924143102203473,-0.004713321342098009
2026-07-14 19:00:00+00:00,Regular,211.8,0.0333723653395785,211.8000030517578,0.03317074659394059,True,3.33723653395785,3.317074659394059,0.020161874563790594,-1.440867680724267e-06
2026-07-14 20:00:00+00:00,After-Hours,211.63,0.0199036144578312,211.631,0.019982164385147216,True,1.99036144578312,1.9982164385147216,-0.007854992731601618,-0.00047252056646351903
2026-07-14 21:00:00+00:00,After-Hours,211.51,0.0110903962904536,211.53,0.011282697574766631,True,1.10903962904536,1.1282697574766631,-0.01923012843130323,-0.00945492365149736
2026-07-14 22:00:00+00:00,After-Hours,211.36,0.0023712415820924,211.4987,0.002981480994785901,True,0.23712415820924,0.2981480994785901,-0.061023941269350124,-0.06557959930723056
2026-07-14 23:00:00+00:00,After-Hours,211.83,0.002508282063417,211.8192,0.002409234671481242,True,0.2508282063417,0.24092346714812418,0.009904739193575818,0.005098687937654667
2026-07-15 14:00:00+00:00,Regular,210.055,-0.0050445244410761,210.02999877929688,-0.004597162183427095,True,-0.50445244410761,-0.4597162183427095,-0.04473622576490055,0.011903642740773712
2026-07-15 15:00:00+00:00,Regular,208.65,-0.0104808877928483,208.64010620117188,-0.010832731059988832,True,-1.0480887792848301,-1.0832731059988832,0.03518432671405303,0.004742040736216424
2026-07-15 16:00:00+00:00,Regular,207.268,-0.0213975448536355,207.27999877929688,-0.02020983250590569,True,-2.13975448536355,-2.020983250590569,-0.11877123477298124,-0.005788681670948481
2026-07-15 17:00:00+00:00,Regular,209.66,-0.0080431491294474,209.63999938964844,-0.008006362549692225,True,-0.80431491294474,-0.8006362549692225,-0.003678657975517474,0.009540455261292102
2026-07-15 18:00:00+00:00,Regular,210.27,-0.0048745858968292,210.2700042724609,-0.005250715548351992,True,-0.48745858968292,-0.5250715548351992,0.03761296515227919,-2.0318927096418804e-06
2026-07-15 19:00:00+00:00,Regular,212.49,0.0025004717871297,212.4900054931641,0.0023586017597236886,True,0.25004717871297,0.23586017597236886,0.01418700274060114,-2.585139979860429e-06
2026-07-15 20:00:00+00:00,After-Hours,212.31,0.0107352836161958,212.07,0.009712904025899638,True,1.0735283616195799,0.9712904025899638,0.10223795902961608,0.1131701796576623
2026-07-15 21:00:00+00:00,After-Hours,211.91,0.0156242511382698,211.82,0.015241047642882366,True,1.56242511382698,1.5241047642882366,0.038320349538743415,0.04248890567462027
2026-07-15 22:00:00+00:00,After-Hours,211.35,0.0196943088175693,211.67,0.021179087449616496,True,1.9694308817569302,2.1179087449616496,-0.14847786320471945,-0.15117872159493562
2026-07-15 23:00:00+00:00,After-Hours,211.258,0.0076218639702376,211.2502,0.0076807890433101544,True,0.76218639702376,0.7680789043310154,-0.005892507307255435,0.003692304196634133
2026-07-16 14:00:00+00:00,Regular,206.485,-0.0168598173559464,206.4850006103516,-0.016784912097749682,True,-1.68598173559464,-1.6784912097749682,-0.0074905258196718005,-2.9559124037348283e-07
2026-07-16 15:00:00+00:00,Regular,207.621,-0.009630795649685,207.6000061035156,-0.00788527549096485,True,-0.9630795649685,-0.7885275490964849,-0.17455201587201508,0.010112666602690723
2026-07-16 16:00:00+00:00,Regular,207.195,-0.0110495919049209,207.1999969482422,-0.01281625161636002,True,-1.10495919049209,-1.281625161636002,0.17666597114391203,-0.0024116545925600974
2026-07-16 17:00:00+00:00,Regular,206.68,-0.0111004784688995,206.6782989501953,-0.012290088649006825,True,-1.11004784688995,-1.2290088649006825,0.11896101801073256,0.000823042290032383
2026-07-16 18:00:00+00:00,Regular,207.03,-0.0091888011486001,207.0200042724609,-0.009236639040627326,True,-0.9188801148600099,-0.9236639040627326,0.00478378920272271,0.004828387273114743
2026-07-16 19:00:00+00:00,Regular,207.47,-0.0001927617946122,207.47000122070312,-0.00014457243034637912,True,-0.01927617946122,-0.014457243034637912,-0.0048189364265820885,-5.883757259184108e-07
2026-07-16 20:00:00+00:00,After-Hours,206.96,0.0023004092306946,206.87,0.0018645392571392527,True,0.23004092306946,0.18645392571392527,0.04358699735553473,0.04350558321650766
2026-07-16 21:00:00+00:00,After-Hours,206.701,-0.00443115099147,206.7295,-0.004193189200011549,True,-0.443115099147,-0.4193189200011549,-0.023796179145845087,-0.013786131152060399
2026-07-16 22:00:00+00:00,After-Hours,206.27,-0.0044643934457877,206.36,-0.004054039385203323,True,-0.44643934457877,-0.4054039385203323,-0.041035406058437696,-0.04361310331459922
2026-07-16 23:00:00+00:00,After-Hours,206.03,-0.0031449583897813,205.965,-0.0034512522786304123,True,-0.31449583897813,-0.34512522786304123,0.030629388884911235,0.03155875998348545
2026-07-17 14:00:00+00:00,Regular,203.01,0.008945877441479,203.0101928710937,0.010026084584659811,True,0.8945877441479001,1.0026084584659811,-0.10802071431808102,-9.500562063724516e-05
2026-07-17 15:00:00+00:00,Regular,205.12,0.0169054583312675,205.1199951171875,0.01685502239335457,True,1.6905458331267502,1.6855022393354568,0.005043593791293377,2.380466379570123e-06
2026-07-17 16:00:00+00:00,Regular,205.601,0.0187849957881174,205.6100006103516,0.01871551280789907,True,1.87849957881174,1.871551280789907,0.006948298021832944,-0.004377515843034807
2026-07-17 17:00:00+00:00,Regular,204.4,0.0095422486516387,204.41000366210932,0.00965648495769078,True,0.95422486516387,0.9656484957690781,-0.011423630605208124,-0.004893920028414822
2026-07-17 18:00:00+00:00,Regular,203.335,0.0047188457357447,203.30499267578125,0.004893323163291274,True,0.47188457357446995,0.48933231632912744,-0.01744774275465749,0.014759757654658756
2026-07-17 19:00:00+00:00,Regular,202.81,0.0053786094931218,202.63999938964844,0.0048347811269962016,True,0.53786094931218,0.48347811269962016,0.054382836612559826,0.08389291890229522
2026-07-17 20:00:00+00:00,After-Hours,202.8,-0.0010344318013889,202.76,-0.0012324153164692264,True,-0.10344318013889,-0.12324153164692264,0.019798351508032636,0.019727756954046605
2026-07-17 21:00:00+00:00,After-Hours,202.68,-0.0118954758190327,202.675,-0.011919828273156075,True,-1.18954758190327,-1.1919828273156075,0.0024352454123375278,0.002467003823847236
2026-07-17 22:00:00+00:00,After-Hours,202.79,-0.0136721124897253,202.7246,-0.014033367062819435,True,-1.36721124897253,-1.4033367062819435,0.03612545730941341,0.032260515004089996
2026-07-17 23:00:00+00:00,After-Hours,202.52,-0.009197651663405,202.4887,-0.009399264359318038,True,-0.9197651663405001,-0.9399264359318038,0.02016126959130371,0.015457652698658286
2026-07-20 14:00:00+00:00,Regular,204.87,0.0072271386430677,204.875,0.0058235897113636526,True,0.72271386430677,0.5823589711363653,0.14035489317040473,-0.002440512507628778
2026-07-20 15:00:00+00:00,Regular,205.93,0.0090156303591553,205.92010498046875,0.009709252625619058,True,0.90156303591553,0.9709252625619058,-0.06936222664637581,0.004805271215357898
2026-07-20 16:00:00+00:00,Regular,204.02,-0.0027373154756086,204.0200042724609,-0.002639791393914237,True,-0.27373154756086,-0.2639791393914237,-0.009752408169436289,-2.094138229491449e-06
2026-07-20 17:00:00+00:00,Regular,204.405,-0.0068749392673209,204.4349975585937,-0.006294669913995521,True,-0.68749392673209,-0.6294669913995521,-0.05802693533253789,-0.014673396899711477
2026-07-20 18:00:00+00:00,Regular,203.34,-0.0128167783279929,203.3500061035156,-0.01286404804118646,True,-1.28167783279929,-1.286404804118646,0.004726971319356066,-0.004920631037752532
2026-07-20 19:00:00+00:00,Regular,203.321,-0.0122856448870536,203.3800048828125,-0.012022981691453993,True,-1.2285644887053602,-1.2022981691453993,-0.026266319559960838,-0.029012135606198974
2026-07-20 20:00:00+00:00,After-Hours,202.71,-0.0105432713428027,202.72,-0.010518608907870708,True,-1.05432713428027,-1.0518608907870708,-0.0024662434931992383,-0.004932912391475419
2026-07-20 21:00:00+00:00,After-Hours,202.79,-0.0152478997717672,202.86,-0.014860642095918641,True,-1.52478997717672,-1.4860642095918641,-0.0387257675848558,-0.034506556245694764
2026-07-20 22:00:00+00:00,After-Hours,202.46,-0.007646309185374,202.4,-0.007940418775295388,True,-0.7646309185374,-0.7940418775295388,0.029410958992138858,0.029644268774697835
2026-07-20 23:00:00+00:00,After-Hours,203.01,-0.0068246862845821,203.0892,-0.006583009634678505,True,-0.68246862845821,-0.6583009634678505,-0.024167664990359494,-0.0389976424152616
2026-07-21 14:00:00+00:00,Regular,205.841,0.000831428988185,205.8305053710937,0.0010617335503131375,True,0.0831428988185,0.10617335503131375,-0.023030456212813757,0.005098675187809043
2026-07-21 15:00:00+00:00,Regular,205.78,0.0011189491607881,205.7700042724609,0.0018013839944541754,True,0.11189491607881,0.18013839944541754,-0.06824348336660754,0.004857718487416562
2026-07-21 16:00:00+00:00,Regular,205.45,-0.0003405994550409,205.4573974609375,0.0004255609920509329,True,-0.03405994550409,0.04255609920509329,-0.07661604470918329,-0.003600484104704371
2026-07-21 17:00:00+00:00,Regular,206.24,0.0011650485436893,206.259994506836,0.0011892071297527895,True,0.11650485436893,0.11892071297527895,-0.00241585860634895,-0.009693836598700933
2026-07-21 18:00:00+00:00,Regular,207.21,0.0050443808507543,207.1699981689453,0.0049478446225821315,True,0.50443808507543,0.49478446225821315,0.009653622817216823,0.019308698850339923
2026-07-21 19:00:00+00:00,Regular,207.24,0.008712582136773,207.17999267578125,0.008469578532405153,True,0.8712582136772999,0.8469578532405153,0.02430036043678463,0.0289638605754039
2026-07-21 20:00:00+00:00,After-Hours,206.76,0.0044646110347306,206.7,0.004224323441944122,True,0.44646110347305995,0.4224323441944122,0.024028759278647727,0.029027576197382388
2026-07-21 21:00:00+00:00,After-Hours,206.79,0.0049081543395859,206.77,0.004859774052465848,True,0.49081543395859,0.48597740524658484,0.004838028712005171,0.009672583063302653
2026-07-21 22:00:00+00:00,After-Hours,206.41,0.0046726697493306,206.4,0.004587824778816918,True,0.46726697493306,0.4587824778816918,0.008484497051368223,0.004844961240313417
2026-07-21 23:00:00+00:00,After-Hours,206.32,0.0003878975950348,206.35,0.0004363691242172951,True,0.03878975950348,0.04363691242172951,-0.0048471529182495116,-0.014538405621522532
2026-07-22 14:00:00+00:00,Regular,209.18,0.0191473812423874,209.22999572753903,0.020318075754773623,True,1.91473812423874,2.0318075754773623,-0.11706945123862234,-0.023895105176086062
2026-07-22 15:00:00+00:00,Regular,213.23,0.0389654685162716,213.2301025390625,0.038911803573325354,True,3.8965468516271597,3.8911803573325354,0.005366494294624324,-4.808845528447847e-05
2026-07-22 16:00:00+00:00,Regular,214.01,0.0393375746685444,214.009994506836,0.039808696314905356,True,3.93375746685444,3.9808696314905356,-0.04711216463609569,2.56677918919479e-06
2026-07-22 17:00:00+00:00,Regular,213.603,0.0424235030013178,213.6000061035156,0.042459766244585584,True,4.24235030013178,4.245976624458558,-0.0036263243267784517,0.001401636890863145
2026-07-22 18:00:00+00:00,Regular,213.76,0.0426808448368372,213.7700042724609,0.042627928949231286,True,4.26808448368372,4.262792894923129,0.005291588760591104,-0.00467992340411616
2026-07-22 19:00:00+00:00,Regular,212.06,0.0206478317370168,212.05990600585932,0.020745636610634444,True,2.06478317370168,2.0745636610634444,-0.0097804873617644,4.432433384771173e-05
2026-07-22 20:00:00+00:00,After-Hours,212.74,0.01701883545272,212.89,0.01749273214738789,True,1.701883545272,1.749273214738789,-0.04738966946678902,-0.07045892244820218
2026-07-22 21:00:00+00:00,After-Hours,210.81,-0.0113492472916568,211.07,-0.010130382686782125,True,-1.1349247291656799,-1.0130382686782125,-0.12188646048746743,-0.12318188278769293
2026-07-22 22:00:00+00:00,After-Hours,211.23,-0.0129900471940563,211.1166,-0.013519903654516274,True,-1.29900471940563,-1.3519903654516274,0.052985646045997425,0.05371439289945101
2026-07-22 23:00:00+00:00,After-Hours,212.03,-0.0073641287809628,212.04,-0.00730339915233702,True,-0.73641287809628,-0.730339915233702,-0.006072962862577969,-0.004716091303524905
2026-07-23 14:00:00+00:00,Regular,207.378,-0.0174918273558535,207.30499267578125,-0.02006621283015253,True,-1.7491827355853502,-2.006621283015253,0.2574385474299028,0.035217349701222034
2026-07-23 15:00:00+00:00,Regular,208.18,-0.0128971076339496,208.1800994873047,-0.012209069720864552,True,-1.28971076339496,-1.2209069720864552,-0.06880379130850489,-4.778905616786844e-05
2026-07-23 16:00:00+00:00,Regular,209.91,-0.0048829050914952,209.8800048828125,-0.0046202310278262715,True,-0.48829050914952,-0.46202310278262715,-0.026267406366892843,0.014291555407686118
2026-07-23 17:00:00+00:00,Regular,209.07,-0.0055177662560053,209.07000732421875,-0.007406317598543599,True,-0.55177662560053,-0.7406317598543599,0.18885513425382994,-3.5032374334775795e-06
2026-07-23 18:00:00+00:00,Regular,207.685,-0.0070520175941862,207.6750030517578,-0.007099813292418156,True,-0.70520175941862,-0.7099813292418156,0.004779569823195606,0.0048137465247455324
2026-07-23 19:00:00+00:00,Regular,208.77,-0.0009092649310872,208.6999969482422,-0.001100826763039131,True,-0.09092649310872,-0.11008267630391311,0.019156183195193105,0.0335424306571408
2026-07-23 20:00:00+00:00,After-Hours,209.15,0.0085447829567264,209.15,0.008899965699833867,True,0.85447829567264,0.8899965699833867,-0.03551827431074672,0.0
2026-07-23 21:00:00+00:00,After-Hours,208.4,0.0010567777884522,208.4,0.0010562993928664444,True,0.10567777884522,0.10562993928664444,4.783955857556865e-05,0.0
2026-07-23 22:00:00+00:00,After-Hours,208.14,-0.008432185222238,208.38,-0.00714696420771499,True,-0.8432185222238,-0.714696420771499,-0.12852210145230103,-0.11517420097898468
2026-07-23 23:00:00+00:00,After-Hours,207.93,-0.0054527191849619,207.99,-0.005165768816107197,True,-0.54527191849619,-0.5165768816107197,-0.02869503688547026,-0.028847540747156675
2026-07-24 14:00:00+00:00,Regular,209.52,0.0101730871221252,209.4949951171875,0.00985777352223427,True,1.01730871221252,0.985777352223427,0.031531359989092955,0.011935790064354634
2026-07-24 15:00:00+00:00,Regular,210.19,0.0087344627345586,210.18099975585932,0.008332204762038664,True,0.87344627345586,0.8332204762038664,0.0402257972519936,0.004282139751521363
2026-07-24 16:00:00+00:00,Regular,210.25,0.0110895241026429,210.22000122070312,0.010916091467675582,True,1.10895241026429,1.0916091467675582,0.017343263496731876,0.014270183199838193
2026-07-24 17:00:00+00:00,Regular,209.69,0.0049844236760123,209.6999969482422,0.004986096725203115,True,0.49844236760123,0.4986096725203115,-0.00016730491908151235,-0.004767261987448368
2026-07-24 18:00:00+00:00,Regular,206.27,-0.0081742559022935,206.27999877929688,-0.008184360107274191,True,-0.81742559022935,-0.8184360107274191,0.0010104204980690978,-0.004847187975587364
2026-07-24 19:00:00+00:00,Regular,206.95,0.0034912476361343,206.9600067138672,0.003277529987006478,True,0.34912476361343,0.3277529987006478,0.0213717649127822,-0.004835095449640114
2026-07-24 20:00:00+00:00,After-Hours,207.07,-0.0116933944253532,207.03,-0.011766367572688896,True,-1.16933944253532,-1.1766367572688896,0.007297314733569538,0.019320871371286685
2026-07-24 21:00:00+00:00,After-Hours,206.84,-0.0159379608925257,206.905,-0.01558656472119091,True,-1.59379608925257,-1.558656472119091,-0.03513961713347902,-0.03141538387182452
2026-07-24 22:00:00+00:00,After-Hours,206.64,-0.0171700356718192,206.7127,-0.016683955857373034,True,-1.7170035671819202,-1.6683955857373034,-0.048607981444616755,-0.03516958561328165
2026-07-24 23:00:00+00:00,After-Hours,206.75,-0.0140206972197052,206.7995,-0.013831649930629686,True,-1.40206972197052,-1.3831649930629686,-0.01890472890755146,-0.023936228085652544
2026-07-27 14:00:00+00:00,Regular,199.77,-0.0464348108335161,199.7749938964844,-0.04645876469697219,True,-4.6434810833516105,-4.645876469697219,0.002395386345608763,-0.002499760549101726
2026-07-27 15:00:00+00:00,Regular,197.61,-0.0552208835341364,197.6000061035156,-0.05549445005728415,True,-5.52208835341364,-5.5494450057284155,0.027356652314775687,0.005057639765038147
2026-07-27 16:00:00+00:00,Regular,196.342,-0.0602048631054947,196.3251037597656,-0.05895786434349448,True,-6.02048631054947,-5.895786434349448,-0.12469987620002154,0.008606255598930801
2026-07-27 17:00:00+00:00,Regular,196.785,-0.0548270893371757,196.7949981689453,-0.05486985799180999,True,-5.48270893371757,-5.486985799180999,0.004276865463429758,-0.0050804995240461
2026-07-27 18:00:00+00:00,Regular,197.44,-0.0520908348936578,197.44949340820312,-0.05195741211700389,True,-5.2090834893657805,-5.195741211700389,-0.013342277665391755,-0.004808018516155865
2026-07-27 19:00:00+00:00,Regular,196.545,-0.0257992565055762,196.5200042724609,-0.025995564805858073,True,-2.57992565055762,-2.5995564805858073,0.01963083002818733,0.012719177180775532
2026-07-27 20:00:00+00:00,After-Hours,196.97,-0.0140161185363167,196.94,-0.014190934717051684,True,-1.40161185363167,-1.4190934717051684,0.01748161807349846,0.015233065908404342
2026-07-27 21:00:00+00:00,After-Hours,197.0,-0.0030868883153687,197.01,-0.0029858607555230954,True,-0.30868883153687005,-0.29858607555230954,-0.010102755984560507,-0.005075884472860448
2026-07-27 22:00:00+00:00,After-Hours,196.44,0.000499129070703,196.36,0.0001777472140145342,True,0.04991290707030001,0.01777472140145342,0.03213818566884659,0.040741495212870404
2026-07-27 23:00:00+00:00,After-Hours,196.2,-0.0029727875600275,196.14,-0.003328327320509583,True,-0.29727875600275,-0.3328327320509583,0.03555397604820831,0.030590394616081262
2026-07-28 14:00:00+00:00,Regular,196.79,0.010994091959928,196.7700042724609,0.011670973123192319,True,1.0994091959927998,1.1670973123192319,-0.06768811632643201,0.010161979521727815
2026-07-28 15:00:00+00:00,Regular,198.32,0.0198498405841818,198.3300018310547,0.0195866843052368,True,1.9849840584181802,1.9586684305236801,0.026315627894500038,-0.005043024737738655
2026-07-28 16:00:00+00:00,Regular,198.01,0.0180462724935732,198.0200958251953,0.017842802552343162,True,1.8046272493573199,1.7842802552343162,0.02034699412300367,-0.005098384158053193
2026-07-28 17:00:00+00:00,Regular,197.09,0.0072571165738233,197.1000061035156,0.007693986728274815,True,0.72571165738233,0.7693986728274815,-0.04368701544515152,-0.005076663219549804
2026-07-28 18:00:00+00:00,Regular,197.085,0.0081074168797954,197.07000732421875,0.008391788999737804,True,0.81074168797954,0.8391788999737804,-0.02843721199424032,0.007607791761321536
2026-07-28 19:00:00+00:00,Regular,197.04,0.0175058094500386,196.9499969482422,0.017146061982692196,True,1.75058094500386,1.7146061982692196,0.03597474673464052,0.04569842759705178
2026-07-28 20:00:00+00:00,After-Hours,197.25,0.0023375171502617,197.21,0.0022360914671213372,True,0.23375171502617,0.22360914671213372,0.010142568314036288,0.020282947112204575
2026-07-28 21:00:00+00:00,After-Hours,196.99,-0.0067063331988704,196.89,-0.0072606353943431845,True,-0.67063331988704,-0.7260635394343185,0.05543021954727845,0.050789781096050035
2026-07-28 22:00:00+00:00,After-Hours,195.5,-0.0126761274683095,195.53,-0.012574965257028614,True,-1.26761274683095,-1.2574965257028614,-0.01011622112808852,-0.01534291413082256
2026-07-28 23:00:00+00:00,After-Hours,197.67,0.0029428180019279,197.63,0.002688959310361616,True,0.29428180019279,0.2688959310361616,0.025385869156628382,0.020239842129221586
2026-07-29 14:00:00+00:00,Regular,192.495,-0.0204813759413799,192.4850006103516,-0.021406180566654665,True,-2.04813759413799,-2.1406180566654665,0.09248046252747644,0.0051948929094214336
2026-07-29 15:00:00+00:00,Regular,191.85,-0.0313541351105726,191.8600006103516,-0.031303642278341925,True,-3.13541351105726,-3.1303642278341925,-0.005049283223067302,-0.005212451954439423
2026-07-29 16:00:00+00:00,Regular,191.98,-0.0248882568061763,191.97000122070312,-0.025038084201609356,True,-2.48882568061763,-2.5038084201609356,0.014982739543305534,0.0052085113472433164
2026-07-29 17:00:00+00:00,Regular,192.288,-0.0260446740616927,192.32000732421875,-0.026227811016613978,True,-2.60446740616927,-2.6227811016613978,0.018313695492127913,-0.016642742824346524
2026-07-29 18:00:00+00:00,Regular,195.91,-0.0058862333181103,195.9398956298828,-0.0048255592976645945,True,-0.58862333181103,-0.48255592976645945,-0.10606740204457055,-0.01525755119278216
2026-07-29 19:00:00+00:00,Regular,190.06,-0.0170920280298917,190.0599975585937,-0.017168307169248,True,-1.70920280298917,-1.7168307169247998,0.007627913935629893,1.2845450703125039e-06
2026-07-29 20:00:00+00:00,After-Hours,189.73,-0.0143640094547911,189.6912,-0.01451438086860124,True,-1.43640094547911,-1.451438086860124,0.015037141381013974,0.02045429624568662
2026-07-29 21:00:00+00:00,After-Hours,189.24,-0.0136043784206409,189.29,-0.013395187126945873,True,-1.36043784206409,-1.3395187126945873,-0.020919129369502576,-0.026414496275550814
2026-07-29 22:00:00+00:00,After-Hours,190.95,-0.0053651422023127,190.98,-0.005157062115996758,True,-0.53651422023127,-0.5157062115996758,-0.020808008631594266,-0.015708451146712044
2026-07-29 23:00:00+00:00,After-Hours,191.27,-0.0052941421201531,191.2641,-0.0054903664933760865,True,-0.52941421201531,-0.5490366493376087,0.019622437322298625,0.003084739896297428
2026-07-30 14:00:00+00:00,Regular,194.84,0.0158498435870697,194.87730407714844,0.017091656304841774,True,1.58498435870697,1.7091656304841774,-0.12418127177720728,-0.019142340522970702
2026-07-30 15:00:00+00:00,Regular,193.15,0.0047336662505201,193.11090087890625,0.007424581122869256,True,0.47336662505201005,0.7424581122869256,-0.26909148723491555,0.020246977729265758
2026-07-30 16:00:00+00:00,Regular,193.42,0.0051447279530216,193.3950042724609,0.005014832783146517,True,0.51447279530216,0.5014832783146517,0.012989516987508276,0.012924701769367886
2026-07-30 17:00:00+00:00,Regular,193.743,0.0014628346945104,193.7700042724609,0.0024273271112220662,True,0.14628346945104,0.24273271112220662,-0.09644924167116661,-0.013936250124113592
2026-07-30 18:00:00+00:00,Regular,193.534,-0.0029160226687274,193.5200042724609,-0.003073902078178259,True,-0.29160226687274,-0.3073902078178259,0.0157879409450859,0.007232186456218592
2026-07-30 19:00:00+00:00,Regular,195.04,-0.002454991816694,195.1499938964844,-0.0019700193412275357,True,-0.2454991816694,-0.19700193412275357,-0.048497247546646416,-0.05636377141921001
2026-07-30 20:00:00+00:00,After-Hours,195.8,0.0049271196879492,195.4754,0.0030690896802163525,True,0.49271196879492,0.30690896802163525,0.18580300077328477,0.16605670074085754
2026-07-30 21:00:00+00:00,After-Hours,195.53,0.0123220295107429,195.48,0.012268075547839263,True,1.23220295107429,1.2268075547839263,0.005395396290363674,0.02557806425209641
2026-07-30 22:00:00+00:00,After-Hours,195.94,0.0130286423327474,196.01,0.013521526770438053,True,1.30286423327474,1.3521526770438053,-0.04928844376906527,-0.03571246364980629
2026-07-30 23:00:00+00:00,After-Hours,196.83,0.0159334788869791,196.839,0.015838342673635708,True,1.5933478886979098,1.5838342673635708,0.009513621334338973,-0.004572264642666024
2026-07-31 14:00:00+00:00,Regular,198.112,-0.0017535019651315,198.110107421875,-0.001763038285422791,True,-0.17535019651315,-0.1763038285422791,0.0009536320291290978,0.0009553162883202404
2026-07-31 15:00:00+00:00,Regular,196.31,-0.008284920434453,196.27999877929688,-0.007784861089389916,True,-0.8284920434453,-0.7784861089389916,-0.050005934506308414,0.01528490976652197
2026-07-31 16:00:00+00:00,Regular,198.244,0.0018394986860723,198.22000122070312,0.0028838918325480023,True,0.18394986860723,0.28838918325480023,-0.10443931464757022,0.012107143148565314
2026-07-31 17:00:00+00:00,Regular,199.485,0.0099994936965217,199.4949951171875,0.00993147034112507,True,0.99994936965217,0.993147034112507,0.006802335539662918,-0.005010209495037721
2026-07-31 18:00:00+00:00,Regular,198.96,0.0109756097560975,198.97000122070312,0.010605343407234402,True,1.09756097560975,1.0605343407234402,0.03702663488630975,-0.005026496779292344
2026-07-31 19:00:00+00:00,Regular,200.68,0.0152428073477111,200.8099975585937,0.015782260502081646,True,1.52428073477111,1.5782260502081646,-0.05394531543705461,-0.0647365968697633
2026-07-31 20:00:00+00:00,After-Hours,199.51,0.0070566144403165,199.49,0.006965281055481665,True,0.70566144403165,0.6965281055481665,0.009133338483483522,0.010025565191229546
2026-07-31 21:00:00+00:00,After-Hours,198.95,0.0134481177729102,199.04,0.01406155103865947,True,1.34481177729102,1.406155103865947,-0.061343326574927026,-0.04521704180064923
2026-07-31 22:00:00+00:00,After-Hours,199.0,0.0038134823752546,198.9671,0.003769038314478834,True,0.38134823752546,0.3769038314478834,0.004444406077576568,0.016535397058103918
2026-07-31 23:00:00+00:00,After-Hours,198.948,-0.0026919317241898,198.9495,-0.0027343799620991316,True,-0.26919317241898,-0.27343799620991316,0.004244823790933161,-0.0007539601758255188
2026-08-03 14:00:00+00:00,Regular,206.28,0.0275466998754669,206.2899932861328,0.027750066192371525,True,2.75466998754669,2.7750066192371525,-0.020336631690462514,-0.004844290299121923
2026-08-03 15:00:00+00:00,Regular,206.775,0.0306798923337652,206.77999877929688,0.030088665832902484,True,3.06798923337652,3.0088665832902484,0.05912265008627182,-0.002417438498103497
2026-08-03 16:00:00+00:00,Regular,206.88,0.0326960515150001,206.8999938964844,0.032428917074770025,True,3.26960515150001,3.2428917074770025,0.026713444023007682,-0.009663555859940054
2026-08-03 17:00:00+00:00,Regular,208.23,0.0489119484182953,208.11090087890625,0.04836482232082151,True,4.89119484182953,4.836482232082151,0.054712609747379126,0.057228679800402915
2026-08-03 18:00:00+00:00,Regular,208.17,0.0480131700170665,208.16000366210932,0.04790956072528729,True,4.80131700170665,4.790956072528729,0.010360929177920752,0.004802237564760503
2026-08-03 19:00:00+00:00,Regular,206.72,0.0223086014964715,206.69000244140625,0.021890360876706705,True,2.23086014964715,2.1890360876706705,0.04182406197647959,0.014513308935804048
2026-08-03 20:00:00+00:00,After-Hours,206.85,0.002763234438627,206.6546,0.0017674474076958546,True,0.2763234438627,0.17674474076958546,0.09957870309311456,0.09455390782493467
2026-08-03 21:00:00+00:00,After-Hours,206.66,-0.0005561600773787,206.76,-9.671525009646853e-05,True,-0.05561600773787,-0.009671525009646853,-0.04594448272822315,-0.04836525440123918
2026-08-03 22:00:00+00:00,After-Hours,207.01,0.0006283836040217,206.9934,0.0004514553227215057,True,0.06283836040217,0.04514553227215057,0.017692828130019433,0.008019579368223617
2026-08-03 23:00:00+00:00,After-Hours,206.9,-0.0063871680353454,206.8031,-0.0062841536574156365,True,-0.63871680353454,-0.6284153657415636,-0.01030143779297632,0.046856164148412205
2026-08-04 14:00:00+00:00,Regular,209.57,0.0070155206381239,209.57000732421875,0.006097010677958314,True,0.70155206381239,0.6097010677958314,0.09185099601655855,-3.4948792748679125e-06
2026-08-04 15:00:00+00:00,Regular,210.785,0.0111532188429435,210.7749938964844,0.011637582938370583,True,1.11532188429435,1.1637582938370583,-0.048436409542708336,0.004747291569362488
2026-08-04 16:00:00+00:00,Regular,210.62,0.0087164750957853,210.62399291992188,0.009471913277365962,True,0.87164750957853,0.9471913277365962,-0.07554381815806621,-0.0018957573952094187
2026-08-04 17:00:00+00:00,Regular,211.517,0.0048790916433083,211.47999572753903,0.004655561651016882,True,0.48790916433083004,0.4655561651016882,0.022352999229141857,0.017497764899077062
2026-08-04 18:00:00+00:00,Regular,212.939,0.0142318922034188,212.9499969482422,0.014240793237960458,True,1.4231892203418801,1.4240793237960458,-0.000890103454165736,-0.005164098802434847
2026-08-04 19:00:00+00:00,Regular,211.79,0.0083317463340315,211.83999633789065,0.008569811032633767,True,0.83317463340315,0.8569811032633767,-0.02380646986022672,-0.02360099072646893
2026-08-04 20:00:00+00:00,After-Hours,213.77,0.0200410364078829,213.73,0.01985013375194211,True,2.0041036407882897,1.9850133751942112,0.01909026559407856,0.01871520142235905
2026-08-04 21:00:00+00:00,After-Hours,214.91,0.019569703726546,215.1,0.020519540878932263,True,1.9569703726546002,2.0519540878932263,-0.09498371523862614,-0.08833100883309797
2026-08-04 22:00:00+00:00,After-Hours,216.57,0.0282499287816921,216.58,0.028277913629443763,True,2.82499287816921,2.8277913629443763,-0.002798484775166088,-0.00461723150799731
2026-08-04 23:00:00+00:00,After-Hours,216.56,0.0238420552485143,216.5,0.023737489946465296,True,2.38420552485143,2.3737489946465296,0.01045653020490045,0.027713625866043756
2026-08-05 14:00:00+00:00,Regular,218.82,0.0131024584471501,218.8000030517578,0.014418856005182557,True,1.31024584471501,1.4418856005182557,-0.1316397558032456,0.009139372926547651
2026-08-05 15:00:00+00:00,Regular,219.05,0.0143082052231895,219.05499267578125,0.014237395480050319,True,1.43082052231895,1.4237395480050319,0.007080974313918187,-0.002279188308040858
2026-08-05 16:00:00+00:00,Regular,221.372,0.0219842112552512,221.33999633789065,0.022780815756622497,True,2.19842112552512,2.2780815756622497,-0.07966045013712986,0.014459050618453873
2026-08-05 17:00:00+00:00,Regular,220.755,0.0238150449865504,220.81500244140625,0.023696891526592045,True,2.38150449865504,2.3696891526592045,0.011815345995835447,-0.027173172448813343
2026-08-05 18:00:00+00:00,Regular,221.74,0.0309029117637487,221.72999572753903,0.03082285321961442,True,3.09029117637487,3.082285321961442,0.008005854413427826,0.004511916589433618
2026-08-05 19:00:00+00:00,Regular,219.15,-0.0089988242742153,219.1999969482422,-0.008839962206803609,True,-0.89988242742153,-0.8839962206803609,-0.01588620674116914,-0.022808827070375237
2026-08-05 20:00:00+00:00,After-Hours,219.965,0.0052326112786766,219.9604,0.00530345947009736,True,0.52326112786766,0.530345947009736,-0.007084819142076038,0.0020912855223098603
2026-08-05 21:00:00+00:00,After-Hours,219.82,0.0035151791828349,219.86,0.00367490973104756,True,0.35151791828349,0.367490973104756,-0.015973054821265986,-0.01819339579733903
2026-08-05 22:00:00+00:00,After-Hours,221.13,-0.0010931825163075,220.82,-0.002349310321198561,True,-0.10931825163075001,-0.2349310321198561,0.1256127804891061,0.14038583461644105
2026-08-05 23:00:00+00:00,After-Hours,220.6,-0.0007021358519625,220.7423,-0.00032924593257899204,True,-0.07021358519625,-0.032924593257899204,-0.03728899193835079,-0.0644643097403641
2026-08-06 14:00:00+00:00,Regular,219.136,-0.0021583716588499,219.1199951171875,-0.002407501806577117,True,-0.21583716588499,-0.2407501806577117,0.024913014772721703,0.00730416354925989
2026-08-06 15:00:00+00:00,Regular,217.9,-0.0065198559248621,217.9100952148437,-0.007152837548552449,True,-0.65198559248621,-0.7152837548552449,0.06329816236903485,-0.004632743074028944
2026-08-06 16:00:00+00:00,Regular,219.37,0.0005016874942991,219.3699951171875,-9.118411419151151e-05,True,0.05016874942991,-0.009118411419151151,0.05928716084906115,2.2258342502468054e-06
2026-08-06 17:00:00+00:00,Regular,219.61,-0.0101415306950328,219.6100006103516,-0.010453743926681414,True,-1.0141530695032799,-1.0453743926681414,0.03122132316486148,-2.779252161744239e-07
2026-08-06 18:00:00+00:00,Regular,219.455,-0.0087402321694746,219.4949951171875,-0.008169368240599217,True,-0.87402321694746,-0.8169368240599217,-0.05708639288753825,-0.018221425580178252
2026-08-06 19:00:00+00:00,Regular,218.99,-0.0141802466912757,218.9900054931641,-0.014268986841423414,True,-1.41802466912757,-1.4268986841423414,0.008874015014771475,-2.5084085808479983e-06
2026-08-06 20:00:00+00:00,After-Hours,218.975,-0.0007347035630841,218.9688,-0.0006900105903464571,True,-0.07347035630841,-0.0690010590346457,-0.0044692972737643,0.002831453613483248
2026-08-06 21:00:00+00:00,After-Hours,218.91,0.0046351537402478,218.7122,0.0036808977774318574,True,0.46351537402478,0.36808977774318574,0.09542559628159425,0.09043848491305795
2026-08-06 22:00:00+00:00,After-Hours,219.53,0.0007293613529653,219.56,0.0008661388842672313,True,0.07293613529653,0.08661388842672313,-0.013677753130193135,-0.013663691018406254
2026-08-06 23:00:00+00:00,After-Hours,219.49,-0.0005464232047721,219.42,-0.0008651728510702394,True,-0.054642320477209995,-0.08651728510702394,0.03187496462981395,0.03190228784979432
2026-08-07 14:00:00+00:00,Regular,223.17,0.0151012053672958,223.17999267578125,0.015173439534821753,True,1.51012053672958,1.5173439534821753,-0.007223416752595302,-0.004477406626579583
2026-08-07 15:00:00+00:00,Regular,223.8,0.0198594617256495,223.82000732421875,0.020145885707469224,True,1.98594617256495,2.0145885707469224,-0.02864239818197234,-0.008939024021104025
2026-08-07 16:00:00+00:00,Regular,221.91,0.0113020097525406,221.8999938964844,0.01151870441947711,True,1.1302009752540598,1.151870441947711,-0.021669466693651218,0.004509285169373989
2026-08-07 17:00:00+00:00,Regular,222.09,0.0106944570856466,222.08999633789065,0.010418545668292367,True,1.06944570856466,1.0418545668292367,0.02759114173542332,1.6489303478195438e-06
2026-08-07 18:00:00+00:00,Regular,222.29,0.0039745268958042,222.2700042724609,0.005013556955111964,True,0.39745268958041996,0.5013556955111964,-0.10390300593077645,0.008996143048878302
2026-08-07 19:00:00+00:00,Regular,223.94,0.0064492932743085,223.97999572753903,0.006651666191186623,True,0.6449293274308501,0.6651666191186623,-0.020237291687812187,-0.01785683020892881
2026-08-07 20:00:00+00:00,After-Hours,223.5,0.0014786933727652,223.6,0.0018819219374601737,True,0.14786933727652,0.18819219374601737,-0.040322856469497376,-0.04472271914132131
2026-08-07 21:00:00+00:00,After-Hours,223.38,-0.0018766756032172,223.3547,-0.002078935345331767,True,-0.18766756032172002,-0.20789353453317672,0.020225974211456693,0.011327274510009033
2026-08-07 22:00:00+00:00,After-Hours,223.22,0.0059032941282501,223.44,0.006940090788078113,True,0.59032941282501,0.6940090788078113,-0.10367966598280132,-0.09846043680630245
2026-08-07 23:00:00+00:00,After-Hours,223.8,0.0076995812508442,223.7619,0.007528045790796023,True,0.76995812508442,0.7528045790796023,0.017153546004817666,0.017027027389393545
2026-08-10 14:00:00+00:00,Regular,219.585,-0.0244568839131014,219.5968017578125,-0.023536832416681475,True,-2.44568839131014,-2.3536832416681475,-0.09200514964199247,-0.005374284924930528
2026-08-10 15:00:00+00:00,Regular,219.623,-0.0231032350756393,219.6302947998047,-0.022996909253537923,True,-2.31032350756393,-2.2996909253537923,-0.010632582210137631,-0.003321399632660871
2026-08-10 16:00:00+00:00,Regular,217.62,-0.0324129651860743,217.61990356445312,-0.03275744004421033,True,-3.2412965186074296,-3.275744004421033,0.03444748581360324,4.4313753155833524e-05
2026-08-10 17:00:00+00:00,Regular,218.3,-0.025228845724492,218.3000030517578,-0.026185470617130613,True,-2.5228845724492,-2.6185470617130613,0.09566248926386134,-1.3979650770323815e-06
2026-08-10 18:00:00+00:00,Regular,219.025,-0.0181773354850278,219.0200042724609,-0.017891555210703958,True,-1.81773354850278,-1.7891555210703958,-0.028578027432384134,0.0022809457773886876
2026-08-10 19:00:00+00:00,Regular,217.55,-0.020530367835757,217.5599975585937,-0.02030895491006357,True,-2.0530367835757,-2.030895491006357,-0.02214129256934294,-0.004595311043331662
2026-08-10 20:00:00+00:00,After-Hours,219.45,-0.0006147960926293,219.3412,-0.001163959382679991,True,-0.06147960926293,-0.1163959382679991,0.0549163290050691,0.04960308414470038
2026-08-10 21:00:00+00:00,After-Hours,218.954,-0.0030461290484147,218.959,-0.003056476340919101,True,-0.30461290484147,-0.3056476340919101,0.0010347292504400696,-0.0022835325334868983
2026-08-10 22:00:00+00:00,After-Hours,218.65,0.004733020862053,218.64,0.004687514417746064,True,0.4733020862053,0.46875144177460637,0.00455064443069364,0.004573728503487473
2026-08-10 23:00:00+00:00,After-Hours,218.1,-0.0009161704076958,217.99,-0.0014200780917272837,True,-0.09161704076958,-0.14200780917272837,0.05039076840314838,0.05046103032249061
2026-08-11 14:00:00+00:00,Regular,219.825,0.0024854067858446,219.80499267578125,0.003355058546497647,True,0.24854067858445997,0.3355058546497647,-0.08696517606530471,0.009102306537789318
2026-08-11 15:00:00+00:00,Regular,218.53,-0.0057327448928522,218.52999877929688,-0.003941758057634637,True,-0.57327448928522,-0.39417580576346367,-0.17909868352175629,5.585975015875988e-07
2026-08-11 16:00:00+00:00,Regular,217.78,-0.008734677900218,217.7169952392578,-0.009373158978155938,True,-0.8734677900218001,-0.9373158978155938,0.06384810779379368,0.02893883441343892
2026-08-11 17:00:00+00:00,Regular,217.72,-0.0104086177901003,217.7400054931641,-0.010196667411432547,True,-1.0408617790100299,-1.0196667411432547,-0.021195037866775124,-0.009187789409104141
2026-08-11 18:00:00+00:00,Regular,217.19,-0.017284285778924,217.15789794921875,-0.0174882186611236,True,-1.7284285778924002,-1.74882186611236,0.020393288219959782,0.014782815216207723
2026-08-11 19:00:00+00:00,Regular,217.44,-0.0110969619792613,217.47999572753903,-0.01091508596496793,True,-1.10969619792613,-1.091508596496793,-0.018187601429336953,-0.01839053169245819
2026-08-11 20:00:00+00:00,After-Hours,217.658,-0.0098578414648015,217.6012,-0.010026126563157267,True,-0.98578414648015,-1.0026126563157267,0.01682850983557671,0.026102797227212093
2026-08-11 21:00:00+00:00,After-Hours,217.95,-0.0026540978355374,217.9139,-0.002819286975419333,True,-0.26540978355374,-0.2819286975419333,0.016518913988193273,0.016566175907084535
2026-08-11 22:00:00+00:00,After-Hours,218.11,0.0015152906602995,218.2165,0.002294284652391232,True,0.15152906602995,0.2294284652391232,-0.07789939920917319,-0.04880474207953345
2026-08-11 23:00:00+00:00,After-Hours,218.08,0.001653499908139,218.0385,0.00137087581200257,True,0.1653499908139,0.137087581200257,0.028262409613643014,0.019033335855822564
2026-08-12 14:00:00+00:00,Regular,223.76,0.0215019401963021,223.7449951171875,0.02124695384174302,True,2.15019401963021,2.124695384174302,0.025498635455907692,0.006706242883613989
2026-08-12 15:00:00+00:00,Regular,223.005,0.0141661739960889,223.0200042724609,0.01354761779712188,True,1.41661739960889,1.354761779712188,0.06185561989670196,-0.006727769784531379
2026-08-12 16:00:00+00:00,Regular,223.778,0.0170340408126163,223.8000030517578,0.018615461525455457,True,1.70340408126163,1.8615461525455457,-0.15814207128391566,-0.009831569015994468
2026-08-12 17:00:00+00:00,Regular,223.655,0.0192079839591687,223.65499877929688,0.01897580199233162,True,1.92079839591687,1.897580199233162,0.023218196683707948,5.457973850653275e-07
2026-08-12 18:00:00+00:00,Regular,223.68,0.0136862140850178,223.68280029296875,0.013744846104549069,True,1.36862140850178,1.3744846104549069,-0.00586320195312684,-0.001251903572863089
2026-08-12 19:00:00+00:00,Regular,224.11,0.0020119824733972,224.1300048828125,0.0022134745819548662,True,0.20119824733972003,0.22134745819548662,-0.020149210855766597,-0.008925571042106561
2026-08-12 20:00:00+00:00,After-Hours,223.435,-0.0014524490525562,223.4765,-0.0012000050193162748,True,-0.14524490525562,-0.12000050193162748,-0.025244403323992526,-0.018570185232003045
2026-08-12 21:00:00+00:00,After-Hours,223.7,0.0031165220510751,223.7805,0.003409988848399381,True,0.31165220510751,0.3409988848399381,-0.029346679732428105,-0.03597275008322409
2026-08-12 22:00:00+00:00,After-Hours,223.53,-0.0011082412033354,223.55,-0.0011170824323000206,True,-0.11082412033354,-0.11170824323000206,0.0008841228964620584,-0.008946544397225864
2026-08-12 23:00:00+00:00,After-Hours,223.71,0.0002459144664774,223.7415,0.0003867618482717994,True,0.024591446647740003,0.03867618482717994,-0.014084738179439935,-0.014078747125589874
2026-08-13 14:00:00+00:00,Regular,224.98,0.0045095325266777,224.9900054931641,0.004868269286128157,True,0.45095325266777,0.48682692861281573,-0.03587367594504576,-0.0044470833902909845
2026-08-13 15:00:00+00:00,Regular,224.221,-0.0002808938667047,224.2700042724609,0.00017840731597429382,True,-0.028089386670469996,0.017840731597429382,-0.045930118267899375,-0.021850569192205516
2026-08-13 16:00:00+00:00,Regular,225.33,0.0044129446376037,225.3300018310547,0.004054905227050654,True,0.44129446376037,0.40549052270506536,0.035803941055304656,-8.126102457595152e-07
2026-08-13 17:00:00+00:00,Regular,225.3,0.0062527914247432,225.30499267578125,0.00636498425844767,True,0.62527914247432,0.636498425844767,-0.011219283370446975,-0.0022159632247609196
2026-08-13 18:00:00+00:00,Regular,225.74,0.0081729266223036,225.7350006103516,0.007925525139987455,True,0.81729266223036,0.7925525139987455,0.024740148231614523,0.0022147162092256423
2026-08-13 19:00:00+00:00,Regular,225.35,-0.0019045088138897,225.3699951171875,-0.0017717550945814953,True,-0.19045088138897,-0.17717550945814953,-0.013275371930820484,-0.008872129218939762
2026-08-13 20:00:00+00:00,After-Hours,225.37,0.0017334874211041,225.36,0.001644493078814424,True,0.17334874211041001,0.1644493078814424,0.008899434228967606,0.004437344692931333
2026-08-13 21:00:00+00:00,After-Hours,225.55,0.0059271879083582,225.54,0.0056627979816514795,True,0.59271879083582,0.566279798165148,0.026438992670672068,0.004433803316494789
2026-08-13 22:00:00+00:00,After-Hours,225.59,0.0011538632228287,225.6434,0.0013908408396512417,True,0.11538632228286999,0.13908408396512417,-0.02369776168225418,-0.02366566006363202
2026-08-13 23:00:00+00:00,After-Hours,225.52,0.000976475810031,225.4256,0.0005353069312241665,True,0.0976475810031,0.05353069312241665,0.04411688788068335,0.04187634412418095
2026-08-14 14:00:00+00:00,Regular,226.12,0.0016389811738648,226.1000061035156,0.0017558688825907165,True,0.16389811738648,0.17558688825907165,-0.011688770872591653,0.008842943805698056
2026-08-14 15:00:00+00:00,Regular,225.255,-0.0027669559057906,225.2400054931641,-0.003098143342639248,True,-0.27669559057905996,-0.3098143342639248,0.03311874368486484,0.006657124165432293
2026-08-14 16:00:00+00:00,Regular,225.06,-0.0052025088734379,225.0677947998047,-0.005326771941496,True,-0.52025088734379,-0.5326771941496,0.012426306805810028,-0.003463311937457192
2026-08-14 17:00:00+00:00,Regular,225.34,-0.0019487997165381,225.33999633789065,-0.0020787605038113943,True,-0.19487997165381002,-0.20787605038113943,0.012996078727329413,1.6251483936358113e-06
2026-08-14 18:00:00+00:00,Regular,225.105,-0.0038720240729268,225.1300048828125,-0.0037172859989711426,True,-0.38720240729268,-0.37172859989711426,-0.015473807395565753,-0.011106863709942072
2026-08-14 19:00:00+00:00,Regular,225.16,-0.0023483539368159,225.16000366210932,-0.0026134942985190923,True,-0.23483539368159,-0.26134942985190923,0.026514036170319222,-1.6264475322103067e-06
2026-08-14 20:00:00+00:00,After-Hours,224.976,-0.005059260569609,224.9604,-0.00504027453671918,True,-0.5059260569609,-0.504027453671918,-0.0018986032889819482,0.006934553814796907
2026-08-14 21:00:00+00:00,After-Hours,225.02,-0.0010432620807528,224.9614,-0.0012369272170549284,True,-0.10432620807528,-0.12369272170549284,0.019366513630212842,0.02604891328024106
2026-08-14 22:00:00+00:00,After-Hours,224.884,-0.0007820136852395,224.87,-0.000878823200718748,True,-0.07820136852395,-0.0878823200718748,0.009680951547924796,0.006225819362293272
2026-08-14 23:00:00+00:00,After-Hours,224.72,-0.0027513978876364,224.72,-0.002751381680866749,True,-0.27513978876364004,-0.2751381680866749,-1.6206769651305741e-06,0.0
2026-08-17 14:00:00+00:00,Regular,226.24,0.0003095017022594,226.2400054931641,0.0002652997310288452,True,0.03095017022594,0.02652997310288452,0.00442019712305548,-2.4280250809916026e-06
2026-08-17 15:00:00+00:00,Regular,227.71,0.0070762018486576,227.6999969482422,0.007195885882281372,True,0.70762018486576,0.7195885882281372,-0.011968403362377256,0.0043930838348194
2026-08-17 16:00:00+00:00,Regular,227.06,0.0037575703991865,227.0599975585937,0.003225368084627256,True,0.37575703991865,0.3225368084627256,0.053220231455924416,1.0752251977663718e-06
2026-08-17 17:00:00+00:00,Regular,225.83,-0.0040134074270088,225.8249969482422,-0.003552058649595402,True,-0.40134074270088,-0.3552058649595402,-0.046134877741339786,0.0022154552531628013
2026-08-17 18:00:00+00:00,Regular,225.6,-0.0030932390631904,225.6000061035156,-0.0029213779506163107,True,-0.30932390631904,-0.29213779506163107,-0.01718611125740893,-2.7054589679664787e-06
2026-08-17 19:00:00+00:00,Regular,225.07,-0.0049295930322523,225.0500030517578,-0.00504000785774672,True,-0.49295930322523,-0.504000785774672,0.011041482549441983,0.008885557863158589
2026-08-17 20:00:00+00:00,After-Hours,224.97,-0.0056135077793494,225.0222,-0.005382803498919175,True,-0.56135077793494,-0.5382803498919175,-0.023070428043022506,-0.023197711159161916
2026-08-17 21:00:00+00:00,After-Hours,224.99,-0.0119450177857801,225.06,-0.011594189651404685,True,-1.1945017785780099,-1.1594189651404685,-0.03508281343754138,-0.03110281702656259
2026-08-17 22:00:00+00:00,After-Hours,225.13,-0.0084999559587773,225.08,-0.008720151413208477,True,-0.8499955958777301,-0.8720151413208477,0.022019545443117572,0.022214323795965996
2026-08-17 23:00:00+00:00,After-Hours,225.12,-0.0031439578443962,225.15,-0.0029890267125605163,True,-0.31439578443961996,-0.29890267125605163,-0.01549311318356833,-0.013324450366425378
2026-08-18 14:00:00+00:00,Regular,219.07,-0.0065303160854383,219.0599975585937,-0.006530623317035356,True,-0.65303160854383,-0.6530623317035356,3.072315970553685e-05,0.004566073914813451
2026-08-18 15:00:00+00:00,Regular,220.075,0.0007958162801271,220.0599975585937,-0.0009533864866133612,True,0.07958162801271,-0.09533864866133612,0.17492027667404614,0.006817432324246475
2026-08-18 16:00:00+00:00,Regular,220.2,-0.0029431741000679,220.1999969482422,-0.0027174051257148335,True,-0.29431741000679,-0.27174051257148335,-0.022576897435306664,1.3859027481188946e-06
2026-08-18 17:00:00+00:00,Regular,219.96,-0.0038043478260869,219.97000122070312,-0.0038172533366342964,True,-0.38043478260869,-0.38172533366342964,0.0012905510547396304,-0.004546629380197675
2026-08-18 18:00:00+00:00,Regular,219.83,-0.0024277902570735,219.81500244140625,-0.0023826702305244085,True,-0.24277902570735,-0.23826702305244085,-0.004512002654909142,0.006822809374784633
2026-08-18 19:00:00+00:00,Regular,219.72,-0.0021481155168421,219.8000030517578,-0.0018532302610710927,True,-0.21481155168420998,-0.18532302610710927,-0.029488525577100716,-0.03639811221429756
2026-08-18 20:00:00+00:00,After-Hours,219.63,0.0025562605559867,219.62,0.0025563884216539545,True,0.25562605559867,0.25563884216539545,-1.2786566725431214e-05,0.004553319369815512
2026-08-18 21:00:00+00:00,After-Hours,219.51,-0.0025673066000226,219.4302,-0.0028619356792730644,True,-0.25673066000225997,-0.28619356792730644,0.029462907925046466,0.03636691758928112
2026-08-18 22:00:00+00:00,After-Hours,219.049,-0.0052270663033604,219.05,-0.005222511190644985,True,-0.52270663033604,-0.5222511190644985,-0.00045551127154153104,-0.0004565167769920997
2026-08-18 23:00:00+00:00,After-Hours,219.28,-0.0030914711765775,219.25,-0.003273179145826921,True,-0.30914711765775,-0.3273179145826921,0.018170796924942112,0.01368301026225538
2026-08-19 14:00:00+00:00,Regular,219.871,-0.0046131558694372,219.8950042724609,-0.0025175583013793412,True,-0.46131558694372,-0.2517558301379341,-0.20955975680578587,-0.01091624274972558
2026-08-19 15:00:00+00:00,Regular,219.31,-0.0044938719927372,219.3209991455078,-0.005076215090238589,True,-0.44938719927371995,-0.5076215090238589,0.05823430975013899,-0.005015090005366929
2026-08-19 16:00:00+00:00,Regular,218.92,-0.0065347612996915,218.9199981689453,-0.006100423406374622,True,-0.6534761299691499,-0.6100423406374622,-0.04343378933168773,8.364035686270199e-07
2026-08-19 17:00:00+00:00,Regular,219.15,-0.0030207357129208,219.1199951171875,-0.003093743779856717,True,-0.30207357129208,-0.3093743779856717,0.007300806693591677,0.01369335682781525
2026-08-19 18:00:00+00:00,Regular,219.449,-0.0078262049009856,219.4398956298828,-0.007822509246810938,True,-0.78262049009856,-0.7822509246810938,-0.0003695654174662444,0.0041489128907334916
2026-08-19 19:00:00+00:00,Regular,217.5,-0.0054733261087257,217.6499938964844,-0.0047100732293509084,True,-0.54733261087257,-0.47100732293509084,-0.07632528793747917,-0.0689151852472536
2026-08-19 20:00:00+00:00,After-Hours,218.01,-0.0084640539225273,218.0446,-0.008414944571310756,True,-0.84640539225273,-0.8414944571310756,-0.004910935121654414,-0.015868313179967508
2026-08-19 21:00:00+00:00,After-Hours,218.325,-0.0044913592631435,218.3193,-0.004567274220938833,True,-0.44913592631435006,-0.4567274220938833,0.007591495779533219,0.002610854835083387
2026-08-19 22:00:00+00:00,After-Hours,218.65,-0.0012333272428283,218.6,-0.0014617128248757272,True,-0.12333272428283,-0.14617128248757272,0.022838558204742718,0.022872827081421576
2026-08-19 23:00:00+00:00,After-Hours,218.99,-0.0007300935432351,218.8244,-0.0013490102399346116,True,-0.07300935432351001,-0.13490102399346116,0.061891669669951146,0.07567711827383139
2026-08-20 14:00:00+00:00,Regular,217.71,-0.0015134837644468,217.69000244140625,-0.0016051988561445185,True,-0.15134837644468,-0.16051988561445185,0.009171509169771858,0.009186254935689142
2026-08-20 15:00:00+00:00,Regular,216.258,-0.0103967418661052,216.28500366210932,-0.009729391227007333,True,-1.0396741866105201,-0.9729391227007333,-0.06673506390978678,-0.012485221652946965
2026-08-20 16:00:00+00:00,Regular,217.85,-0.0040687574289111,217.8000030517578,-0.0042518033568426095,True,-0.40687574289111006,-0.42518033568426095,0.018304592793150887,0.02295543964263569
2026-08-20 17:00:00+00:00,Regular,216.77,-0.0027143908722856,216.77999877929688,-0.00287941096705302,True,-0.27143908722856,-0.287941096705302,0.016502009476741963,-0.004612408595427997
2026-08-20 18:00:00+00:00,Regular,216.624,-0.0055820785897907,216.6000061035156,-0.0058747654510942215,True,-0.55820785897907,-0.5874765451094222,0.02926868613035216,0.01107751422357861
2026-08-20 19:00:00+00:00,Regular,217.0,-0.0031467487424489,217.0500030517578,-0.003031572466840271,True,-0.31467487424489,-0.3031572466840271,-0.011517627560862886,-0.023037572473971757
2026-08-20 20:00:00+00:00,After-Hours,217.01,-0.0032152863901521,217.0,-0.003169656087407935,True,-0.32152863901521,-0.3169656087407935,-0.004563030274416513,0.004608294930874557
2026-08-20 21:00:00+00:00,After-Hours,217.06,0.0037085333259347,217.1605,0.0040478827614809365,True,0.37085333259347003,0.40478827614809365,-0.03393494355462362,-0.04627913455715893
2026-08-20 22:00:00+00:00,After-Hours,217.2,-0.0029837043837502,217.15,-0.0029844033179527996,True,-0.29837043837502,-0.29844033179527996,6.989342025998102e-05,0.023025558369793586
2026-08-20 23:00:00+00:00,After-Hours,217.03,0.0011994279651241,217.05,0.0012455079906981137,True,0.11994279651241001,0.12455079906981137,-0.004608002557401361,-0.00921446671274806
2026-08-21 14:00:00+00:00,Regular,214.86,-0.0161186921879291,214.8600006103516,-0.015758128216438072,True,-1.61186921879291,-1.5758128216438072,-0.0360563971491028,-2.8406943464176493e-07
2026-08-21 15:00:00+00:00,Regular,216.2,-0.0051079103584741,216.1750030517578,-0.005314484646584461,True,-0.5107910358474099,-0.5314484646584461,0.02065742881103616,0.011563292651461943
2026-08-21 16:00:00+00:00,Regular,215.295,-0.0103654332337395,215.2850952148437,-0.010501929425731027,True,-1.03654332337395,-1.0501929425731027,0.01364961919915264,0.004600776076202351
2026-08-21 17:00:00+00:00,Regular,215.813,-0.010263653915827,215.77999877929688,-0.010228894182391257,True,-1.0263653915827,-1.0228894182391257,-0.003475973343574301,0.015293920145431628
2026-08-21 18:00:00+00:00,Regular,215.325,-0.0118626956082786,215.32000732421875,-0.01174955331274663,True,-1.18626956082786,-1.174955331274663,-0.011314229553196942,0.002318723579519677
2026-08-21 19:00:00+00:00,Regular,214.75,-0.007991500369549,214.75,-0.008037347909897075,True,-0.7991500369549,-0.8037347909897075,0.004584754034807514,0.0
2026-08-21 20:00:00+00:00,After-Hours,215.06,0.0009308386856556,215.03,0.0007912100398654864,True,0.09308386856556,0.07912100398654864,0.013962864579011358,0.01395154164536283
2026-08-21 21:00:00+00:00,After-Hours,215.175,-0.0047409805735428,215.18,-0.004602766451769491,True,-0.47409805735427996,-0.4602766451769491,-0.01382141217733085,-0.0023236360256473354
2026-08-21 22:00:00+00:00,After-Hours,215.4,0.0004877029192504,215.3619,0.00035675848845762026,True,0.048770291925039996,0.035675848845762026,0.01309444307927797,0.01769115149894418
2026-08-21 23:00:00+00:00,After-Hours,215.365,-0.0020758712403793,215.38,-0.0018537342736107965,True,-0.20758712403793003,-0.18537342736107965,-0.022213696676850386,-0.006964434952172471
2026-08-24 14:00:00+00:00,Regular,209.67,-0.024654602967856,209.6999969482422,-0.02465117698492003,True,-2.4654602967856003,-2.465117698492003,-0.00034259829359717386,-0.014304696556388663
2026-08-24 15:00:00+00:00,Regular,210.24,-0.0225032546029384,210.22610473632807,-0.022204164017078698,True,-2.25032546029384,-2.22041640170787,-0.02990905858597026,0.006609675658197922
2026-08-24 16:00:00+00:00,Regular,209.7,-0.0219216417910448,209.67999267578125,-0.022470896616404445,True,-2.19216417910448,-2.2470896616404445,0.05492548253596441,0.00954183752270854
2026-08-24 17:00:00+00:00,Regular,209.585,-0.023278031503402,209.5749969482422,-0.02296266466398822,True,-2.3278031503401997,-2.296266466398822,-0.03153668394137776,0.004773017728010309
2026-08-24 18:00:00+00:00,Regular,209.309,-0.0277540365284926,209.3000030517578,-0.02790735789237586,True,-2.77540365284926,-2.790735789237586,0.015332136388326312,0.004298589637374839
2026-08-24 19:00:00+00:00,Regular,208.45,-0.0057238254233247,208.4600067138672,-0.005770932730695955,True,-0.57238254233247,-0.5770932730695955,0.004710730737125468,-0.004800303916774329
2026-08-24 20:00:00+00:00,After-Hours,208.62,-0.0050078695092287,208.67,-0.004911764250032036,True,-0.50078695092287,-0.4911764250032036,-0.00961052591966638,-0.023961278573814138
2026-08-24 21:00:00+00:00,After-Hours,208.78,-0.0069444444444445,208.7759,-0.006898309504173805,True,-0.69444444444445,-0.6898309504173805,-0.0046134940270694536,0.001963828200479689
2026-08-24 22:00:00+00:00,After-Hours,208.74,-0.0045779685264663,208.69,-0.004721445585473827,True,-0.45779685264663,-0.4721445585473827,0.014347705900752683,0.02395898222244952
2026-08-24 23:00:00+00:00,After-Hours,208.89,-0.003316077009328,208.8,-0.0036979456496596397,True,-0.3316077009328,-0.36979456496596397,0.03818686403316396,0.043103448275849665
2026-08-25 14:00:00+00:00,Regular,211.02,0.0011861270579305,211.0200042724609,0.0009857317198005422,True,0.11861270579305,0.09857317198005422,0.02003953381299578,-2.024671030831371e-06
2026-08-25 15:00:00+00:00,Regular,211.647,0.0014431584824596,211.625,0.0014433087261025435,True,0.14431584824596,0.14433087261025435,-1.5024364294347059e-05,0.010395747194325011
2026-08-25 16:00:00+00:00,Regular,212.174,0.0062793455062841,212.17999267578125,0.0063096760713856614,True,0.62793455062841,0.6309676071385661,-0.0030330565101561735,-0.002824335935580624
2026-08-25 17:00:00+00:00,Regular,212.38,0.0070175438596491,212.3650054931641,0.006953607982816745,True,0.70175438596491,0.6953607982816745,0.006393587683235502,0.007060723964902316
2026-08-25 18:00:00+00:00,Regular,213.17,0.0096144738088472,213.17990112304688,0.009900521687653985,True,0.9614473808847199,0.9900521687653985,-0.02860478788067855,-0.0046444918093691
2026-08-25 19:00:00+00:00,Regular,212.96,-0.0026927669937012,212.97999572753903,-0.0024590016311871743,True,-0.26927669937012,-0.24590016311871743,-0.02337653625140257,-0.009388547253330604
2026-08-25 20:00:00+00:00,After-Hours,213.589,0.0121742014974883,213.59,0.012178919891503881,True,1.21742014974883,1.217891989150388,-0.0004718394015581495,-0.0004681867128653039
2026-08-25 21:00:00+00:00,After-Hours,213.875,0.0105269623476826,213.99,0.011175428233904272,True,1.05269623476826,1.1175428233904272,-0.06484658862216719,-0.05374082901070665
2026-08-25 22:00:00+00:00,After-Hours,214.18,0.0094545043219245,214.14,0.009237474747271213,True,0.94545043219245,0.9237474747271213,0.021702957465328687,0.0186793686373532
2026-08-25 23:00:00+00:00,After-Hours,213.63,0.005885676617384,213.67,0.006145054378452697,True,0.5885676617384,0.6145054378452697,-0.025937776106869648,-0.018720456779142136
