rtoken_symbol,native_ticker,research_group,status,rows,file
RDRAMUSDT,DRAM,Development,downloaded,1941,data\universe_raw\DRAM_rToken_1H.csv
RMSTRUSDT,MSTR,Development,downloaded,2006,data\universe_raw\MSTR_rToken_1H.csv
RSPCXUSDT,SPCX,Development,downloaded,2150,data\universe_raw\SPCX_rToken_1H.csv
RSNDKUSDT,SNDK,Development,downloaded,2048,data\universe_raw\SNDK_rToken_1H.csv
RNBISUSDT,NBIS,Development,downloaded,1789,data\universe_raw\NBIS_rToken_1H.csv
RCOINUSDT,COIN,Development,downloaded,1753,data\universe_raw\COIN_rToken_1H.csv
RVOOUSDT,VOO,Development,downloaded,1863,data\universe_raw\VOO_rToken_1H.csv
RTQQQUSDT,TQQQ,Development,downloaded,1801,data\universe_raw\TQQQ_rToken_1H.csv
RHOODUSDT,HOOD,Development,downloaded,1806,data\universe_raw\HOOD_rToken_1H.csv
RNVDAUSDT,NVDA,Development,downloaded,2135,data\universe_raw\NVDA_rToken_1H.csv
RORCLUSDT,ORCL,Development,downloaded,1728,data\universe_raw\ORCL_rToken_1H.csv
RGOOGLUSDT,GOOGL,Development,downloaded,1977,data\universe_raw\GOOGL_rToken_1H.csv
RCRCLUSDT,CRCL,Development,downloaded,2057,data\universe_raw\CRCL_rToken_1H.csv
RQQQUSDT,QQQ,Development,downloaded,2052,data\universe_raw\QQQ_rToken_1H.csv
RAVGOUSDT,AVGO,Development,downloaded,1838,data\universe_raw\AVGO_rToken_1H.csv
RAAOIUSDT,AAOI,Development,downloaded,1797,data\universe_raw\AAOI_rToken_1H.csv
RMSFTUSDT,MSFT,Development,downloaded,1827,data\universe_raw\MSFT_rToken_1H.csv
RMUUSDT,MU,Validation,downloaded,2072,data\universe_raw\MU_rToken_1H.csv
RRKLBUSDT,RKLB,Validation,downloaded,1829,data\universe_raw\RKLB_rToken_1H.csv
RLITEUSDT,LITE,Validation,downloaded,1801,data\universe_raw\LITE_rToken_1H.csv
RINTCUSDT,INTC,Validation,downloaded,1963,data\universe_raw\INTC_rToken_1H.csv
RMRVLUSDT,MRVL,Validation,downloaded,1896,data\universe_raw\MRVL_rToken_1H.csv
RTSMUSDT,TSM,Validation,downloaded,1754,data\universe_raw\TSM_rToken_1H.csv
RAMDUSDT,AMD,Holdout,downloaded,1813,data\universe_raw\AMD_rToken_1H.csv
RAXTIUSDT,AXTI,Holdout,downloaded,1731,data\universe_raw\AXTI_rToken_1H.csv
RTSLAUSDT,TSLA,Holdout,downloaded,2036,data\universe_raw\TSLA_rToken_1H.csv
RAAPLUSDT,AAPL,Holdout,downloaded,1920,data\universe_raw\AAPL_rToken_1H.csv
RMETAUSDT,META,Holdout,downloaded,1827,data\universe_raw\META_rToken_1H.csv
RGLWUSDT,GLW,Holdout,downloaded,1777,data\universe_raw\GLW_rToken_1H.csv
