native_ticker,rtoken_symbol,research_group,raw_rows,duplicates,invalid_high,invalid_low,available_hours,missing_hours,coverage_pct,weekend_available,weekend_expected,weekend_coverage_pct,missing_weekend,missing_overnight,missing_regular,prepared_file
DRAM,RDRAMUSDT,Development,1941,0,0,0,1941,219,89.86111111111111,423,622,68.0064308681672,199,15,2,data\universe_prepared\DRAM_prepared.csv
MSTR,RMSTRUSDT,Development,2006,0,0,0,2006,154,92.87037037037037,481,622,77.33118971061094,141,9,1,data\universe_prepared\MSTR_prepared.csv
SPCX,RSPCXUSDT,Development,2150,0,0,0,2150,10,99.53703703703704,614,622,98.71382636655949,8,1,1,data\universe_prepared\SPCX_prepared.csv
SNDK,RSNDKUSDT,Development,2048,0,0,0,2048,112,94.81481481481482,519,622,83.44051446945338,103,5,0,data\universe_prepared\SNDK_prepared.csv
NBIS,RNBISUSDT,Development,1789,0,0,0,1789,371,82.82407407407408,289,622,46.463022508038584,333,30,1,data\universe_prepared\NBIS_prepared.csv
COIN,RCOINUSDT,Development,1753,0,0,0,1753,407,81.1574074074074,269,622,43.247588424437296,353,34,7,data\universe_prepared\COIN_prepared.csv
VOO,RVOOUSDT,Development,1863,0,0,0,1863,297,86.25,366,622,58.842443729903536,256,25,6,data\universe_prepared\VOO_prepared.csv
TQQQ,RTQQQUSDT,Development,1801,0,0,0,1801,359,83.37962962962962,307,622,49.356913183279744,315,26,6,data\universe_prepared\TQQQ_prepared.csv
HOOD,RHOODUSDT,Development,1806,0,0,0,1806,354,83.61111111111111,311,622,50.0,311,29,3,data\universe_prepared\HOOD_prepared.csv
NVDA,RNVDAUSDT,Development,2135,0,0,0,2135,25,98.8425925925926,600,622,96.46302250803859,22,0,2,data\universe_prepared\NVDA_prepared.csv
ORCL,RORCLUSDT,Development,1728,0,0,0,1728,432,80.0,245,622,39.38906752411576,377,32,10,data\universe_prepared\ORCL_prepared.csv
GOOGL,RGOOGLUSDT,Development,1977,0,0,0,1977,183,91.52777777777777,463,622,74.43729903536978,159,15,2,data\universe_prepared\GOOGL_prepared.csv
CRCL,RCRCLUSDT,Development,2057,0,0,0,2057,103,95.23148148148148,524,622,84.2443729903537,98,4,1,data\universe_prepared\CRCL_prepared.csv
QQQ,RQQQUSDT,Development,2052,0,0,0,2052,108,95.0,525,622,84.40514469453376,97,4,2,data\universe_prepared\QQQ_prepared.csv
AVGO,RAVGOUSDT,Development,1838,0,0,0,1838,322,85.0925925925926,333,622,53.536977491961416,289,24,2,data\universe_prepared\AVGO_prepared.csv
AAOI,RAAOIUSDT,Development,1797,0,0,0,1797,363,83.19444444444444,294,622,47.266881028938904,328,25,6,data\universe_prepared\AAOI_prepared.csv
MSFT,RMSFTUSDT,Development,1827,0,0,0,1827,333,84.58333333333333,340,622,54.662379421221864,282,32,3,data\universe_prepared\MSFT_prepared.csv
MU,RMUUSDT,Validation,2072,0,0,0,2072,88,95.92592592592592,541,622,86.97749196141478,81,4,1,data\universe_prepared\MU_prepared.csv
RKLB,RRKLBUSDT,Validation,1829,0,0,0,1829,331,84.67592592592592,329,622,52.89389067524116,293,29,4,data\universe_prepared\RKLB_prepared.csv
LITE,RLITEUSDT,Validation,1801,0,0,0,1801,359,83.37962962962962,305,622,49.035369774919616,317,28,7,data\universe_prepared\LITE_prepared.csv
INTC,RINTCUSDT,Validation,1963,0,0,0,1963,197,90.87962962962963,438,622,70.41800643086816,184,8,2,data\universe_prepared\INTC_prepared.csv
MRVL,RMRVLUSDT,Validation,1896,0,0,0,1896,264,87.77777777777777,382,622,61.41479099678456,240,19,2,data\universe_prepared\MRVL_prepared.csv
TSM,RTSMUSDT,Validation,1754,0,0,0,1754,406,81.2037037037037,257,622,41.31832797427653,365,29,5,data\universe_prepared\TSM_prepared.csv
AMD,RAMDUSDT,Holdout,1813,0,0,0,1813,347,83.93518518518519,319,622,51.28617363344051,303,33,6,data\universe_prepared\AMD_prepared.csv
AXTI,RAXTIUSDT,Holdout,1731,0,0,0,1731,429,80.13888888888889,240,622,38.58520900321543,382,29,7,data\universe_prepared\AXTI_prepared.csv
TSLA,RTSLAUSDT,Holdout,2036,0,0,0,2036,124,94.25925925925925,503,622,80.86816720257235,119,3,0,data\universe_prepared\TSLA_prepared.csv
AAPL,RAAPLUSDT,Holdout,1920,0,0,0,1920,240,88.88888888888889,410,622,65.91639871382637,212,19,3,data\universe_prepared\AAPL_prepared.csv
META,RMETAUSDT,Holdout,1827,0,0,0,1827,333,84.58333333333333,333,622,53.536977491961416,289,31,4,data\universe_prepared\META_prepared.csv
GLW,RGLWUSDT,Holdout,1777,0,0,0,1777,383,82.26851851851852,273,622,43.89067524115756,349,24,4,data\universe_prepared\GLW_prepared.csv
