rtoken_symbol,native_ticker,status,rows,coverage_pct,file
RAAOIUSDT,AAOI,downloaded,6254,71.39269406392694,data\v2_raw\AAOI_365d_1H.csv
RAAPLUSDT,AAPL,downloaded,6506,74.26940639269407,data\v2_raw\AAPL_365d_1H.csv
RAMDUSDT,AMD,downloaded,6351,72.5,data\v2_raw\AMD_365d_1H.csv
RAXTIUSDT,AXTI,downloaded,5881,67.13470319634703,data\v2_raw\AXTI_365d_1H.csv
RCOINUSDT,COIN,downloaded,6274,71.62100456621005,data\v2_raw\COIN_365d_1H.csv
RCRCLUSDT,CRCL,downloaded,6580,75.11415525114155,data\v2_raw\CRCL_365d_1H.csv
RGLWUSDT,GLW,downloaded,6107,69.71461187214612,data\v2_raw\GLW_365d_1H.csv
RGOOGLUSDT,GOOGL,downloaded,6556,74.84018264840184,data\v2_raw\GOOGL_365d_1H.csv
RHOODUSDT,HOOD,downloaded,6328,72.23744292237443,data\v2_raw\HOOD_365d_1H.csv
RINTCUSDT,INTC,downloaded,6527,74.50913242009133,data\v2_raw\INTC_365d_1H.csv
RLITEUSDT,LITE,downloaded,6177,70.51369863013699,data\v2_raw\LITE_365d_1H.csv
RMETAUSDT,META,downloaded,6374,72.76255707762557,data\v2_raw\META_365d_1H.csv
RMRVLUSDT,MRVL,downloaded,6446,73.58447488584476,data\v2_raw\MRVL_365d_1H.csv
RMSFTUSDT,MSFT,downloaded,6383,72.86529680365297,data\v2_raw\MSFT_365d_1H.csv
RMSTRUSDT,MSTR,downloaded,6528,74.52054794520548,data\v2_raw\MSTR_365d_1H.csv
RNBISUSDT,NBIS,downloaded,6310,72.03196347031964,data\v2_raw\NBIS_365d_1H.csv
RNVDAUSDT,NVDA,downloaded,6632,75.70776255707763,data\v2_raw\NVDA_365d_1H.csv
RORCLUSDT,ORCL,downloaded,6250,71.34703196347031,data\v2_raw\ORCL_365d_1H.csv
RQQQUSDT,QQQ,downloaded,6575,75.05707762557078,data\v2_raw\QQQ_365d_1H.csv
RRKLBUSDT,RKLB,downloaded,6360,72.6027397260274,data\v2_raw\RKLB_365d_1H.csv
RSNDKUSDT,SNDK,downloaded,6606,75.41095890410959,data\v2_raw\SNDK_365d_1H.csv
RTSLAUSDT,TSLA,downloaded,6656,75.98173515981735,data\v2_raw\TSLA_365d_1H.csv
RTSMUSDT,TSM,downloaded,6276,71.64383561643835,data\v2_raw\TSM_365d_1H.csv
RVOOUSDT,VOO,downloaded,6386,72.89954337899543,data\v2_raw\VOO_365d_1H.csv
