factor,target,timestamps,mean_ic,median_ic,std_ic,positive_ic_pct,naive_t_stat,Fold_1,Fold_2,Fold_3,Fold_4,passes_stability
distance_ma24,forward_return_1h,3344.0,-0.012001440501552272,-0.002197802197802198,0.3582261497161586,49.641148325358856,-1.937355078789737,-0.02530865622666537,-0.01642961827390124,-0.0023544606581840594,-0.004489444958149621,False
distance_ma24,forward_return_3h,3268.0,-0.0015638179745647276,0.006593406593406593,0.3694560064778551,50.48959608323133,-0.24197165393085818,-0.016683810964421918,-0.002699347360043268,0.007146765215224874,0.005720649258591289,False
distance_ma24,forward_return_6h,3154.0,0.015967414313403087,0.02857142857142857,0.3692201259321168,52.50475586556753,2.4287346716244516,0.011469378925343096,0.005995917639841037,0.028322878133244755,0.01709416176240821,False
distance_ma72,forward_return_1h,2540.0,-0.003134079257066933,-0.002197802197802198,0.3543763838637577,49.88188976377953,-0.44571993773033175,-0.017048179386588553,-0.004107131983956192,0.004724395738499347,0.0033908864390839017,False
distance_ma72,forward_return_3h,2464.0,-0.003726543986327924,-0.006593406593406593,0.36262695143099133,49.43181818181818,-0.5101131564023851,-0.011639871371603749,0.0015855583693571889,-0.008389812801577506,0.0033829394782641234,False
distance_ma72,forward_return_6h,2350.0,0.003466385544930801,0.006593406593406593,0.36916636263747993,50.723404255319146,0.4551857667677477,0.001513550401121872,0.014468646564953606,-0.007461085922624385,0.006124405189825752,False
momentum_1h,forward_return_1h,3762.0,-0.07440803965352631,-0.08186813186813187,0.34764737144317626,40.98883572567783,-13.127750326391244,-0.08452823338067503,-0.08052007660159556,-0.06720821601717872,-0.06581930013701995,True
momentum_1h,forward_return_3h,3686.0,-0.06455260176609975,-0.06813186813186813,0.35156333064951795,42.647856755290285,-11.147766057470665,-0.08088844735605338,-0.057921445757070956,-0.05175305073348785,-0.0669388386584852,True
momentum_1h,forward_return_6h,3572.0,-0.047431742670833436,-0.04615384615384615,0.3497930757615797,45.016797312430015,-8.104264337993754,-0.06649750959128395,-0.040184321727984564,-0.03287904814826349,-0.04932962183720709,True
momentum_24h,forward_return_1h,2897.0,0.006884253041217121,0.01978021978021978,0.36806221596853955,52.19192267863308,1.0067226416121577,0.004550596377871138,0.007639832803308451,0.00809981975842867,0.007359499969569098,False
momentum_24h,forward_return_3h,2827.0,0.007781842240684051,0.013986013986013986,0.37338229305812026,51.29112133003184,1.1081322847036954,0.006559029146976423,0.01527468192491786,0.00033853470473188996,0.009802019097261716,False
momentum_24h,forward_return_6h,2722.0,0.01296715031994168,0.013986013986013986,0.375609444053708,51.65319617927994,1.8011592072960274,0.01524118913470505,0.024664132022570163,0.01912479906623391,-0.004025386378327555,False
momentum_3h,forward_return_1h,3686.0,-0.07136675988900412,-0.07252747252747253,0.3640804755390753,41.833966359196964,-11.9008027097083,-0.0860391789285836,-0.07381211913691647,-0.0586042115918126,-0.06706080091177408,True
momentum_3h,forward_return_3h,3610.0,-0.06651813068160757,-0.07252747252747253,0.36378974153334587,43.01939058171745,-10.986090914812726,-0.08671259944159977,-0.053120935252437676,-0.05758346214408506,-0.06752400993583094,True
momentum_3h,forward_return_6h,3496.0,-0.05039354959123757,-0.054945054945054944,0.3653591269443258,43.59267734553776,-8.155314263898825,-0.06286136200079578,-0.04138218046320137,-0.05509346979341827,-0.04187618678279084,True
momentum_6h,forward_return_1h,3572.0,-0.054161413747629755,-0.055944055944055944,0.36475496000378355,44.09294512877939,-8.874512610747642,-0.08111527626589174,-0.05193965047016846,-0.04199668954974196,-0.041612095560403566,True
momentum_6h,forward_return_3h,3496.0,-0.05810942794426435,-0.07692307692307693,0.3682482108901622,43.049199084668196,-9.330215322906618,-0.07995955368696281,-0.05508777053278704,-0.055651051636374904,-0.04198822533597944,True
momentum_6h,forward_return_6h,3382.0,-0.0308551487256759,-0.03296703296703297,0.3679620487004341,46.92489651094027,-4.876535807732881,-0.021490653474843,-0.03492519053480096,-0.04884254946435605,-0.01929236682599911,True
vol_norm_momentum_6h,forward_return_1h,3306.0,-0.06112671929434825,-0.06813186813186813,0.32721291536619396,42.19600725952813,-10.74118198790291,-0.08521506658197964,-0.054785389504991136,-0.0609344137972179,-0.04365774562413389,True
vol_norm_momentum_6h,forward_return_3h,3230.0,-0.06045554238661719,-0.06293706293706294,0.3345395450665348,43.56037151702786,-10.270460604318849,-0.09321620923944073,-0.056059986697403835,-0.049884524330782415,-0.04273733792687477,True
vol_norm_momentum_6h,forward_return_6h,3117.0,-0.03512308696408066,-0.02857142857142857,0.330386800013606,46.74366377927495,-5.935241470509415,-0.04307069961079262,-0.02861510272300889,-0.032288984382729556,-0.03562753036437247,True
volatility_expansion,forward_return_1h,3306.0,-0.002329443966579318,0.0,0.30168477504348906,49.9092558983666,-0.4439666004180971,0.0030677563520068855,-0.010528582462160893,-8.207036245539338e-05,-0.0025924003954427995,False
volatility_expansion,forward_return_3h,3230.0,-0.013298716652871585,-0.015384615384615385,0.3061653087872978,47.647058823529406,-2.468624382998077,-0.03171819803404671,-0.02240637466180851,0.001868465280084564,-0.0021619297471578433,False
volatility_expansion,forward_return_6h,3117.0,-0.013553864671764183,-0.006993006993006993,0.315250400931743,49.021495027269815,-2.40035733423947,-0.025030653069247344,-0.05218902851996556,0.007566985444223296,0.010008412639991585,False
