native_ticker,rtoken_symbol,expected_market_hours,available_market_hours,corrected_coverage_pct,duplicates,invalid_high,invalid_low,candle_quality_ok,general_factor_eligible
AAOI,RAAOIUSDT,5848,5750,98.32421340629274,0,0,0,True,True
AAPL,RAAPLUSDT,5848,5843,99.91450068399452,0,0,0,True,True
AMD,RAMDUSDT,5848,5846,99.96580027359782,0,0,0,True,True
AXTI,RAXTIUSDT,5848,5497,93.99794801641586,0,0,0,True,False
COIN,RCOINUSDT,5848,5844,99.93160054719561,0,0,0,True,True
CRCL,RCRCLUSDT,5848,5847,99.9829001367989,0,0,0,True,True
GLW,RGLWUSDT,5848,5658,96.75102599179206,0,0,0,True,True
GOOGL,RGOOGLUSDT,5848,5845,99.94870041039673,0,0,0,True,True
HOOD,RHOODUSDT,5848,5845,99.94870041039673,0,0,0,True,True
INTC,RINTCUSDT,5848,5848,100.0,0,0,0,True,True
LITE,RLITEUSDT,5848,5690,97.29822161422709,0,0,0,True,True
META,RMETAUSDT,5848,5844,99.93160054719561,0,0,0,True,True
MRVL,RMRVLUSDT,5848,5843,99.91450068399452,0,0,0,True,True
MSFT,RMSFTUSDT,5848,5834,99.76060191518468,0,0,0,True,True
MSTR,RMSTRUSDT,5848,5848,100.0,0,0,0,True,True
NBIS,RNBISUSDT,5848,5844,99.93160054719561,0,0,0,True,True
NVDA,RNVDAUSDT,5848,5743,98.20451436388508,0,0,0,True,True
ORCL,RORCLUSDT,5848,5839,99.84610123119015,0,0,0,True,True
QQQ,RQQQUSDT,5848,5848,100.0,0,0,0,True,True
RKLB,RRKLBUSDT,5848,5846,99.96580027359782,0,0,0,True,True
SNDK,RSNDKUSDT,5848,5848,100.0,0,0,0,True,True
TSLA,RTSLAUSDT,5848,5848,100.0,0,0,0,True,True
TSM,RTSMUSDT,5848,5842,99.89740082079344,0,0,0,True,True
VOO,RVOOUSDT,5848,5847,99.9829001367989,0,0,0,True,True
