asset,expected,available,coverage_pct
AAOI,6264,5796,92.52873563218391
AAPL,6264,5910,94.34865900383141
AMD,6264,5878,93.83780332056195
AXTI,6264,5519,88.1066411238825
COIN,6264,5861,93.56641123882503
CRCL,6264,5912,94.38058748403576
GLW,6264,5692,90.8684546615581
GOOGL,6264,5913,94.39655172413794
HOOD,6264,5873,93.75798212005108
INTC,6264,5923,94.55619412515965
LITE,6264,5725,91.39527458492975
META,6264,5878,93.83780332056195
MRVL,6264,5904,94.25287356321839
MSFT,6264,5877,93.82183908045977
MSTR,6264,5903,94.23690932311622
NBIS,6264,5877,93.82183908045977
NVDA,6264,5841,93.24712643678161
ORCL,6264,5861,93.56641123882503
QQQ,6264,5906,94.28480204342273
RKLB,6264,5881,93.88569604086845
SNDK,6264,5919,94.49233716475096
TSLA,6264,5939,94.81162196679438
TSM,6264,5875,93.78991060025544
VOO,6264,5876,93.80587484035759
