universe,period,cost_bps,observations,cumulative_return_pct,mean_hourly_return_pct,median_hourly_return_pct,win_rate_pct,max_drawdown_pct,avg_turnover,annualized_sharpe_naive,annualized_sortino_naive
AssetHoldout3,Development,0.0,3379,157.9543711449586,0.029262828551176356,0.023962315308811988,54.158034921574426,-16.388767018811922,1.3749630068067475,4.250490043909513,4.433110434029804
AssetHoldout3,FinalTimeHoldout,0.0,1059,60.59810376470969,0.04629315231871439,0.02405592184252514,55.0519357884797,-12.708026292224606,1.392823418319169,6.40319214976803,6.894002534634042
AssetHoldout3,Validation,0.0,894,-17.59447069198117,-0.01951327925112047,0.001736113155859087,50.0,-27.272565404744185,1.3210290827740492,-2.2584771804918566,-2.1704190658581246
Research20,Development,0.0,3762,222.50349718849805,0.0317463833541188,0.03212634244875774,57.60233918128655,-6.776224280632725,1.5021132376395536,6.8449783874151615,6.672967877675368
Research20,FinalTimeHoldout,0.0,1066,36.90704858926621,0.030294286943228863,0.030962510887126985,57.129455909943715,-8.4975746638842,1.4960131332082554,5.775753193450534,5.975833235991914
Research20,Validation,0.0,894,12.70907938461885,0.014353030899336858,0.03327686729790281,55.033557046979865,-12.203802200208768,1.4778523489932887,2.4635965452255326,2.2769683394994917
AssetHoldout3,Development,2.5,3379,-19.257775007976242,-0.005111246618992353,-0.011664780919065622,47.94317845516425,-30.259096569357304,1.3749630068067475,-0.7412246246507835,-0.789556234181626
AssetHoldout3,FinalTimeHoldout,2.5,1059,11.079582959272871,0.011472566860735145,-0.008151362899155813,48.44192634560906,-18.921487248647463,1.392823418319169,1.586717922850758,1.7575898265056336
AssetHoldout3,Validation,2.5,894,-38.669419552197404,-0.05253900632047173,-0.02838670707855231,45.19015659955257,-39.1526896996284,1.3210290827740492,-6.0801100761238,-5.940245368567661
Research20,Development,2.5,3762,-21.466849361608077,-0.005806447586870046,-0.0060198626099577535,48.6709197235513,-32.57918523093421,1.5021132376395536,-1.25135369576687,-1.2584346279522436
Research20,FinalTimeHoldout,2.5,1066,-8.10445857662202,-0.007106041386977517,-0.006527246889342336,48.49906191369606,-17.583867170365263,1.4960131332082554,-1.354648957250721,-1.4446126373212667
Research20,Validation,2.5,894,-18.99714489400437,-0.02259327782549537,-0.006304113785783012,49.328859060402685,-21.331830795444027,1.4778523489932887,-3.8767323769769613,-3.6184525148593516
AssetHoldout3,Development,5.0,3379,-74.73996929255422,-0.03948532178916104,-0.04606919812247248,41.69872743415212,-74.82521841961392,1.3749630068067475,-5.70881508711856,-6.154805131248448
AssetHoldout3,FinalTimeHoldout,5.0,1059,-23.18315142991484,-0.02334801859724409,-0.04277958627891812,42.77620396600567,-32.3461054017686,1.392823418319169,-3.2252939980156037,-3.609515650218346
AssetHoldout3,Validation,5.0,894,-54.360428639793504,-0.08556473338982297,-0.07036590716793514,40.7158836689038,-54.496876155049215,1.3210290827740492,-9.892505204471393,-9.753912213682964
Research20,Development,5.0,3762,-80.8868787234773,-0.04335927852785888,-0.04361987717456712,41.14832535885167,-81.4634589323384,1.5021132376395536,-9.335517567964065,-9.398663064332435
Research20,FinalTimeHoldout,5.0,1066,-38.327010214269166,-0.0445063697171839,-0.04547324348412033,41.55722326454034,-38.97953913432545,1.4960131332082554,-8.479788399043914,-9.041646482790547
Research20,Validation,5.0,894,-41.79155665457043,-0.05953958655032758,-0.04245376237824389,44.07158836689038,-42.22186274658625,1.4778523489932887,-10.209287069255183,-9.514969457708698
AssetHoldout3,Development,10.0,3379,-97.5315441075209,-0.10823347212949844,-0.11738273171700842,32.49482095294466,-97.5300119270966,1.3749630068067475,-15.490178629135535,-16.36760967282575
AssetHoldout3,FinalTimeHoldout,10.0,1059,-63.28141284670033,-0.09298918951320254,-0.11487199433940498,33.23890462700661,-64.41602854020174,1.392823418319169,-12.772950443042761,-14.1399912542498
AssetHoldout3,Validation,10.0,894,-74.73603027382664,-0.15161618752852546,-0.14421180248730672,33.78076062639821,-74.79897539003979,1.3210290827740492,-17.45196155168526,-17.093254723529114
Research20,Development,10.0,3762,-98.86976687183527,-0.11846494040983657,-0.1190855255407235,27.751196172248804,-98.87000990371844,1.5021132376395536,-25.42202308127282,-24.6498747200819
Research20,FinalTimeHoldout,10.0,1066,-72.23538273006224,-0.11930702637759666,-0.11898040791001697,27.67354596622889,-72.37032022895183,1.4960131332082554,-22.677616442338596,-23.60214137366233
Research20,Validation,10.0,894,-69.9537812905128,-0.13343220399999203,-0.11317325435621955,32.21476510067114,-69.9133066845792,1.4778523489932887,-22.823721402188248,-21.10982331416948
