native_ticker,rtoken_symbol,raw_rows,duplicates,invalid_high,invalid_low,available_hours,missing_hours,coverage_pct,weekend_expected,weekend_available,weekend_coverage_pct,full_weekends,usable_weekends,median_weekend_coverage_pct,candle_quality_ok,weekend_quality_ok,enough_weekends,v2_eligible
AAOI,RAAOIUSDT,6254,0,0,0,6254,2506,71.39269406392694,2496,458,18.349358974358974,52,3,8.333333333333332,True,False,False,False
AAPL,RAAPLUSDT,6506,0,0,0,6506,2254,74.26940639269407,2496,596,23.878205128205128,52,9,8.333333333333332,True,False,False,False
AMD,RAMDUSDT,6351,0,0,0,6351,2409,72.5,2496,473,18.95032051282051,52,3,8.333333333333332,True,False,False,False
AXTI,RAXTIUSDT,5881,0,0,0,5881,2879,67.13470319634703,2496,362,14.50320512820513,52,1,8.333333333333332,True,False,False,False
COIN,RCOINUSDT,6274,0,0,0,6274,2486,71.62100456621005,2496,413,16.546474358974358,52,5,8.333333333333332,True,False,False,False
CRCL,RCRCLUSDT,6580,0,0,0,6580,2180,75.11415525114155,2496,668,26.76282051282051,52,12,8.333333333333332,True,False,False,False
GLW,RGLWUSDT,6107,0,0,0,6107,2653,69.71461187214612,2496,415,16.626602564102562,52,1,8.333333333333332,True,False,False,False
GOOGL,RGOOGLUSDT,6556,0,0,0,6556,2204,74.84018264840184,2496,643,25.761217948717945,52,10,8.333333333333332,True,False,False,False
HOOD,RHOODUSDT,6328,0,0,0,6328,2432,72.23744292237443,2496,455,18.229166666666664,52,3,8.333333333333332,True,False,False,False
INTC,RINTCUSDT,6527,0,0,0,6527,2233,74.50913242009133,2496,604,24.19871794871795,52,8,8.333333333333332,True,False,False,False
LITE,RLITEUSDT,6177,0,0,0,6177,2583,70.51369863013699,2496,452,18.108974358974358,52,6,8.333333333333332,True,False,False,False
META,RMETAUSDT,6374,0,0,0,6374,2386,72.76255707762557,2496,496,19.871794871794872,52,5,8.333333333333332,True,False,False,False
MRVL,RMRVLUSDT,6446,0,0,0,6446,2314,73.58447488584476,2496,542,21.71474358974359,52,8,8.333333333333332,True,False,False,False
MSFT,RMSFTUSDT,6383,0,0,0,6383,2377,72.86529680365297,2496,506,20.272435897435898,52,4,8.333333333333332,True,False,False,False
MSTR,RMSTRUSDT,6528,0,0,0,6528,2232,74.52054794520548,2496,625,25.040064102564102,52,10,8.333333333333332,True,False,False,False
NBIS,RNBISUSDT,6310,0,0,0,6310,2450,72.03196347031964,2496,433,17.34775641025641,52,6,8.333333333333332,True,False,False,False
NVDA,RNVDAUSDT,6632,0,0,0,6632,2128,75.70776255707763,2496,791,31.690705128205128,52,14,8.333333333333332,True,False,False,False
ORCL,RORCLUSDT,6250,0,0,0,6250,2510,71.34703196347031,2496,389,15.584935897435898,52,3,8.333333333333332,True,False,False,False
QQQ,RQQQUSDT,6575,0,0,0,6575,2185,75.05707762557078,2496,669,26.802884615384613,52,10,8.333333333333332,True,False,False,False
RKLB,RRKLBUSDT,6360,0,0,0,6360,2400,72.6027397260274,2496,479,19.190705128205128,52,5,8.333333333333332,True,False,False,False
SNDK,RSNDKUSDT,6606,0,0,0,6606,2154,75.41095890410959,2496,687,27.524038461538463,52,12,8.333333333333332,True,False,False,False
TSLA,RTSLAUSDT,6656,0,0,0,6656,2104,75.98173515981735,2496,717,28.725961538461537,52,14,8.333333333333332,True,False,False,False
TSM,RTSMUSDT,6276,0,0,0,6276,2484,71.64383561643835,2496,401,16.065705128205128,52,2,8.333333333333332,True,False,False,False
VOO,RVOOUSDT,6386,0,0,0,6386,2374,72.89954337899543,2496,510,20.432692307692307,52,6,8.333333333333332,True,False,False,False
