universe,period,cost_bps,observations,cumulative_return_pct,win_rate_pct,max_drawdown_pct,avg_turnover,annualized_sharpe_naive
Research20,Development,0.0,3762,255.83871614768037,58.452950558213715,-6.796554718823344,1.2211057947900055,7.341204457502893
Research20,FinalTimeHoldout,0.0,1066,29.173187279145797,56.47279549718574,-11.07219319101671,1.1967323327079424,4.672664418802368
Research20,Validation,0.0,894,6.307237039256486,54.58612975391499,-10.649732290785053,1.1664429530201341,1.3561733262058047
Research20,Development,2.5,3762,12.867280908971978,51.72780435938331,-14.98435764268573,1.2211057947900055,0.8210673389937013
Research20,FinalTimeHoldout,2.5,1066,-6.098286758202343,50.093808630394,-17.99798327928527,1.1967323327079424,-0.949021549701405
Research20,Validation,2.5,894,-18.091131672024552,50.11185682326622,-19.78221171230592,1.1664429530201341,-3.724949764778502
Research20,Development,5.0,3762,-64.21374409341438,44.44444444444444,-66.12241176681484,1.2211057947900055,-5.689319163906159
Research20,FinalTimeHoldout,5.0,1066,-31.746016271154154,43.43339587242026,-33.686775597061406,1.1967323327079424,-6.564400268196355
Research20,Validation,5.0,894,-36.89527848447889,44.85458612975391,-37.367869834841095,1.1664429530201341,-8.79901162701124
Research20,Development,10.0,3762,-96.40654509942563,33.014354066985646,-96.45383590593062,1.2211057947900055,-18.626865777346904
Research20,FinalTimeHoldout,10.0,1066,-63.950695491438644,33.02063789868668,-64.27267124051674,1.1967323327079424,-17.732114076446162
Research20,Validation,10.0,894,-62.55342441942013,35.123042505592835,-62.540972462032975,1.1664429530201341,-18.89187953508786
