native_ticker,rtoken_symbol,expected_market_hours,available_market_hours,corrected_coverage_pct,duplicates,invalid_high,invalid_low,candle_quality_ok,general_factor_eligible,v1_group,legacy_strategy_observed,v2_group,split_seed,split_frozen
RKLB,RRKLBUSDT,5848,5846,99.96580027359782,0,0,0,True,True,Validation,False,Development,42,True
MSFT,RMSFTUSDT,5848,5834,99.76060191518468,0,0,0,True,True,Development,False,Development,42,True
QQQ,RQQQUSDT,5848,5848,100.0,0,0,0,True,True,Development,False,Development,42,True
LITE,RLITEUSDT,5848,5690,97.29822161422707,0,0,0,True,True,Validation,False,Development,42,True
NVDA,RNVDAUSDT,5848,5743,98.20451436388508,0,0,0,True,True,Development,False,Development,42,True
MSTR,RMSTRUSDT,5848,5848,100.0,0,0,0,True,True,Development,False,Development,42,True
INTC,RINTCUSDT,5848,5848,100.0,0,0,0,True,True,Validation,False,Development,42,True
VOO,RVOOUSDT,5848,5847,99.9829001367989,0,0,0,True,True,Development,False,Development,42,True
CRCL,RCRCLUSDT,5848,5847,99.9829001367989,0,0,0,True,True,Development,False,Development,42,True
AAOI,RAAOIUSDT,5848,5750,98.32421340629274,0,0,0,True,True,Development,False,Development,42,True
SNDK,RSNDKUSDT,5848,5848,100.0,0,0,0,True,True,Development,False,Development,42,True
HOOD,RHOODUSDT,5848,5845,99.94870041039673,0,0,0,True,True,Development,False,Development,42,True
NBIS,RNBISUSDT,5848,5844,99.9316005471956,0,0,0,True,True,Development,False,Development,42,True
TSM,RTSMUSDT,5848,5842,99.89740082079344,0,0,0,True,True,Validation,False,Development,42,True
COIN,RCOINUSDT,5848,5844,99.9316005471956,0,0,0,True,True,Development,False,Validation,42,True
GOOGL,RGOOGLUSDT,5848,5845,99.94870041039673,0,0,0,True,True,Development,False,Validation,42,True
TSLA,RTSLAUSDT,5848,5848,100.0,0,0,0,True,True,Holdout,True,Validation,42,True
AAPL,RAAPLUSDT,5848,5843,99.91450068399452,0,0,0,True,True,Holdout,True,Validation,42,True
ORCL,RORCLUSDT,5848,5839,99.84610123119016,0,0,0,True,True,Development,False,Validation,42,True
MRVL,RMRVLUSDT,5848,5843,99.91450068399452,0,0,0,True,True,Validation,False,Validation,42,True
AMD,RAMDUSDT,5848,5846,99.96580027359782,0,0,0,True,True,Holdout,False,AssetHoldout,42,True
GLW,RGLWUSDT,5848,5658,96.75102599179206,0,0,0,True,True,Holdout,False,AssetHoldout,42,True
META,RMETAUSDT,5848,5844,99.9316005471956,0,0,0,True,True,Holdout,False,AssetHoldout,42,True
