native_ticker,rtoken_symbol,weekday_expected,weekday_available,weekday_coverage_pct,first_weekend_candle,active_weekend_expected,active_weekend_available,active_weekend_coverage_pct,full_active_weekends,usable_active_weekends,duplicates,invalid_high,invalid_low,general_factor_eligible
AAOI,RAAOIUSDT,6264,5796,92.52873563218391,2025-09-29 00:00:00+00:00,2452,458,18.67862969004894,51,3,0,0,0,False
AAPL,RAAPLUSDT,6264,5910,94.34865900383141,2025-09-29 00:00:00+00:00,2452,596,24.306688417618272,51,9,0,0,0,False
AMD,RAMDUSDT,6264,5878,93.83780332056195,2025-09-29 00:00:00+00:00,2452,473,19.290375203915172,51,3,0,0,0,False
AXTI,RAXTIUSDT,6264,5519,88.1066411238825,2025-10-06 03:00:00+00:00,2401,362,15.077051228654728,50,1,0,0,0,False
COIN,RCOINUSDT,6264,5861,93.56641123882503,2025-09-29 00:00:00+00:00,2452,413,16.843393148450243,51,5,0,0,0,False
CRCL,RCRCLUSDT,6264,5912,94.38058748403576,2025-09-29 00:00:00+00:00,2452,668,27.24306688417618,51,12,0,0,0,False
GLW,RGLWUSDT,6264,5692,90.8684546615581,2025-09-29 00:00:00+00:00,2452,415,16.924959216965743,51,1,0,0,0,False
GOOGL,RGOOGLUSDT,6264,5913,94.39655172413794,2025-09-29 00:00:00+00:00,2452,643,26.223491027732464,51,10,0,0,0,False
HOOD,RHOODUSDT,6264,5873,93.75798212005108,2025-09-29 00:00:00+00:00,2452,455,18.55628058727569,51,3,0,0,0,False
INTC,RINTCUSDT,6264,5923,94.55619412515965,2025-09-29 00:00:00+00:00,2452,604,24.63295269168026,51,8,0,0,0,False
LITE,RLITEUSDT,6264,5725,91.39527458492975,2025-09-29 00:00:00+00:00,2452,452,18.43393148450245,51,6,0,0,0,False
META,RMETAUSDT,6264,5878,93.83780332056195,2025-09-29 00:00:00+00:00,2452,496,20.22838499184339,51,5,0,0,0,False
MRVL,RMRVLUSDT,6264,5904,94.25287356321839,2025-09-29 00:00:00+00:00,2452,542,22.104404567699838,51,8,0,0,0,False
MSFT,RMSFTUSDT,6264,5877,93.82183908045977,2025-09-29 00:00:00+00:00,2452,506,20.636215334420882,51,4,0,0,0,False
MSTR,RMSTRUSDT,6264,5903,94.23690932311622,2025-09-29 00:00:00+00:00,2452,625,25.489396411092986,51,10,0,0,0,False
NBIS,RNBISUSDT,6264,5877,93.82183908045977,2025-09-29 00:00:00+00:00,2452,433,17.65905383360522,51,6,0,0,0,False
NVDA,RNVDAUSDT,6264,5841,93.24712643678161,2025-09-29 00:00:00+00:00,2452,791,32.25938009787928,51,14,0,0,0,False
ORCL,RORCLUSDT,6264,5861,93.56641123882503,2025-09-29 00:00:00+00:00,2452,389,15.864600326264275,51,3,0,0,0,False
QQQ,RQQQUSDT,6264,5906,94.28480204342273,2025-09-29 00:00:00+00:00,2452,669,27.283849918433933,51,10,0,0,0,False
RKLB,RRKLBUSDT,6264,5881,93.88569604086845,2025-09-29 00:00:00+00:00,2452,479,19.535073409461663,51,5,0,0,0,False
SNDK,RSNDKUSDT,6264,5919,94.49233716475096,2025-09-29 00:00:00+00:00,2452,687,28.017944535073408,51,12,0,0,0,False
TSLA,RTSLAUSDT,6264,5939,94.81162196679438,2025-09-29 00:00:00+00:00,2452,717,29.241435562805872,51,14,0,0,0,False
TSM,RTSMUSDT,6264,5875,93.78991060025544,2025-09-29 00:00:00+00:00,2452,401,16.35399673735726,51,2,0,0,0,False
VOO,RVOOUSDT,6264,5876,93.80587484035759,2025-09-29 00:00:00+00:00,2452,510,20.799347471451878,51,6,0,0,0,False
