datetime_utc,asset,momentum_6h,factor_strength,forward_return_1h,strategy_return_pct,correct
2026-06-28 07:00:00+00:00,rNVDA,0.01719121925416567,1.0559747582803758,-0.015860634425377107,1.5860634425377107,True
2026-07-04 06:00:00+00:00,rNVDA,-0.0026145801291910242,1.0007306365979076,0.003341043433564561,0.3341043433564561,True
2026-07-11 18:00:00+00:00,rNVDA,-0.011437520763134201,1.3720464910784402,0.0,0.0,False
2026-07-11 19:00:00+00:00,rNVDA,-0.009321792066964596,1.0912617127174395,0.0,0.0,False
2026-07-12 05:00:00+00:00,rNVDA,0.012111890800730718,1.2876628878731045,-0.002754297654098292,0.2754297654098292,True
2026-07-12 06:00:00+00:00,rNVDA,0.009324233394213177,1.0112926547776642,4.7619047619074095e-05,-0.0047619047619074095,False
2026-07-12 07:00:00+00:00,rNVDA,0.009372296452946127,1.0018585392103023,0.0003333174610733458,-0.03333174610733458,False
2026-07-12 08:00:00+00:00,rNVDA,0.009708737864077666,1.0381368773490007,-0.0009520182787510212,0.09520182787510212,True
2026-07-12 13:00:00+00:00,rNVDA,0.009761439931431859,1.4062284414766284,-0.0007545034424218944,0.07545034424218944,True
2026-07-12 14:00:00+00:00,rNVDA,0.00866336633663356,1.1224956120222591,0.0025011798017933184,-0.25011798017933184,False
2026-07-12 15:00:00+00:00,rNVDA,0.012149799885649015,1.5937684883815422,0.0008002636162500743,-0.08002636162500743,False
2026-07-12 16:00:00+00:00,rNVDA,0.012959786544692209,1.7420696728611138,-4.703668861705257e-05,0.004703668861705257,True
2026-07-12 17:00:00+00:00,rNVDA,0.011322011322011383,1.5698756026605794,9.407780234260699e-05,-0.009407780234260699,False
2026-07-12 18:00:00+00:00,rNVDA,0.009592098390236892,1.335774892913272,-0.0047504821033819145,0.47504821033819145,True
2026-07-18 17:00:00+00:00,rNVDA,-0.00887428907628951,1.325106442261322,0.0007420232500618962,0.07420232500618962,True
2026-07-19 07:00:00+00:00,rNVDA,-0.004992091735863902,1.0471876323111529,-0.0008444687298198028,-0.08444687298198028,False
2026-07-19 08:00:00+00:00,rNVDA,-0.0043067174892332805,1.0323693197548305,0.006264293526896836,0.6264293526896836,True
2026-07-19 14:00:00+00:00,rNVDA,0.007507208909217633,1.167070503988543,0.00044411547002232155,-0.044411547002232155,False
2026-07-19 16:00:00+00:00,rNVDA,0.010496990199492684,1.6326306061526494,0.000984639621898431,-0.0984639621898431,False
2026-08-02 16:00:00+00:00,rNVDA,0.0038206314096120852,1.0724574042110797,-0.005358573717948678,0.5358573717948678,True
2026-08-02 18:00:00+00:00,rNVDA,0.005380940407342161,1.3062401568269013,0.0010004001600640855,-0.10004001600640855,False
2026-08-02 19:00:00+00:00,rNVDA,0.00623491552695099,1.1584208088213428,-0.007295622626424136,0.7295622626424136,True
2026-08-02 21:00:00+00:00,rNVDA,-0.007267806125006215,1.1138889886032242,0.000555387256386819,0.055538725638681896,True
2026-08-02 22:00:00+00:00,rNVDA,-0.00756209935897445,1.1380968958093713,0.005197557652520501,0.5197557652520501,True
2026-08-03 00:00:00+00:00,rNVDA,0.007853141256502605,1.1109729068162149,0.0020348404387313668,-0.20348404387313668,False
2026-08-03 02:00:00+00:00,rNVDA,0.016409946642504725,1.791702398961188,0.0003961965134706702,-0.03961965134706702,False
2026-08-09 15:00:00+00:00,rNVDA,-0.003960484158063271,1.0423864396094573,0.00017870705446099144,0.017870705446099144,True
2026-08-09 22:00:00+00:00,rNVDA,0.004243534193951737,1.1211905151435126,4.4480028467352994e-05,-0.0044480028467352994,False
2026-08-09 23:00:00+00:00,rNVDA,0.005321051690216461,1.39493987421813,-0.0033803318062537446,0.33803318062537446,True
2026-08-15 15:00:00+00:00,rNVDA,0.0036109129814549945,1.4580157918833427,-0.000266512681561748,0.0266512681561748,True
2026-08-15 16:00:00+00:00,rNVDA,0.003119846681820082,1.0942372035919172,-0.00044430621584390373,0.04443062158439037,True
2026-08-15 18:00:00+00:00,rNVDA,0.004057066428889922,1.4741570984253123,0.0014208960525732284,-0.14208960525732284,False
2026-08-15 19:00:00+00:00,rNVDA,0.006695531848413205,2.426539184607079,0.00022169999556598263,-0.022169999556598263,False
2026-08-15 20:00:00+00:00,rNVDA,0.0063796564800358,2.2419347407687362,-0.0002659810266867346,0.026598102668673462,True
2026-08-23 12:00:00+00:00,rNVDA,0.005953479785859361,2.1559144609804215,0.00027526723861082125,-0.027526723861082125,False
2026-08-23 13:00:00+00:00,rNVDA,0.005951831687736497,1.8367120846607374,0.0034857588405265982,-0.3485758840526598,False
2026-08-23 14:00:00+00:00,rNVDA,0.008155930329001748,2.5637362963077472,-0.0029708853238265,0.29708853238265,True
2026-08-23 15:00:00+00:00,rNVDA,0.005438790560471807,1.5454598958862078,0.0017878426698452188,-0.17878426698452188,False
2026-08-23 16:00:00+00:00,rNVDA,0.007654355143634328,1.9969226499373205,0.00045760307509268294,-0.045760307509268294,False
2026-08-23 17:00:00+00:00,rNVDA,0.006908303781145042,1.8473890348793391,0.0022869688514841613,-0.22869688514841613,False
2026-08-23 18:00:00+00:00,rNVDA,0.005321833279809063,1.45643126979561,0.0010496052571533632,-0.10496052571533632,False
2026-08-23 19:00:00+00:00,rNVDA,0.006100077970921491,1.6431580143431386,0.00013676148796482046,-0.013676148796482046,False
2026-08-23 21:00:00+00:00,rNVDA,0.006005317685889855,1.8079590519919557,-0.0024606971975392744,0.24606971975392744,True
2026-08-24 00:00:00+00:00,rNVDA,-0.010815497649796946,2.4711865036618645,-0.0010610813803284547,-0.10610813803284547,False
2026-08-24 01:00:00+00:00,rNVDA,-0.012901167031364014,2.414713004303327,0.0003694638156375163,0.03694638156375163,True
2026-08-24 02:00:00+00:00,rNVDA,-0.012671498245134138,2.38203765808653,-0.0032777803425512175,-0.32777803425512175,False
2026-08-02 11:00:00+00:00,rAAPL,0.008633327903567523,1.63602237985571,0.001033591731266048,-0.10335917312660481,False
2026-08-02 12:00:00+00:00,rAAPL,0.007804370447450637,1.4744628890766462,-0.003355704697986628,0.3355704697986628,True
2026-08-16 04:00:00+00:00,rAAPL,0.006922572178477804,6.747947930803245,-0.00032582841875472557,0.03258284187547256,True
2026-06-28 04:00:00+00:00,rTSLA,0.02936512131944813,1.5853278663438444,0.0021825651559892467,-0.21825651559892467,False
2026-06-28 05:00:00+00:00,rTSLA,0.022718339753164063,1.233624415528132,-0.00102485267742769,0.102485267742769,True
2026-06-28 06:00:00+00:00,rTSLA,0.023117898659109404,1.2847523819493034,-0.030007694280584696,3.0007694280584696,True
2026-06-28 10:00:00+00:00,rTSLA,-0.021183720631660075,1.000315288728153,0.0007869884575026909,0.07869884575026909,True
2026-06-28 11:00:00+00:00,rTSLA,-0.022546758903407627,1.1948486272955259,0.00718217562254253,0.718217562254253,True
2026-06-28 13:00:00+00:00,rTSLA,0.02115282919090422,1.1044636542691109,0.002874158467115473,-0.2874158467115473,False
2026-06-28 14:00:00+00:00,rTSLA,0.023817076394395897,1.2360275171990736,0.01053419741292494,-1.053419741292494,False
2026-06-28 15:00:00+00:00,rTSLA,0.030516061084781443,1.6077964477875237,0.0010475484810548163,-0.10475484810548163,False
2026-06-28 16:00:00+00:00,rTSLA,0.027806925498426116,1.4508495240719033,-0.031010719754977156,3.1010719754977156,True
2026-07-18 14:00:00+00:00,rTSLA,0.005886681383370229,1.0325751511432655,-0.0005225206395652604,0.05225206395652604,True
2026-07-18 16:00:00+00:00,rTSLA,0.004965191120452017,1.011217651105309,0.00041825691430963374,-0.041825691430963374,False
2026-07-26 09:00:00+00:00,rTSLA,0.0015053005797007746,1.2078516742822256,0.00022385673169167397,-0.022385673169167397,False
2026-07-26 10:00:00+00:00,rTSLA,0.002114639069558777,1.4677740517929296,0.0004156408862743266,-0.04156408862743266,False
2026-07-26 14:00:00+00:00,rTSLA,0.0027216547660977586,1.7462472135700613,0.0013092348958998468,-0.13092348958998468,False
2026-07-26 15:00:00+00:00,rTSLA,0.002782219379596995,1.597059263177525,0.00025512644704517307,-0.025512644704517307,False
2026-07-26 16:00:00+00:00,rTSLA,0.0028135690763180232,1.5536568230649532,0.000797066794197443,-0.0797066794197443,False
2026-08-01 18:00:00+00:00,rTSLA,-0.0058800723701214475,1.6025402166000746,0.0012024699382515713,0.12024699382515713,True
2026-08-01 19:00:00+00:00,rTSLA,-0.004588193479595493,1.1777863590280973,-0.0015256272924983882,-0.15256272924983882,False
2026-08-01 20:00:00+00:00,rTSLA,-0.006106820898898135,1.553635663172878,0.001202860858257493,0.12028608582574929,True
2026-08-01 21:00:00+00:00,rTSLA,-0.0045253256618288384,1.4763078222755561,9.741208559277403e-05,0.009741208559277403,True
2026-08-01 22:00:00+00:00,rTSLA,-0.003687649608591581,1.180012518907614,0.0,0.0,False
2026-08-03 02:00:00+00:00,rTSLA,0.006074168797953972,1.326323239180328,-0.00041309183349225176,0.041309183349225176,True
2026-08-08 17:00:00+00:00,rTSLA,0.0027946537059537757,1.1158959661827854,0.00018175209014903437,-0.018175209014903437,False
2026-08-24 00:00:00+00:00,rTSLA,0.009244992295839749,4.561449368713554,-0.006406761177753628,0.6406761177753628,True
