rtoken_symbol,native_ticker,name,candles,coverage_pct,weekend_candles,first_candle,last_candle,status,research_eligible
RSPCXUSDT,SPCX,,2150,99.53703703703704,614,2026-06-27 06:00:00+00:00,2026-09-25 05:00:00+00:00,ok,True
RNVDAUSDT,NVDA,,2135,98.8425925925926,600,2026-06-27 06:00:00+00:00,2026-09-25 05:00:00+00:00,ok,True
RMUUSDT,MU,,2072,95.92592592592592,541,2026-06-27 06:00:00+00:00,2026-09-25 05:00:00+00:00,ok,True
RCRCLUSDT,CRCL,,2057,95.23148148148148,524,2026-06-29 00:00:00+00:00,2026-09-25 05:00:00+00:00,ok,True
RQQQUSDT,QQQ,,2052,95.0,525,2026-06-29 00:00:00+00:00,2026-09-25 05:00:00+00:00,ok,True
RSNDKUSDT,SNDK,,2048,94.81481481481482,519,2026-06-27 13:00:00+00:00,2026-09-25 05:00:00+00:00,ok,True
RTSLAUSDT,TSLA,,2036,94.25925925925925,503,2026-06-27 06:00:00+00:00,2026-09-25 05:00:00+00:00,ok,True
RMSTRUSDT,MSTR,,2006,92.87037037037037,481,2026-06-29 00:00:00+00:00,2026-09-25 05:00:00+00:00,ok,True
RGOOGLUSDT,GOOGL,,1977,91.52777777777777,463,2026-06-27 07:00:00+00:00,2026-09-25 05:00:00+00:00,ok,True
RINTCUSDT,INTC,,1963,90.87962962962963,438,2026-06-27 07:00:00+00:00,2026-09-25 05:00:00+00:00,ok,True
RDRAMUSDT,DRAM,,1941,89.86111111111111,423,2026-06-27 07:00:00+00:00,2026-09-25 05:00:00+00:00,ok,True
RAAPLUSDT,AAPL,,1920,88.88888888888889,410,2026-06-27 06:00:00+00:00,2026-09-25 05:00:00+00:00,ok,True
RMRVLUSDT,MRVL,,1896,87.77777777777777,382,2026-06-27 13:00:00+00:00,2026-09-25 05:00:00+00:00,ok,True
RVOOUSDT,VOO,,1863,86.25,366,2026-06-29 00:00:00+00:00,2026-09-25 05:00:00+00:00,ok,True
RAVGOUSDT,AVGO,,1838,85.0925925925926,333,2026-06-27 09:00:00+00:00,2026-09-25 05:00:00+00:00,ok,True
RRKLBUSDT,RKLB,,1829,84.67592592592592,329,2026-06-27 13:00:00+00:00,2026-09-25 05:00:00+00:00,ok,True
RMSFTUSDT,MSFT,,1827,84.58333333333333,340,2026-06-27 09:00:00+00:00,2026-09-25 05:00:00+00:00,ok,True
RMETAUSDT,META,,1827,84.58333333333333,333,2026-06-27 13:00:00+00:00,2026-09-25 05:00:00+00:00,ok,True
RAMDUSDT,AMD,,1813,83.93518518518519,319,2026-06-27 14:00:00+00:00,2026-09-25 05:00:00+00:00,ok,True
RHOODUSDT,HOOD,,1806,83.61111111111111,311,2026-06-29 00:00:00+00:00,2026-09-25 05:00:00+00:00,ok,True
RTQQQUSDT,TQQQ,,1801,83.37962962962962,307,2026-06-29 00:00:00+00:00,2026-09-25 05:00:00+00:00,ok,True
RLITEUSDT,LITE,,1801,83.37962962962962,305,2026-06-27 13:00:00+00:00,2026-09-25 05:00:00+00:00,ok,True
RAAOIUSDT,AAOI,,1797,83.19444444444444,294,2026-06-27 13:00:00+00:00,2026-09-25 05:00:00+00:00,ok,True
RNBISUSDT,NBIS,,1789,82.82407407407408,289,2026-06-29 00:00:00+00:00,2026-09-25 05:00:00+00:00,ok,True
RGLWUSDT,GLW,,1777,82.26851851851852,273,2026-06-29 00:00:00+00:00,2026-09-25 05:00:00+00:00,ok,True
RTSMUSDT,TSM,,1754,81.2037037037037,257,2026-06-29 00:00:00+00:00,2026-09-25 05:00:00+00:00,ok,True
RCOINUSDT,COIN,,1753,81.1574074074074,269,2026-06-29 00:00:00+00:00,2026-09-25 05:00:00+00:00,ok,True
RAXTIUSDT,AXTI,,1731,80.13888888888889,240,2026-06-29 00:00:00+00:00,2026-09-25 05:00:00+00:00,ok,True
RORCLUSDT,ORCL,,1728,80.0,245,2026-06-29 00:00:00+00:00,2026-09-25 05:00:00+00:00,ok,True
RWDCUSDT,WDC,,1722,79.72222222222223,235,2026-06-29 00:00:00+00:00,2026-09-25 05:00:00+00:00,ok,False
RSOXSUSDT,SOXS,,1718,79.53703703703704,255,2026-06-29 00:00:00+00:00,2026-09-25 05:00:00+00:00,ok,False
RAMZNUSDT,AMZN,,1717,79.49074074074073,236,2026-06-27 12:00:00+00:00,2026-09-25 05:00:00+00:00,ok,False
RPLTRUSDT,PLTR,,1698,78.61111111111111,219,2026-06-29 00:00:00+00:00,2026-09-25 05:00:00+00:00,ok,False
RBEUSDT,BE,,1698,78.61111111111111,215,2026-06-29 00:00:00+00:00,2026-09-25 05:00:00+00:00,ok,False
RSPYUSDT,SPY,,1695,78.47222222222221,215,2026-06-29 00:00:00+00:00,2026-09-25 05:00:00+00:00,ok,False
RCOHRUSDT,COHR,,1692,78.33333333333333,202,2026-06-29 00:00:00+00:00,2026-09-25 05:00:00+00:00,ok,False
RSOXXUSDT,SOXX,,1653,76.52777777777777,179,2026-06-29 00:00:00+00:00,2026-09-25 05:00:00+00:00,ok,False
RARMUSDT,ARM,,1648,76.29629629629629,174,2026-06-29 00:00:00+00:00,2026-09-25 05:00:00+00:00,ok,False
RSMHUSDT,SMH,,1648,76.29629629629629,171,2026-06-29 00:00:00+00:00,2026-09-25 05:00:00+00:00,ok,False
RASTSUSDT,ASTS,,1643,76.06481481481482,173,2026-06-28 05:00:00+00:00,2026-09-25 05:00:00+00:00,ok,False
RIRENUSDT,IREN,,1640,75.92592592592592,169,2026-06-29 00:00:00+00:00,2026-09-25 05:00:00+00:00,ok,False
RNOKUSDT,NOK,,1638,75.83333333333333,171,2026-06-27 08:00:00+00:00,2026-09-25 05:00:00+00:00,ok,False
RSLVUSDT,SLV,,1619,74.9537037037037,146,2026-06-29 00:00:00+00:00,2026-09-25 05:00:00+00:00,ok,False
RAMATUSDT,AMAT,,1605,74.30555555555556,139,2026-06-29 00:00:00+00:00,2026-09-25 05:00:00+00:00,ok,False
REWYUSDT,EWY,,1602,74.16666666666667,136,2026-06-29 00:00:00+00:00,2026-09-25 05:00:00+00:00,ok,False
RNOWUSDT,NOW,,1599,74.02777777777779,131,2026-06-29 00:00:00+00:00,2026-09-25 05:00:00+00:00,ok,False
RBABAUSDT,BABA,,1598,73.98148148148148,134,2026-06-29 00:00:00+00:00,2026-09-25 05:00:00+00:00,ok,False
RSQQQUSDT,SQQQ,,1596,73.88888888888889,134,2026-06-29 00:00:00+00:00,2026-09-25 05:00:00+00:00,ok,False
RIBMUSDT,IBM,,1596,73.88888888888889,129,2026-06-29 00:00:00+00:00,2026-09-25 05:00:00+00:00,ok,False
RDELLUSDT,DELL,,1593,73.75,125,2026-06-29 00:00:00+00:00,2026-09-25 05:00:00+00:00,ok,False
RCRWVUSDT,CRWV,,1585,73.37962962962963,119,2026-06-29 00:00:00+00:00,2026-09-25 05:00:00+00:00,ok,False
RTTWOUSDT,TTWO,,1582,73.24074074074073,131,2026-06-29 00:00:00+00:00,2026-09-25 05:00:00+00:00,ok,False
RASMLUSDT,ASML,,1580,73.14814814814815,117,2026-06-29 00:00:00+00:00,2026-09-25 05:00:00+00:00,ok,False
RKOUSDT,KO,,1575,72.91666666666666,116,2026-06-29 00:00:00+00:00,2026-09-25 05:00:00+00:00,ok,False
RPDDUSDT,PDD,,1571,72.73148148148148,118,2026-06-29 00:00:00+00:00,2026-09-25 05:00:00+00:00,ok,False
RQQQMUSDT,QQQM,,1571,72.73148148148148,118,2026-06-29 00:00:00+00:00,2026-09-25 05:00:00+00:00,ok,False
RIONQUSDT,IONQ,,1568,72.5925925925926,119,2026-06-29 00:00:00+00:00,2026-09-25 05:00:00+00:00,ok,False
RMARAUSDT,MARA,,1568,72.5925925925926,114,2026-06-29 00:00:00+00:00,2026-09-25 05:00:00+00:00,ok,False
RVRTUSDT,VRT,,1568,72.5925925925926,103,2026-06-29 00:00:00+00:00,2026-09-25 05:00:00+00:00,ok,False
RSTRCUSDT,STRC,,1564,72.4074074074074,114,2026-06-29 00:00:00+00:00,2026-09-25 05:00:00+00:00,ok,False
RQCOMUSDT,QCOM,,1564,72.4074074074074,106,2026-06-29 00:00:00+00:00,2026-09-25 05:00:00+00:00,ok,False
RHIMSUSDT,HIMS,,1562,72.31481481481481,103,2026-06-29 00:00:00+00:00,2026-09-25 05:00:00+00:00,ok,False
RSKHYUSDT,SKHY,,1558,72.12962962962963,270,2026-07-10 15:00:00+00:00,2026-09-25 05:00:00+00:00,ok,False
RAPPUSDT,APP,,1555,71.99074074074075,96,2026-06-29 00:00:00+00:00,2026-09-25 05:00:00+00:00,ok,False
RLRCXUSDT,LRCX,,1554,71.94444444444444,90,2026-06-29 00:00:00+00:00,2026-09-25 05:00:00+00:00,ok,False
RONDSUSDT,ONDS,,1549,71.71296296296296,92,2026-06-29 00:00:00+00:00,2026-09-25 05:00:00+00:00,ok,False
RTEMUSDT,TEM,,1548,71.66666666666667,92,2026-06-29 00:00:00+00:00,2026-09-25 05:00:00+00:00,ok,False
RADBEUSDT,ADBE,,1547,71.62037037037037,88,2026-06-29 00:00:00+00:00,2026-09-25 05:00:00+00:00,ok,False
RUSOUSDT,USO,,1539,71.25,82,2026-06-29 00:00:00+00:00,2026-09-25 05:00:00+00:00,ok,False
RSNOWUSDT,SNOW,,1535,71.06481481481481,84,2026-06-29 00:00:00+00:00,2026-09-25 05:00:00+00:00,ok,False
RSTXUSDT,STX,,1535,71.06481481481481,79,2026-06-29 00:00:00+00:00,2026-09-25 05:00:00+00:00,ok,False
RAEHRUSDT,AEHR,,1534,71.01851851851852,82,2026-06-29 00:00:00+00:00,2026-09-25 05:00:00+00:00,ok,False
RCRWDUSDT,CRWD,,1533,70.97222222222223,88,2026-06-29 00:00:00+00:00,2026-09-25 05:00:00+00:00,ok,False
RTLTUSDT,TLT,,1532,70.92592592592592,82,2026-06-29 00:00:00+00:00,2026-09-25 05:00:00+00:00,ok,False
RAPLDUSDT,APLD,,1531,70.87962962962962,75,2026-06-29 00:00:00+00:00,2026-09-25 05:00:00+00:00,ok,False
RIWMUSDT,IWM,,1527,70.69444444444444,71,2026-06-29 00:00:00+00:00,2026-09-25 05:00:00+00:00,ok,False
RCSCOUSDT,CSCO,,1526,70.64814814814815,76,2026-06-29 00:00:00+00:00,2026-09-25 05:00:00+00:00,ok,False
RSOFIUSDT,SOFI,,1526,70.64814814814815,75,2026-06-29 00:00:00+00:00,2026-09-25 05:00:00+00:00,ok,False
RSGOVUSDT,SGOV,,1522,70.46296296296296,75,2026-06-29 00:00:00+00:00,2026-09-25 05:00:00+00:00,ok,False
RFUTUUSDT,FUTU,,1521,70.41666666666667,75,2026-06-29 00:00:00+00:00,2026-09-25 05:00:00+00:00,ok,False
RSPMOUSDT,SPMO,,1519,70.32407407407408,74,2026-06-29 00:00:00+00:00,2026-09-25 05:00:00+00:00,ok,False
RBBUSDT,BB,,1513,70.04629629629629,74,2026-06-29 00:00:00+00:00,2026-09-25 05:00:00+00:00,ok,False
RISRGUSDT,ISRG,,1511,69.95370370370371,64,2026-06-29 00:00:00+00:00,2026-09-25 05:00:00+00:00,ok,False
RSONYUSDT,SONY,,1509,69.86111111111111,77,2026-06-29 00:00:00+00:00,2026-09-25 05:00:00+00:00,ok,False
RLMTUSDT,LMT,,1509,69.86111111111111,67,2026-06-29 00:00:00+00:00,2026-09-25 05:00:00+00:00,ok,False
RDDOGUSDT,DDOG,,1502,69.53703703703704,67,2026-06-29 00:00:00+00:00,2026-09-25 05:00:00+00:00,ok,False
RRMBSUSDT,RMBS,,1454,67.31481481481481,49,2026-06-29 00:00:00+00:00,2026-09-25 05:00:00+00:00,ok,False
RMAUSDT,MA,,1429,66.1574074074074,66,2026-06-29 00:00:00+00:00,2026-09-25 05:00:00+00:00,ok,False
RABNBUSDT,ABNB,,1355,62.731481481481474,47,2026-06-29 00:00:00+00:00,2026-09-25 05:00:00+00:00,ok,False
RMELIUSDT,MELI,,1347,62.361111111111114,55,2026-06-29 00:00:00+00:00,2026-09-25 05:00:00+00:00,ok,False
