datetime_utc,asset,momentum_6h_pct,forward_return_1h,reversion_return_pct,reversion_correct
2026-06-27 12:00:00+00:00,rNVDA,-0.36561161600334735,-0.0015202348500733542,-0.15202348500733542,False
2026-06-27 13:00:00+00:00,rNVDA,-0.36095417451349476,-0.0021525699585236424,-0.21525699585236424,False
2026-06-27 14:00:00+00:00,rNVDA,-0.5598283890545619,0.0007366094917393706,0.07366094917393706,True
2026-06-27 15:00:00+00:00,rNVDA,-0.36668412781561965,-0.003732912723448889,-0.3732912723448889,False
2026-06-27 16:00:00+00:00,rNVDA,-1.1270545264805643,0.005330096575017151,0.5330096575017151,True
2026-06-28 06:00:00+00:00,rNVDA,0.5450600624437696,0.012105263157894841,-1.210526315789484,False
2026-06-28 07:00:00+00:00,rNVDA,1.7191219254165668,-0.015860634425377107,1.5860634425377107,True
2026-06-28 08:00:00+00:00,rNVDA,0.10579211848715797,0.017701453104359333,-1.7701453104359333,False
2026-06-28 09:00:00+00:00,rNVDA,1.9263336155800115,-0.015316718587746525,1.5316718587746525,True
2026-06-28 10:00:00+00:00,rNVDA,-1.674616341766899,0.016662272607434803,1.6662272607434803,True
2026-06-28 11:00:00+00:00,rNVDA,1.6662272607434803,-0.004201026917690975,0.42010269176909754,True
2026-06-28 12:00:00+00:00,rNVDA,1.0526315789473717,-0.01041666666666663,1.041666666666663,True
2026-06-28 13:00:00+00:00,rNVDA,-1.1960478419136833,0.015315789473684172,1.5315789473684172,True
2026-06-28 14:00:00+00:00,rNVDA,1.9339498018493995,-0.016225182727696796,1.6225182727696796,True
2026-06-28 15:00:00+00:00,rNVDA,-1.4641744548286595,0.011697755295605461,1.169775529560546,True
2026-06-28 16:00:00+00:00,rNVDA,1.2391247034009956,-0.010677083333333393,1.0677083333333393,True
2026-06-28 17:00:00+00:00,rNVDA,-1.483325553653858,0.008160042116346578,0.8160042116346578,True
2026-06-28 18:00:00+00:00,rNVDA,-0.26041666666666297,0.00031331592689287646,0.031331592689287646,True
2026-06-28 19:00:00+00:00,rNVDA,0.8210526315789446,0.0,-0.0,False
2026-07-04 04:00:00+00:00,rNVDA,-0.1279557784829577,0.0,0.0,False
2026-07-04 05:00:00+00:00,rNVDA,-0.0614596670934775,-0.002972377389432568,-0.2972377389432568,False
2026-07-04 06:00:00+00:00,rNVDA,-0.2614580129191024,0.003341043433564561,0.3341043433564561,True
2026-07-04 17:00:00+00:00,rNVDA,-0.46556840274224465,0.0037522487792340797,0.375224877923408,True
2026-07-04 18:00:00+00:00,rNVDA,-0.04606643804063726,0.001741089717328892,0.1741089717328892,True
2026-07-04 19:00:00+00:00,rNVDA,0.1741089717328892,-0.001073509866066913,0.10735098660669129,True
2026-07-05 07:00:00+00:00,rNVDA,0.16887569725194673,0.0,-0.0,False
2026-07-05 08:00:00+00:00,rNVDA,0.015328802820491205,5.108817819543532e-05,-0.005108817819543532,False
2026-07-05 09:00:00+00:00,rNVDA,0.08692095306268577,0.00045977011494247044,-0.045977011494247044,False
2026-07-05 10:00:00+00:00,rNVDA,0.05619986716396408,0.00020424836601296015,-0.020424836601296015,False
2026-07-05 11:00:00+00:00,rNVDA,0.1431492842535853,-0.0012762916071064057,0.12762916071064057,True
2026-07-11 04:00:00+00:00,rNVDA,-0.594049995247603,-0.003394368217239485,-0.3394368217239485,False
2026-07-11 05:00:00+00:00,rNVDA,-1.004392734180215,-0.0008155041734626556,-0.08155041734626556,False
2026-07-11 06:00:00+00:00,rNVDA,-1.0851240650599503,-0.00014402995823126208,-0.014402995823126208,False
2026-07-11 07:00:00+00:00,rNVDA,-0.43505282784337407,0.00028810141169688386,0.028810141169688386,True
2026-07-11 08:00:00+00:00,rNVDA,-0.31104943293296383,-0.0008160522273424897,-0.08160522273424897,False
2026-07-11 09:00:00+00:00,rNVDA,-0.625417740857448,-0.0009608455440788255,-0.09608455440788255,False
2026-07-11 10:00:00+00:00,rNVDA,-0.5832576373284937,0.0012022120702090966,0.12022120702090966,True
2026-07-11 11:00:00+00:00,rNVDA,-0.12472416770604733,0.012055715658021215,1.2055715658021215,True
2026-07-11 12:00:00+00:00,rNVDA,1.1618416630659212,-0.0021356366570168817,0.21356366570168817,True
2026-07-11 13:00:00+00:00,rNVDA,0.9603380389897165,-0.0020926471987063877,0.20926471987063877,True
2026-07-11 14:00:00+00:00,rNVDA,0.7200460829493105,-0.003002573634543926,0.3002573634543926,True
2026-07-11 15:00:00+00:00,rNVDA,0.4996396829209715,-0.002581385343467635,0.2581385343467635,True
2026-07-11 16:00:00+00:00,rNVDA,0.336619379658587,0.0023963575365444356,-0.23963575365444356,False
2026-07-11 17:00:00+00:00,rNVDA,0.4562920268972315,-0.004064068850107572,0.40640688501075717,True
2026-07-11 18:00:00+00:00,rNVDA,-1.1437520763134201,0.0,0.0,False
2026-07-11 19:00:00+00:00,rNVDA,-0.9321792066964596,0.0,0.0,False
2026-07-11 20:00:00+00:00,rNVDA,-0.724430464207404,0.0,0.0,False
2026-07-12 05:00:00+00:00,rNVDA,1.2111890800730718,-0.002754297654098292,0.2754297654098292,True
2026-07-12 06:00:00+00:00,rNVDA,0.9324233394213177,4.7619047619074095e-05,-0.0047619047619074095,False
2026-07-12 07:00:00+00:00,rNVDA,0.9372296452946127,0.0003333174610733458,-0.03333174610733458,False
2026-07-12 08:00:00+00:00,rNVDA,0.9708737864077666,-0.0009520182787510212,0.09520182787510212,True
2026-07-12 09:00:00+00:00,rNVDA,0.8747476689416445,0.0,-0.0,False
2026-07-12 10:00:00+00:00,rNVDA,-0.14273479874393757,0.0015723270440253234,0.15723270440253234,True
2026-07-12 11:00:00+00:00,rNVDA,-0.1757051951752353,0.0018077160934304448,0.18077160934304448,True
2026-07-12 12:00:00+00:00,rNVDA,0.28095238095238173,0.006980388432499263,-0.6980388432499263,False
2026-07-12 13:00:00+00:00,rNVDA,0.9761439931431859,-0.0007545034424218944,0.07545034424218944,True
2026-07-12 14:00:00+00:00,rNVDA,0.866336633663356,0.0025011798017933184,-0.25011798017933184,False
2026-07-12 15:00:00+00:00,rNVDA,1.2149799885649015,0.0008002636162500743,-0.08002636162500743,False
2026-07-12 16:00:00+00:00,rNVDA,1.295978654469221,-4.703668861705257e-05,0.004703668861705257,True
2026-07-12 17:00:00+00:00,rNVDA,1.1322011322011383,9.407780234260699e-05,-0.009407780234260699,False
2026-07-12 18:00:00+00:00,rNVDA,0.9592098390236892,-0.0047504821033819145,0.47504821033819145,True
2026-07-18 04:00:00+00:00,rNVDA,0.10355540214015413,0.0,-0.0,False
2026-07-18 05:00:00+00:00,rNVDA,0.23701362828361106,0.0049261083743843415,-0.49261083743843415,False
2026-07-18 06:00:00+00:00,rNVDA,0.73427384908622,-0.004901960784313708,0.4901960784313708,True
2026-07-18 07:00:00+00:00,rNVDA,-0.04431532817962269,0.0,0.0,False
2026-07-18 08:00:00+00:00,rNVDA,-0.05415784550244496,0.0,0.0,False
2026-07-18 09:00:00+00:00,rNVDA,-0.15738736966358635,0.0,0.0,False
2026-07-18 10:00:00+00:00,rNVDA,0.0,0.00472906403940887,-0.0,False
2026-07-18 11:00:00+00:00,rNVDA,0.472906403940887,-0.004706805255932589,0.4706805255932589,True
2026-07-18 12:00:00+00:00,rNVDA,-0.4901960784313708,-0.0012315270935960854,-0.12315270935960854,False
2026-07-18 13:00:00+00:00,rNVDA,-0.12315270935960854,0.00019728729963008895,0.019728729963008895,True
2026-07-18 14:00:00+00:00,rNVDA,-0.1034482758620725,-0.002662853197889392,-0.2662853197889392,False
2026-07-18 15:00:00+00:00,rNVDA,-0.3694581280788145,-0.0004944375772558685,-0.049443757725586845,False
2026-07-18 16:00:00+00:00,rNVDA,-0.41871921182266014,0.0,0.0,False
2026-07-18 17:00:00+00:00,rNVDA,-0.887428907628951,0.0007420232500618962,0.07420232500618962,True
2026-07-18 18:00:00+00:00,rNVDA,-0.34482758620688614,-0.0007414730598122032,-0.07414730598122032,False
2026-07-18 19:00:00+00:00,rNVDA,-0.2959309494451223,-9.893643334157876e-05,-0.009893643334157876,False
2026-07-18 20:00:00+00:00,rNVDA,-0.32545983529759237,-9.894622272788034e-05,-0.009894622272788034,False
2026-07-19 05:00:00+00:00,rNVDA,-0.2965159377316451,-0.0022304832713754275,-0.22304832713754275,False
2026-07-19 06:00:00+00:00,rNVDA,-0.42047984170170416,4.9677098857392465e-05,0.0049677098857392465,True
2026-07-19 07:00:00+00:00,rNVDA,-0.49920917358639016,-0.0008444687298198028,-0.08444687298198028,False
2026-07-19 08:00:00+00:00,rNVDA,-0.43067174892332805,0.006264293526896836,0.6264293526896836,True
2026-07-19 09:00:00+00:00,rNVDA,0.26254520235795553,-0.006867588932806368,0.6867588932806368,True
2026-07-19 10:00:00+00:00,rNVDA,-0.33220944069813907,0.006268344858464836,0.6268344858464836,True
2026-07-19 11:00:00+00:00,rNVDA,0.2577447335811778,-0.00029663321303208257,0.029663321303208257,True
2026-07-19 12:00:00+00:00,rNVDA,0.4520615996025823,-0.000296721230404029,0.029672123040402898,True
2026-07-19 13:00:00+00:00,rNVDA,0.4172669017932451,0.002473410833539358,-0.2473410833539358,False
2026-07-19 14:00:00+00:00,rNVDA,0.7507208909217633,0.00044411547002232155,-0.044411547002232155,False
2026-07-19 15:00:00+00:00,rNVDA,0.16798418972332474,0.0018743217914569676,-0.18743217914569676,False
2026-07-19 16:00:00+00:00,rNVDA,1.0496990199492684,0.000984639621898431,-0.0984639621898431,False
2026-07-19 17:00:00+00:00,rNVDA,0.5191081228061334,-0.0001967342120794413,0.01967342120794413,True
2026-07-19 18:00:00+00:00,rNVDA,0.5291528608871943,-0.0027056277056277667,0.27056277056277667,True
2026-07-19 19:00:00+00:00,rNVDA,0.2869156566905673,0.002269027770926968,-0.2269027770926968,False
2026-07-19 20:00:00+00:00,rNVDA,0.2664692820133263,-0.0022638909395147344,0.22638909395147344,True
2026-07-19 21:00:00+00:00,rNVDA,-0.004932425767001369,0.0057712228086619355,0.5771222808661935,True
2026-07-19 22:00:00+00:00,rNVDA,0.3840094525403792,-0.0005394801373223013,0.05394801373223013,True
2026-07-19 23:00:00+00:00,rNVDA,0.23116269919338794,-0.004367240787084725,0.4367240787084725,True
2026-07-20 00:00:00+00:00,rNVDA,-0.1869342778433647,-0.0009364218827008219,-0.0936421882700822,False
2026-07-20 01:00:00+00:00,rNVDA,-0.009865338134451562,0.003453209017808545,0.3453209017808545,True
2026-07-20 02:00:00+00:00,rNVDA,0.1082730449333047,0.0006391032889239145,-0.06391032889239145,False
2026-07-25 04:00:00+00:00,rNVDA,-0.8275261324041661,-0.0020982774605963206,-0.20982774605963206,False
2026-07-25 05:00:00+00:00,rNVDA,-1.0882708585247869,0.008459657701711532,0.8459657701711532,True
2026-07-25 06:00:00+00:00,rNVDA,-0.2722529292577658,0.003733695388643765,0.3733695388643765,True
2026-07-25 07:00:00+00:00,rNVDA,-0.4281110202510874,-0.01449275362318836,-1.449275362318836,False
2026-07-25 08:00:00+00:00,rNVDA,-0.7782101167315147,0.013137254901960826,1.3137254901960826,True
2026-07-25 09:00:00+00:00,rNVDA,0.9574052364204721,0.0005322237275013908,-0.05322237275013908,False
2026-07-25 10:00:00+00:00,rNVDA,0.9076269945835103,-0.0009671647565162589,0.09671647565162589,True
2026-07-25 11:00:00+00:00,rNVDA,1.0220048899755474,-0.004501669974345313,0.45016699743453126,True
2026-07-25 12:00:00+00:00,rNVDA,-0.27639043786064077,0.006369736458232023,0.6369736458232023,True
2026-07-25 13:00:00+00:00,rNVDA,-0.014492753623185362,-0.014881383775426471,-1.488138377542647,False
2026-07-25 14:00:00+00:00,rNVDA,-0.05392156862745745,-4.904605424493891e-05,-0.004904605424493891,False
2026-07-25 15:00:00+00:00,rNVDA,-1.354751306367341,0.01432215028448125,1.432215028448125,True
2026-07-25 16:00:00+00:00,rNVDA,0.004835823782589621,-0.014168278529980705,1.4168278529980705,True
2026-07-25 17:00:00+00:00,rNVDA,-1.31661745486229,0.02138617746603222,2.138617746603222,True
2026-07-25 18:00:00+00:00,rNVDA,1.2496353204317856,-0.014263074484944571,1.4263074484944571,True
2026-07-25 19:00:00+00:00,rNVDA,-0.8262066966227,0.007307804735457557,0.7307804735457557,True
2026-07-25 20:00:00+00:00,rNVDA,1.407621756829669,-0.00014509576320376194,0.014509576320376194,True
2026-07-25 21:00:00+00:00,rNVDA,1.3978811065332497,-9.674454602615068e-05,0.009674454602615068,True
2026-07-25 22:00:00+00:00,rNVDA,-0.04352030947776253,-0.0003386386725364732,-0.03386386725364732,False
2026-07-25 23:00:00+00:00,rNVDA,1.3587089812135078,0.006920247773906318,-0.6920247773906318,False
2026-07-26 00:00:00+00:00,rNVDA,-0.07683811170340338,0.0019224299514586374,0.19224299514586374,True
2026-07-26 01:00:00+00:00,rNVDA,1.5638702133879079,-0.006667626037319407,0.6667626037319407,True
2026-07-26 02:00:00+00:00,rNVDA,0.15476881408398313,-0.0016901680509948669,0.1690168050994867,True
2026-07-26 03:00:00+00:00,rNVDA,0.0,-0.0071107241329270154,0.0,False
2026-07-26 04:00:00+00:00,rNVDA,-0.7014658216825564,0.023043944265809246,2.3043944265809246,True
2026-07-26 05:00:00+00:00,rNVDA,1.6211769260549902,-0.019286632696795092,1.9286632696795092,True
2026-07-26 06:00:00+00:00,rNVDA,-1.0236939491517272,-0.006312518209187212,-0.6312518209187212,False
2026-07-26 07:00:00+00:00,rNVDA,-1.8371948002110727,0.013438232994527066,1.3438232994527066,True
2026-07-26 08:00:00+00:00,rNVDA,0.14970059880239361,0.0009643666522012317,-0.09643666522012317,False
2026-07-26 09:00:00+00:00,rNVDA,0.4160015479127477,0.0017341875812899588,-0.17341875812899588,False
2026-07-26 10:00:00+00:00,rNVDA,1.3105329825586987,0.002019716277951611,-0.2019716277951611,False
2026-07-26 11:00:00+00:00,rNVDA,-0.7714653078718103,0.00047991553486581573,0.04799155348658157,True
2026-07-26 12:00:00+00:00,rNVDA,1.228513159172584,0.0007674965222814745,-0.07674965222814745,False
2026-07-26 13:00:00+00:00,rNVDA,1.9497654417513832,-0.008100464937928376,0.8100464937928376,True
2026-07-26 14:00:00+00:00,rNVDA,-0.21698249674525494,0.011984149995167614,1.1984149995167614,True
2026-07-26 15:00:00+00:00,rNVDA,0.8815453538224327,-0.011078216025212417,1.1078216025212417,True
2026-07-26 16:00:00+00:00,rNVDA,-0.40875210387112393,-0.0008208594881699005,-0.08208594881699005,False
2026-07-26 17:00:00+00:00,rNVDA,-0.6910783702068435,0.0,0.0,False
2026-07-26 18:00:00+00:00,rNVDA,-0.7387154026958331,0.010486637993524228,1.0486637993524228,True
2026-07-26 19:00:00+00:00,rNVDA,0.22527920241575128,0.0028694404591105283,-0.2869440459110528,False
2026-07-26 20:00:00+00:00,rNVDA,1.3337199188170334,-0.013447782546494924,1.3447782546494924,True
2026-07-26 21:00:00+00:00,rNVDA,-1.2128736510361948,0.00019334880123733633,0.019334880123733633,True
2026-07-26 22:00:00+00:00,rNVDA,-0.08691453404152671,0.0003866228494104895,0.03866228494104895,True
2026-07-26 23:00:00+00:00,rNVDA,0.033827864495239446,0.00879227053140097,-0.879227053140097,False
2026-07-27 00:00:00+00:00,rNVDA,0.913352341371465,-0.0001436643999617182,0.01436643999617182,True
2026-07-27 01:00:00+00:00,rNVDA,-0.14825442372070619,0.0004310551271613505,0.04310551271613505,True
2026-07-27 02:00:00+00:00,rNVDA,-0.391034811635671,-0.001436231328992621,-0.1436231328992621,False
2026-08-01 04:00:00+00:00,rNVDA,0.19597989949748928,0.013942524700335968,-1.3942524700335968,False
2026-08-01 05:00:00+00:00,rNVDA,1.6195186681946971,-0.015185240144432899,1.5185240144432899,True
2026-08-01 06:00:00+00:00,rNVDA,0.7132378977186438,0.0018583626318433577,-0.18583626318433577,False
2026-08-01 07:00:00+00:00,rNVDA,0.8850900262998174,-0.002205845490549918,0.2205845490549918,True
2026-08-01 08:00:00+00:00,rNVDA,2.592783505154639,-0.01522383560267293,1.522383560267293,True
2026-08-01 09:00:00+00:00,rNVDA,-2.6715661932664614,0.017755102040816206,1.7755102040816206,True
2026-08-01 10:00:00+00:00,rNVDA,0.045137669893180465,5.0130338881126946e-05,-0.005013033888112695,False
2026-08-01 11:00:00+00:00,rNVDA,-1.3256170549537427,0.0,0.0,False
2026-08-01 12:00:00+00:00,rNVDA,0.19588146659970107,0.0016040904305980597,-0.16040904305980597,False
2026-08-01 13:00:00+00:00,rNVDA,0.17045169699705376,-0.0004504279065111749,0.04504279065111749,True
2026-08-01 14:00:00+00:00,rNVDA,0.34668140481335374,-0.001151612257159984,0.1151612257159984,True
2026-08-01 15:00:00+00:00,rNVDA,1.780612244897961,0.0032081808611958973,-0.32081808611958973,False
2026-08-01 16:00:00+00:00,rNVDA,0.3258472027271031,0.000349772647778801,-0.0349772647778801,False
2026-08-01 17:00:00+00:00,rNVDA,0.35590756428893755,-0.00029970029970027845,0.029970029970027845,True
2026-08-01 18:00:00+00:00,rNVDA,0.3258308687152045,-0.0004996502448285645,0.049965024482856446,True
2026-08-01 19:00:00+00:00,rNVDA,0.11510935388618915,-0.00019996000799837876,0.019996000799837876,True
2026-08-01 20:00:00+00:00,rNVDA,0.14019627478469854,-0.0014499999999999513,0.14499999999999513,True
2026-08-01 21:00:00+00:00,rNVDA,0.11028121710361383,0.002453557658604888,-0.2453557658604888,False
2026-08-01 22:00:00+00:00,rNVDA,0.0349772647778801,-0.001098901098901095,0.1098901098901095,True
2026-08-01 23:00:00+00:00,rNVDA,-0.1098901098901095,-0.0013501350135012302,-0.13501350135012302,False
2026-08-02 00:00:00+00:00,rNVDA,-0.2148496052762905,5.007260527767343e-05,0.005007260527767343,True
2026-08-02 01:00:00+00:00,rNVDA,-0.1599680063987141,-0.0005507710795112919,-0.05507710795112919,False
2026-08-02 02:00:00+00:00,rNVDA,-0.19499999999998963,0.0012524422624116127,0.12524422624116127,True
2026-08-02 03:00:00+00:00,rNVDA,0.07510890791648794,-0.0022515761032724235,0.22515761032724235,True
2026-08-02 04:00:00+00:00,rNVDA,-0.39460539460538513,0.0003510355548868027,0.03510355548868027,True
2026-08-02 05:00:00+00:00,rNVDA,-0.2500250025002537,-0.0011529977942650316,-0.11529977942650316,False
2026-08-02 06:00:00+00:00,rNVDA,-0.23033398427720897,-0.00045169385194476774,-0.045169385194476774,False
2026-08-02 07:00:00+00:00,rNVDA,-0.2803925495693971,-0.0005021088572002563,-0.05021088572002563,False
2026-08-02 08:00:00+00:00,rNVDA,-0.275537297730577,-0.0004521249874409605,-0.04521249874409605,False
2026-08-02 09:00:00+00:00,rNVDA,-0.4453117182027455,-0.0002512941649495115,-0.02512941649495115,False
2026-08-02 10:00:00+00:00,rNVDA,-0.24572488842085072,0.0,0.0,False
2026-08-02 11:00:00+00:00,rNVDA,-0.28072989773411106,-0.00035190026141163067,-0.03519002614116307,False
2026-08-02 12:00:00+00:00,rNVDA,-0.2007528230865807,0.00015086748805637207,0.015086748805637207,True
2026-08-02 13:00:00+00:00,rNVDA,-0.14059048001606733,-0.0009050683829445738,-0.09050683829445738,False
2026-08-02 14:00:00+00:00,rNVDA,-0.1808499949763953,0.004076497232007981,0.40764972320079806,True
2026-08-02 15:00:00+00:00,rNVDA,0.2713976981454369,0.0008520876146560497,-0.08520876146560497,False
2026-08-02 16:00:00+00:00,rNVDA,0.3820631409612085,-0.005358573717948678,0.5358573717948678,True
2026-08-02 17:00:00+00:00,rNVDA,-0.155841544339419,0.0065958410956143965,0.6595841095614396,True
2026-08-02 18:00:00+00:00,rNVDA,0.5380940407342161,0.0010004001600640855,-0.10004001600640855,False
2026-08-02 19:00:00+00:00,rNVDA,0.623491552695099,-0.007295622626424136,0.7295622626424136,True
2026-08-02 20:00:00+00:00,rNVDA,-0.020130850528432553,-0.0030202355783750523,-0.30202355783750523,False
2026-08-02 21:00:00+00:00,rNVDA,-0.7267806125006215,0.000555387256386819,0.055538725638681896,True
2026-08-02 22:00:00+00:00,rNVDA,-0.756209935897445,0.005197557652520501,0.5197557652520501,True
2026-08-02 23:00:00+00:00,rNVDA,0.2970645989627707,0.011495983935743137,-1.1495983935743137,False
2026-08-03 00:00:00+00:00,rNVDA,0.7853141256502605,0.0020348404387313668,-0.20348404387313668,False
2026-08-03 01:00:00+00:00,rNVDA,0.8894663202078767,9.90589400693409e-05,-0.00990589400693409,False
2026-08-03 02:00:00+00:00,rNVDA,1.6409946642504725,0.0003961965134706702,-0.03961965134706702,False
2026-08-08 04:00:00+00:00,rNVDA,0.13439655944809115,-0.0004921259842520787,0.049212598425207865,True
2026-08-08 05:00:00+00:00,rNVDA,-0.17426273458445163,0.0010742580905063193,0.10742580905063193,True
2026-08-08 06:00:00+00:00,rNVDA,-0.05585968048262835,-0.00326402861614139,-0.326402861614139,False
2026-08-08 07:00:00+00:00,rNVDA,-0.2416539872908019,-0.0004485914229319654,-0.04485914229319654,False
2026-08-08 08:00:00+00:00,rNVDA,-0.20601934790398513,0.002333722287047868,0.2333722287047868,True
2026-08-08 09:00:00+00:00,rNVDA,-0.17877893984088455,-0.0012984687024267805,-0.12984687024267805,False
2026-08-08 10:00:00+00:00,rNVDA,-0.21027201145311647,-0.00112082492714638,-0.112082492714638,False
2026-08-08 11:00:00+00:00,rNVDA,-0.2730405980036599,0.001885098743267477,0.1885098743267477,True
2026-08-08 12:00:00+00:00,rNVDA,-0.19226469930695433,-0.0031807185736045795,-0.31807185736045795,False
2026-08-08 13:00:00+00:00,rNVDA,-0.18392248340212136,0.0016179048132669571,0.1617904813266957,True
2026-08-08 14:00:00+00:00,rNVDA,0.022439637375470944,0.00035895365010985003,-0.035895365010985,False
2026-08-08 15:00:00+00:00,rNVDA,-0.17462165308499422,-0.0006279434850863241,-0.06279434850863241,False
2026-08-08 16:00:00+00:00,rNVDA,-0.10759919300605825,0.0029621650733808735,0.29621650733808735,True
2026-08-08 17:00:00+00:00,rNVDA,0.3007181328545716,-0.0005817335660267542,0.05817335660267542,True
2026-08-08 18:00:00+00:00,rNVDA,0.05375862377923202,4.477478284226066e-05,-0.004477478284226066,False
2026-08-08 19:00:00+00:00,rNVDA,0.3775111230955863,-0.0001343183344526544,0.01343183344526544,True
2026-08-08 20:00:00+00:00,rNVDA,0.2019114281868406,0.002104603259896143,-0.21046032598961428,False
2026-08-08 21:00:00+00:00,rNVDA,0.3767660910518167,-0.00026810849457081787,0.026810849457081787,True
2026-08-08 22:00:00+00:00,rNVDA,0.41290785871370694,0.0005810575246949501,-0.05810575246949501,False
2026-08-08 23:00:00+00:00,rNVDA,0.17452006980802626,-0.0006700616456714048,0.06700616456714048,True
2026-08-09 00:00:00+00:00,rNVDA,0.16566669651651988,0.0004917080148405528,-0.04917080148405528,False
2026-08-09 01:00:00+00:00,rNVDA,0.21043205730915115,-0.0005361451166115971,0.053614511661159714,True
2026-08-09 02:00:00+00:00,rNVDA,0.17015941250224653,0.0008493518104604192,-0.08493518104604192,False
2026-08-09 03:00:00+00:00,rNVDA,0.04468474909513631,-0.0015632676760909403,0.15632676760909403,True
2026-08-09 04:00:00+00:00,rNVDA,-0.08492379207080125,0.004384002863022429,0.4384002863022429,True
2026-08-09 05:00:00+00:00,rNVDA,0.29482712409540923,-0.000979868163192621,0.0979868163192621,True
2026-08-09 06:00:00+00:00,rNVDA,0.2637342988690783,-8.91662951404415e-05,0.00891662951404415,True
2026-08-09 07:00:00+00:00,rNVDA,0.20552229470109928,0.0008025682182986049,-0.08025682182986049,False
2026-08-09 08:00:00+00:00,rNVDA,0.3397407241841899,0.0011583355609017243,-0.11583355609017243,False
2026-08-09 09:00:00+00:00,rNVDA,0.37071776318728933,-0.002714489142043419,0.2714489142043419,True
2026-08-09 10:00:00+00:00,rNVDA,0.2549879216247719,0.0,-0.0,False
2026-08-09 11:00:00+00:00,rNVDA,-0.18261179404952532,0.0,0.0,False
2026-08-09 12:00:00+00:00,rNVDA,-0.08470798038341387,0.0012047655169336036,0.12047655169336036,True
2026-08-09 13:00:00+00:00,rNVDA,0.04458712323880398,-0.002540333363044822,0.2540333363044822,True
2026-08-09 14:00:00+00:00,rNVDA,-0.2895838902254311,8.936151199678832e-05,0.008936151199678832,True
2026-08-09 15:00:00+00:00,rNVDA,-0.3960484158063271,0.00017870705446099144,0.017870705446099144,True
2026-08-09 16:00:00+00:00,rNVDA,-0.10709026817188327,-0.001027381962746321,-0.1027381962746321,False
2026-08-09 17:00:00+00:00,rNVDA,-0.20971844183661492,0.0030853156859238506,0.30853156859238506,True
2026-08-09 18:00:00+00:00,rNVDA,0.09816607915755782,0.001604778674274332,-0.1604778674274332,False
2026-08-09 19:00:00+00:00,rNVDA,0.13815848114804297,-0.0002225288174818596,0.02225288174818596,True
2026-08-09 20:00:00+00:00,rNVDA,0.37085027478664934,-0.0004006410256409687,0.04006410256409687,True
2026-08-09 21:00:00+00:00,rNVDA,0.3216726980297624,0.0012024048096190842,-0.12024048096190842,False
2026-08-09 22:00:00+00:00,rNVDA,0.4243534193951737,4.4480028467352994e-05,-0.0044480028467352994,False
2026-08-09 23:00:00+00:00,rNVDA,0.5321051690216461,-0.0033803318062537446,0.33803318062537446,True
2026-08-10 00:00:00+00:00,rNVDA,-0.11590068203094495,0.0021421877091980512,0.21421877091980512,True
2026-08-10 01:00:00+00:00,rNVDA,-0.062308068894911806,0.00044533511467381715,0.044533511467381715,True
2026-08-10 02:00:00+00:00,rNVDA,0.004451566951568786,-8.902737591809373e-05,0.008902737591809373,True
2026-08-15 04:00:00+00:00,rNVDA,-0.2641361768734085,-0.0007579473003700432,-0.07579473003700432,False
2026-08-15 05:00:00+00:00,rNVDA,-0.26699893200426983,0.0007585222202390884,0.07585222202390884,True
2026-08-15 06:00:00+00:00,rNVDA,-0.19268165697325923,-4.4585135315799995e-05,-0.0044585135315799995,False
2026-08-15 07:00:00+00:00,rNVDA,-0.21356113187399606,-0.0002675227394328683,-0.02675227394328683,False
2026-08-15 08:00:00+00:00,rNVDA,-0.19140885822390707,0.0004459905450004964,0.04459905450004964,True
2026-08-15 09:00:00+00:00,rNVDA,-0.035650623885918886,0.00022289586305279663,0.022289586305279663,True
2026-08-15 10:00:00+00:00,rNVDA,0.03566810825270661,0.0008468155279226508,-0.08468155279226508,False
2026-08-15 11:00:00+00:00,rNVDA,0.19632339817954314,-0.0011578197363733,0.11578197363733,True
2026-08-15 12:00:00+00:00,rNVDA,0.004458513531591102,-0.0012037449843959047,0.12037449843959047,True
2026-08-15 13:00:00+00:00,rNVDA,-0.11146780809702106,0.0005356425478730831,0.05356425478730831,True
2026-08-15 14:00:00+00:00,rNVDA,-0.031219338150023646,0.00437207227303138,0.437207227303138,True
2026-08-15 15:00:00+00:00,rNVDA,0.36109129814549945,-0.000266512681561748,0.0266512681561748,True
2026-08-15 16:00:00+00:00,rNVDA,0.3119846681820082,-0.00044430621584390373,0.04443062158439037,True
2026-08-15 17:00:00+00:00,rNVDA,0.18257926612041953,0.0010668089078544885,-0.10668089078544885,False
2026-08-15 18:00:00+00:00,rNVDA,0.40570664288899216,0.0014208960525732284,-0.14208960525732284,False
2026-08-15 19:00:00+00:00,rNVDA,0.6695531848413205,0.00022169999556598263,-0.022169999556598263,False
2026-08-15 20:00:00+00:00,rNVDA,0.63796564800358,-0.0002659810266867346,0.026598102668673462,True
2026-08-15 21:00:00+00:00,rNVDA,0.1732332430151473,0.0006651294785384732,-0.06651294785384732,False
2026-08-15 22:00:00+00:00,rNVDA,0.26658372950636444,-0.0014179997341250417,0.14179997341250417,True
2026-08-15 23:00:00+00:00,rNVDA,0.16891141041026625,0.0007987574883514537,-0.07987574883514537,False
2026-08-16 00:00:00+00:00,rNVDA,0.14208960525732284,0.00026603999467922357,-0.026603999467922357,False
2026-08-16 01:00:00+00:00,rNVDA,0.026603999467922357,-0.0010638769449000662,0.10638769449000662,True
2026-08-16 02:00:00+00:00,rNVDA,-0.10195939356326678,0.00031062791213654073,0.031062791213654073,True
2026-08-16 03:00:00+00:00,rNVDA,-0.04434196523590561,0.0010203176293142047,0.10203176293142047,True
2026-08-16 04:00:00+00:00,rNVDA,-0.00886249833826902,0.0013738089962331834,0.13738089962331834,True
2026-08-16 05:00:00+00:00,rNVDA,0.2706900377191124,-0.00026553372278281806,0.026553372278281806,True
2026-08-16 06:00:00+00:00,rNVDA,0.16405799671883603,0.0009738822487825871,-0.09738822487825871,False
2026-08-16 07:00:00+00:00,rNVDA,0.23493949199875352,-0.0021669909782416896,0.21669909782416896,True
2026-08-16 08:00:00+00:00,rNVDA,0.1242511648546607,0.0006648052120727943,-0.06648052120727943,False
2026-08-16 09:00:00+00:00,rNVDA,0.15970188980569677,-4.4290902648569386e-05,0.004429090264856939,True
2026-08-16 10:00:00+00:00,rNVDA,0.05317970307998632,0.0014616645258447303,-0.14616645258447303,False
2026-08-16 11:00:00+00:00,rNVDA,0.06195786864930941,-0.0030517470145953185,0.30517470145953185,True
2026-08-16 12:00:00+00:00,rNVDA,-0.2169101372288651,-0.00017745441639671622,-0.017745441639671622,False
2026-08-16 13:00:00+00:00,rNVDA,-0.3316822925880092,0.0013755158184318717,0.13755158184318717,True
2026-08-16 14:00:00+00:00,rNVDA,0.022160173735774613,-0.0009748316199928997,0.09748316199928997,True
2026-08-16 15:00:00+00:00,rNVDA,-0.14173088847549975,-0.0006209527188858477,-0.06209527188858477,False
2026-08-16 16:00:00+00:00,rNVDA,-0.19931788988795107,0.0015977276761938164,0.15977276761938164,True
2026-08-16 17:00:00+00:00,rNVDA,-0.18575851393188847,0.0007532789790853922,0.07532789790853922,True
2026-08-16 18:00:00+00:00,rNVDA,0.19519985803646556,-0.0019924728802301894,0.19924728802301894,True
2026-08-16 19:00:00+00:00,rNVDA,0.013311443404173673,0.00022182786157931567,-0.022182786157931567,False
2026-08-16 20:00:00+00:00,rNVDA,-0.10191421481744456,-8.871146595690327e-05,-0.008871146595690327,False
2026-08-22 04:00:00+00:00,rNVDA,0.28783658310120863,-9.258401999823196e-05,0.009258401999823196,True
2026-08-22 05:00:00+00:00,rNVDA,0.294848280825577,0.0011111111111110628,-0.11111111111110628,False
2026-08-22 06:00:00+00:00,rNVDA,0.39463299131807794,-0.0006936736958934597,0.06936736958934597,True
2026-08-22 07:00:00+00:00,rNVDA,0.24587121915011778,0.0006478781988985549,-0.06478781988985549,False
2026-08-22 08:00:00+00:00,rNVDA,0.5113187375075601,-0.006058363779309128,0.6058363779309128,True
2026-08-22 09:00:00+00:00,rNVDA,-0.06974473427256989,0.0009771077610274403,0.09771077610274403,True
2026-08-22 10:00:00+00:00,rNVDA,-0.4119988889917714,-0.0006042857806907165,-0.06042857806907165,False
2026-08-22 11:00:00+00:00,rNVDA,-0.462962962962965,0.0012093023255812518,0.12093023255812518,True
2026-08-22 12:00:00+00:00,rNVDA,-0.4532001479837344,0.0017188516212951477,0.17188516212951477,True
2026-08-22 13:00:00+00:00,rNVDA,-0.21287426535240295,0.0002782544172887924,0.02782544172887924,True
2026-08-22 14:00:00+00:00,rNVDA,-0.24973407945243498,-0.0013445222309795835,-0.13445222309795835,False
2026-08-22 15:00:00+00:00,rNVDA,0.2233389168062594,-0.0014391829155060432,0.14391829155060432,True
2026-08-22 16:00:00+00:00,rNVDA,-0.018593408636635722,-0.0008833511553303364,-0.08833511553303364,False
2026-08-22 17:00:00+00:00,rNVDA,-0.046511627906975495,-4.653327128900653e-05,-0.004653327128900653,False
2026-08-22 18:00:00+00:00,rNVDA,-0.17188516212951477,0.003629764065335772,0.3629764065335772,True
2026-08-22 19:00:00+00:00,rNVDA,0.018550294485919494,-0.000927342699494571,0.0927342699494571,True
2026-08-22 20:00:00+00:00,rNVDA,-0.10199823821225307,0.0011138441546387767,0.11138441546387767,True
2026-08-22 21:00:00+00:00,rNVDA,0.14391829155060432,-9.271707384916894e-05,0.009271707384916894,True
2026-08-22 22:00:00+00:00,rNVDA,0.27895299642008986,0.00023181417775508528,-0.023181417775508528,False
2026-08-22 23:00:00+00:00,rNVDA,0.3908794788273662,0.0002781125428756859,-0.027811254287568588,False
2026-08-23 00:00:00+00:00,rNVDA,0.4234724742891771,0.0016682113067654214,-0.16682113067654214,False
2026-08-23 01:00:00+00:00,rNVDA,0.2271989613761738,0.0003700962250186013,-0.03700962250186013,False
2026-08-23 02:00:00+00:00,rNVDA,0.35735833294658903,0.0002774694783573839,-0.02774694783573839,False
2026-08-23 03:00:00+00:00,rNVDA,0.27351536785498176,0.001479426722145183,-0.1479426722145183,False
2026-08-23 04:00:00+00:00,rNVDA,0.4311743706245208,-4.6163789123809806e-05,0.004616378912380981,True
2026-08-23 05:00:00+00:00,rNVDA,0.4032631871697445,0.00032316144222321874,-0.032316144222321874,False
2026-08-23 06:00:00+00:00,rNVDA,0.4077849860982363,0.00027690603655150525,-0.027690603655150525,False
2026-08-23 07:00:00+00:00,rNVDA,0.26831976313841377,0.0012918704438498185,-0.12918704438498185,False
2026-08-23 08:00:00+00:00,rNVDA,0.36071032186459906,-0.00027647221454241144,0.027647221454241144,True
2026-08-23 09:00:00+00:00,rNVDA,0.30513176144244536,-0.0004148230088495408,0.04148230088495408,True
2026-08-23 10:00:00+00:00,rNVDA,0.11540947280952452,0.0011988749020150902,-0.11988749020150902,False
2026-08-23 11:00:00+00:00,rNVDA,0.24006278565162908,0.003868650117441197,-0.3868650117441197,False
2026-08-23 12:00:00+00:00,rNVDA,0.5953479785859361,0.00027526723861082125,-0.027526723861082125,False
2026-08-23 13:00:00+00:00,rNVDA,0.5951831687736497,0.0034857588405265982,-0.3485758840526598,False
2026-08-23 14:00:00+00:00,rNVDA,0.8155930329001748,-0.0029708853238265,0.29708853238265,True
2026-08-23 15:00:00+00:00,rNVDA,0.5438790560471807,0.0017878426698452188,-0.17878426698452188,False
2026-08-23 16:00:00+00:00,rNVDA,0.7654355143634328,0.00045760307509268294,-0.045760307509268294,False
2026-08-23 17:00:00+00:00,rNVDA,0.6908303781145042,0.0022869688514841613,-0.22869688514841613,False
2026-08-23 18:00:00+00:00,rNVDA,0.5321833279809063,0.0010496052571533632,-0.10496052571533632,False
2026-08-23 19:00:00+00:00,rNVDA,0.6100077970921491,0.00013676148796482046,-0.013676148796482046,False
2026-08-23 20:00:00+00:00,rNVDA,0.2742355683532205,0.0002734855736359343,-0.02734855736359343,False
2026-08-23 21:00:00+00:00,rNVDA,0.6005317685889855,-0.0024606971975392744,0.24606971975392744,True
2026-08-23 22:00:00+00:00,rNVDA,0.17388916853520175,-0.004156959481065314,0.41569594810653143,True
2026-08-23 23:00:00+00:00,rNVDA,-0.288158075287015,-0.0056880733944955075,-0.5688073394495508,False
2026-08-24 00:00:00+00:00,rNVDA,-1.0815497649796946,-0.0010610813803284547,-0.10610813803284547,False
2026-08-24 01:00:00+00:00,rNVDA,-1.2901167031364014,0.0003694638156375163,0.03694638156375163,True
2026-08-24 02:00:00+00:00,rNVDA,-1.2671498245134138,-0.0032777803425512175,-0.32777803425512175,False
2026-08-01 08:00:00+00:00,rAAPL,0.15637216575450363,0.0004879000780639853,-0.04879000780639853,False
2026-08-01 09:00:00+00:00,rAAPL,0.20523846755278186,-0.0020481810201892214,0.20481810201892214,True
2026-08-01 10:00:00+00:00,rAAPL,0.0,0.0,-0.0,False
2026-08-01 11:00:00+00:00,rAAPL,0.0,0.002508470158978593,-0.0,False
2026-08-01 12:00:00+00:00,rAAPL,0.11386557355717031,-0.0025021934812986535,0.25021934812986535,True
2026-08-01 13:00:00+00:00,rAAPL,-0.15612802498049527,-0.0004886630179826712,-0.04886630179826712,False
2026-08-01 14:00:00+00:00,rAAPL,-0.2049180327868827,0.0013037384700629318,0.13037384700629318,True
2026-08-01 15:00:00+00:00,rAAPL,-0.12354107740824016,9.765307118914102e-05,0.009765307118914102,True
2026-08-01 16:00:00+00:00,rAAPL,0.09121709669013267,0.0,-0.0,False
2026-08-02 11:00:00+00:00,rAAPL,0.8633327903567523,0.001033591731266048,-0.10335917312660481,False
2026-08-02 12:00:00+00:00,rAAPL,0.7804370447450637,-0.003355704697986628,0.3355704697986628,True
2026-08-08 14:00:00+00:00,rAAPL,-0.13436990114215064,-0.00041646644241544184,-0.041646644241544184,False
2026-08-08 15:00:00+00:00,rAAPL,-0.17596058482900467,-3.2049227613573095e-05,-0.0032049227613573095,False
2026-08-08 16:00:00+00:00,rAAPL,-0.17915986818952678,0.0010576584083843432,0.10576584083843432,True
2026-08-15 21:00:00+00:00,rAAPL,0.009844134536507454,6.562110374708219e-05,-0.006562110374708219,False
2026-08-15 22:00:00+00:00,rAAPL,-0.052465897166831255,0.0005577427821523706,0.05577427821523706,True
2026-08-15 23:00:00+00:00,rAAPL,0.02951981107321977,-0.00039348132603211905,0.039348132603211905,True
2026-08-16 00:00:00+00:00,rAAPL,0.0032804093951011026,0.0,-0.0,False
2026-08-16 01:00:00+00:00,rAAPL,-0.04918032786884741,-0.0004592422502871507,-0.04592422502871507,False
2026-08-16 02:00:00+00:00,rAAPL,-0.036086870940232885,0.0005579075186243898,0.05579075186243898,True
2026-08-16 03:00:00+00:00,rAAPL,0.032810551873496685,0.006658357386512881,-0.6658357386512881,False
2026-08-16 04:00:00+00:00,rAAPL,0.6922572178477804,-0.00032582841875472557,0.03258284187547256,True
2026-08-16 17:00:00+00:00,rAAPL,0.08145445067118118,-0.00013022105023285935,0.013022105023285935,True
2026-08-22 13:00:00+00:00,rAAPL,0.1748025378738749,0.0,-0.0,False
2026-08-22 14:00:00+00:00,rAAPL,0.2137305699481784,3.2314354036167003e-05,-0.0032314354036167003,False
2026-08-22 15:00:00+00:00,rAAPL,0.21696891191709256,0.0,-0.0,False
2026-08-22 16:00:00+00:00,rAAPL,0.4935866212047557,0.0005816395773416971,-0.05816395773416971,False
2026-08-22 17:00:00+00:00,rAAPL,0.2557793174901235,0.0,-0.0,False
2026-06-27 12:00:00+00:00,rTSLA,0.6396588486140775,0.0,-0.0,False
2026-06-27 13:00:00+00:00,rTSLA,0.42820287773610577,0.007680084745762761,-0.7680084745762761,False
2026-06-27 14:00:00+00:00,rTSLA,0.6613756613756516,-0.0067017082785808535,0.6701708278580853,True
2026-06-27 15:00:00+00:00,rTSLA,2.013549623471622,0.001190633681703801,-0.1190633681703801,False
2026-06-27 16:00:00+00:00,rTSLA,0.1535122545127221,0.00021141649048628253,-0.021141649048628253,False
2026-06-27 17:00:00+00:00,rTSLA,0.27554048325562075,0.0043595434369054775,-0.43595434369054775,False
2026-06-27 18:00:00+00:00,rTSLA,0.6700211864406613,0.003472496251282431,-0.3472496251282431,False
2026-06-27 19:00:00+00:00,rTSLA,1.0195974576271194,0.00031458906802983577,-0.03145890680298358,False
2026-06-27 20:00:00+00:00,rTSLA,0.28120893561103255,-0.0008648478653981995,0.08648478653981995,True
2026-06-27 21:00:00+00:00,rTSLA,0.8704855139568757,-0.007606756898541733,0.7606756898541733,True
2026-06-27 22:00:00+00:00,rTSLA,-0.01585623678647119,0.008695882010889777,0.8695882010889777,True
2026-06-27 23:00:00+00:00,rTSLA,0.8322764743183164,-0.0014149830988130496,0.14149830988130496,True
2026-06-28 00:00:00+00:00,rTSLA,0.2525451819114455,0.002650292581805047,-0.2650292581805047,False
2026-06-28 01:00:00+00:00,rTSLA,0.17040241184953508,0.009055221146296644,-0.9055221146296644,False
2026-06-28 02:00:00+00:00,rTSLA,1.0456796917996725,0.001919286233011741,-0.1919286233011741,False
2026-06-28 03:00:00+00:00,rTSLA,1.32724792781449,0.00815428423505038,-0.815428423505038,False
2026-06-28 04:00:00+00:00,rTSLA,2.936512131944813,0.0021825651559892467,-0.21825651559892467,False
2026-06-28 05:00:00+00:00,rTSLA,2.2718339753164063,-0.00102485267742769,0.102485267742769,True
2026-06-28 06:00:00+00:00,rTSLA,2.3117898659109404,-0.030007694280584696,3.0007694280584696,True
2026-06-28 07:00:00+00:00,rTSLA,-1.0206752159120702,0.00026441036488633607,0.026441036488633607,True
2026-06-28 08:00:00+00:00,rTSLA,-1.8829754123871778,0.003965107057890549,0.3965107057890549,True
2026-06-28 09:00:00+00:00,rTSLA,-1.682630080248515,0.0036861506055818616,0.36861506055818616,True
2026-06-28 10:00:00+00:00,rTSLA,-2.1183720631660075,0.0007869884575026909,0.07869884575026909,True
2026-06-28 11:00:00+00:00,rTSLA,-2.2546758903407627,0.00718217562254253,0.718217562254253,True
2026-06-28 12:00:00+00:00,rTSLA,-1.4516542703257196,0.005100978555069746,0.5100978555069746,True
2026-06-28 13:00:00+00:00,rTSLA,2.115282919090422,0.002874158467115473,-0.2874158467115473,False
2026-06-28 14:00:00+00:00,rTSLA,2.3817076394395897,0.01053419741292494,-1.053419741292494,False
2026-06-28 15:00:00+00:00,rTSLA,3.0516061084781443,0.0010475484810548163,-0.10475484810548163,False
2026-06-28 16:00:00+00:00,rTSLA,2.7806925498426116,-0.031010719754977156,3.1010719754977156,True
2026-06-28 17:00:00+00:00,rTSLA,-0.48492791612058106,0.00013170025023057086,0.013170025023057086,True
2026-06-28 18:00:00+00:00,rTSLA,-1.1815531959192271,0.0,0.0,False
2026-06-28 19:00:00+00:00,rTSLA,-1.6830657690315887,0.03186726362918102,3.186726362918102,True
2026-07-18 04:00:00+00:00,rTSLA,-0.034182640477509185,0.0009995265400599695,0.09995265400599695,True
2026-07-18 13:00:00+00:00,rTSLA,0.2945972960176846,0.003829006031995652,-0.3829006031995652,False
2026-07-18 14:00:00+00:00,rTSLA,0.5886681383370229,-0.0005225206395652604,0.05225206395652604,True
2026-07-18 15:00:00+00:00,rTSLA,0.45427093453771494,-5.227938101204366e-05,0.005227938101204366,True
2026-07-18 16:00:00+00:00,rTSLA,0.4965191120452017,0.00041825691430963374,-0.041825691430963374,False
2026-07-25 04:00:00+00:00,rTSLA,-0.0416947304275328,0.0,0.0,False
2026-07-25 05:00:00+00:00,rTSLA,0.09956640436807884,0.0001604312391707552,-0.01604312391707552,False
2026-07-25 06:00:00+00:00,rTSLA,0.1181979944883782,-0.0007378653235378119,0.07378653235378119,True
2026-07-25 07:00:00+00:00,rTSLA,0.00963236474555984,-3.2104790034681585e-05,0.0032104790034681585,True
2026-07-25 08:00:00+00:00,rTSLA,-0.012840679271919342,9.631746235583272e-05,0.009631746235583272,True
2026-07-25 09:00:00+00:00,rTSLA,0.03853812062430961,-9.630818619577042e-05,0.009630818619577042,True
2026-07-25 10:00:00+00:00,rTSLA,-0.0609638708849336,0.0,0.0,False
2026-07-25 11:00:00+00:00,rTSLA,-0.0609638708849336,0.0,0.0,False
2026-07-25 12:00:00+00:00,rTSLA,-0.07699464245611853,-0.00012842328314133233,-0.012842328314133233,False
2026-07-26 07:00:00+00:00,rTSLA,0.06086817235304576,-9.604917717864758e-05,0.009604917717864758,True
2026-07-26 08:00:00+00:00,rTSLA,0.05125740829730052,0.0012487592456214003,-0.12487592456214003,False
2026-07-26 09:00:00+00:00,rTSLA,0.15053005797007746,0.00022385673169167397,-0.022385673169167397,False
2026-07-26 10:00:00+00:00,rTSLA,0.2114639069558777,0.0004156408862743266,-0.04156408862743266,False
2026-07-26 11:00:00+00:00,rTSLA,0.10877911441002919,-0.0008948545861297008,0.08948545861297008,True
2026-07-26 12:00:00+00:00,rTSLA,0.0896458987001525,0.00012795086686723245,-0.012795086686723245,False
2026-07-26 13:00:00+00:00,rTSLA,0.10245245565732031,0.0015991812192157617,-0.15991812192157617,False
2026-07-26 14:00:00+00:00,rTSLA,0.27216547660977586,0.0013092348958998468,-0.13092348958998468,False
2026-07-26 15:00:00+00:00,rTSLA,0.2782219379596995,0.00025512644704517307,-0.025512644704517307,False
2026-07-26 16:00:00+00:00,rTSLA,0.2813569076318023,0.000797066794197443,-0.0797066794197443,False
2026-07-27 02:00:00+00:00,rTSLA,0.3950176802268057,0.0004759638267493038,-0.04759638267493038,False
2026-08-01 04:00:00+00:00,rTSLA,0.07103878071621494,0.0001936045948824905,-0.01936045948824905,False
2026-08-01 05:00:00+00:00,rTSLA,0.206898781236875,0.0,-0.0,False
2026-08-01 06:00:00+00:00,rTSLA,0.05164455634099063,0.0018066264477205607,-0.18066264477205607,False
2026-08-01 07:00:00+00:00,rTSLA,0.128978170444638,-0.0006118571474575951,0.06118571474575951,True
2026-08-01 08:00:00+00:00,rTSLA,0.08384932920535437,0.0008700135335439896,-0.08700135335439896,False
2026-08-01 09:00:00+00:00,rTSLA,0.22587202736277234,-0.0003541418499083404,0.03541418499083404,True
2026-08-01 10:00:00+00:00,rTSLA,0.19037785163433796,-0.0033816425120772875,0.33816425120772875,True
2026-08-01 11:00:00+00:00,rTSLA,-0.16775817014551553,0.00022620778801085706,0.022620778801085706,True
2026-08-01 12:00:00+00:00,rTSLA,-0.14517533954900852,-9.692426983709534e-05,-0.009692426983709534,False
2026-08-01 13:00:00+00:00,rTSLA,-0.3349112807136123,0.0,0.0,False
2026-08-01 14:00:00+00:00,rTSLA,-0.27389314944897825,-0.00038773466024755177,-0.03877346602475518,False
2026-08-01 15:00:00+00:00,rTSLA,-0.3992144489874838,-0.0007434463587291384,-0.07434463587291384,False
2026-08-01 16:00:00+00:00,rTSLA,-0.43800322061191554,-0.0017144335899591523,-0.17144335899591523,False
2026-08-01 17:00:00+00:00,rTSLA,-0.2714493456131728,-0.0029487054858884365,-0.29487054858884365,False
2026-08-01 18:00:00+00:00,rTSLA,-0.5880072370121447,0.0012024699382515713,0.12024699382515713,True
2026-08-01 19:00:00+00:00,rTSLA,-0.45881934795954926,-0.0015256272924983882,-0.15256272924983882,False
2026-08-01 20:00:00+00:00,rTSLA,-0.6106820898898135,0.001202860858257493,0.12028608582574929,True
2026-08-01 21:00:00+00:00,rTSLA,-0.45253256618288384,9.741208559277403e-05,0.009741208559277403,True
2026-08-01 22:00:00+00:00,rTSLA,-0.3687649608591581,0.0,0.0,False
2026-08-03 02:00:00+00:00,rTSLA,0.6074168797953972,-0.00041309183349225176,0.041309183349225176,True
2026-08-08 12:00:00+00:00,rTSLA,0.09418770698508272,6.0709082078558296e-05,-0.00607090820785583,False
2026-08-08 13:00:00+00:00,rTSLA,0.10026433324217265,0.00012141079341954075,-0.012141079341954075,False
2026-08-08 14:00:00+00:00,rTSLA,0.11241758575639693,0.0008497723823974734,-0.08497723823974734,False
2026-08-08 15:00:00+00:00,rTSLA,0.22489666909797368,0.00018193947480149575,-0.018193947480149575,False
2026-08-08 16:00:00+00:00,rTSLA,0.1944106925880984,0.0008488964346351491,-0.08488964346351491,False
2026-08-08 17:00:00+00:00,rTSLA,0.27946537059537757,0.00018175209014903437,-0.018175209014903437,False
2026-08-16 09:00:00+00:00,rTSLA,-0.014573435541676005,-0.0007579291044778058,-0.07579291044778058,False
2026-08-16 10:00:00+00:00,rTSLA,-0.04665539161370358,-0.0002917323064355326,-0.02917323064355326,False
2026-08-16 11:00:00+00:00,rTSLA,-0.07581501137224889,-5.83634878019712e-05,-0.00583634878019712,False
2026-08-16 12:00:00+00:00,rTSLA,-0.061247703211120275,-0.00026265102433908893,-0.026265102433908893,False
2026-08-16 13:00:00+00:00,rTSLA,-0.040850865162966876,0.0011384534547682623,0.11384534547682623,True
2026-08-16 14:00:00+00:00,rTSLA,0.07294797350529958,8.74737578726581e-05,-0.00874737578726581,False
2026-08-16 15:00:00+00:00,rTSLA,-0.014575559701490715,-0.001224525496370199,-0.1224525496370199,False
2026-08-16 16:00:00+00:00,rTSLA,-0.06126378435147295,0.0013427912543422238,0.13427912543422238,True
2026-08-22 04:00:00+00:00,rTSLA,-0.18419750371144739,-0.006142066268212787,-0.6142066268212787,False
2026-08-22 05:00:00+00:00,rTSLA,-0.7481571129937414,-0.0007205409599821966,-0.07205409599821966,False
2026-08-22 06:00:00+00:00,rTSLA,-0.9335729082527,0.0008042598036497317,0.08042598036497317,True
2026-08-22 07:00:00+00:00,rTSLA,-0.6387841074919409,0.0004156621498045965,0.04156621498045965,True
2026-08-22 08:00:00+00:00,rTSLA,-0.581059124831329,0.00041548944656821796,0.041548944656821796,True
2026-08-22 09:00:00+00:00,rTSLA,-0.5068730888956208,0.0,0.0,False
2026-08-22 10:00:00+00:00,rTSLA,-0.5233150632109496,-0.0004706924716892935,-0.04706924716892935,False
2026-08-22 11:00:00+00:00,rTSLA,0.04434098215275739,0.0005817174515234669,-0.05817174515234669,False
2026-08-22 12:00:00+00:00,rTSLA,0.17471850906871644,0.002879211538993953,-0.2879211538993953,False
2026-08-22 13:00:00+00:00,rTSLA,0.3824091778202643,-0.0009661835748793202,0.09661835748793202,True
2026-08-22 14:00:00+00:00,rTSLA,0.24375380865326868,-0.002348715114672495,0.2348715114672495,True
2026-08-22 15:00:00+00:00,rTSLA,-0.03322535094276713,-0.00013848497438029295,-0.013848497438029295,False
2026-08-22 16:00:00+00:00,rTSLA,-0.04706924716892935,0.00016620498614949852,0.016620498614949852,True
2026-08-22 17:00:00+00:00,rTSLA,0.016620498614949852,0.0006924056943444779,-0.06924056943444779,False
2026-08-22 18:00:00+00:00,rTSLA,0.027684726336496546,-8.303119205121945e-05,0.008303119205121945,True
2026-08-22 19:00:00+00:00,rTSLA,-0.2677708764665332,-0.00019375553587241967,-0.019375553587241967,False
2026-08-22 20:00:00+00:00,rTSLA,-0.19066040342635704,-0.0003875861687107074,-0.03875861687107074,False
2026-08-22 21:00:00+00:00,rTSLA,0.005539398975207277,0.0015232503392694774,-0.15232503392694774,False
2026-08-22 22:00:00+00:00,rTSLA,0.17174515235456322,-0.00044245340412596423,0.04424534041259642,True
2026-08-22 23:00:00+00:00,rTSLA,0.11078491109510757,0.0012449510319261226,-0.12449510319261226,False
2026-08-23 00:00:00+00:00,rTSLA,0.16606238410230567,-2.763117902249146e-05,0.002763117902249146,True
2026-08-23 01:00:00+00:00,rTSLA,0.17161204605846692,0.0002763194252557444,-0.027631942525574438,False
2026-08-23 02:00:00+00:00,rTSLA,0.21870933805820947,-0.00016574585635364958,0.016574585635364958,True
2026-08-23 03:00:00+00:00,rTSLA,0.2409505082117125,-0.0003868044427253192,0.03868044427253192,True
2026-08-23 04:00:00+00:00,rTSLA,0.04977600796416404,-0.001326699834162559,0.1326699834162559,True
2026-08-24 00:00:00+00:00,rTSLA,0.9244992295839749,-0.006406761177753628,0.6406761177753628,True
2026-08-24 01:00:00+00:00,rTSLA,0.21723587966782087,0.00016463163671276426,-0.016463163671276426,False
2026-08-24 02:00:00+00:00,rTSLA,0.3109692333094882,-0.009684233628706962,0.9684233628706962,True
