asset,signal_time,horizon_hours,reference_price,current_price,dislocation_pct,dislocation_z,signal,entry_price,exit_price,strategy_return_pct,winner
rNVDA,2026-07-04 04:00:00+00:00,3,194.71,195.13,0.2157054080427212,2.1844046451043067,-1.0,195.13,195.2,-0.03587352021727774,False
rNVDA,2026-07-05 23:00:00+00:00,3,194.71,196.61,0.9758101792409324,1.8855939842352525,-1.0,197.19,195.0,1.1106039860033445,True
rNVDA,2026-08-02 11:00:00+00:00,3,201.38,198.92,-1.2215711590028877,1.7543844864655416,1.0,199.03,198.7,-0.16580415012812377,False
rNVDA,2026-08-02 17:00:00+00:00,3,201.38,198.61,-1.3755089879829097,1.7162791981600503,1.0,198.62,198.66,0.02013895881582961,True
rNVDA,2026-08-02 11:00:00+00:00,6,201.38,198.92,-1.2215711590028877,1.7543844864655416,1.0,199.03,198.61,-0.21102346379942016,False
rNVDA,2026-08-23 12:00:00+00:00,3,215.07,217.97,1.348398195936218,2.0820802292367784,-1.0,218.11,218.14,-0.013754527531961713,False
rNVDA,2026-08-23 16:00:00+00:00,3,215.07,218.53,1.6087785372204344,1.6901438179501571,-1.0,218.53,219.36,-0.3798105523269202,False
rNVDA,2026-08-23 20:00:00+00:00,3,215.07,219.39,2.0086483470497907,2.250492551166441,-1.0,219.49,218.0,0.6788464166932462,True
rNVDA,2026-08-23 12:00:00+00:00,6,215.07,217.97,1.348398195936218,2.0820802292367784,-1.0,218.11,219.13,-0.4676539360872978,False
rNVDA,2026-08-23 19:00:00+00:00,6,215.07,219.36,1.994699400195299,2.080975800254636,-1.0,219.36,216.53,1.2901167031364014,True
rAAPL,2026-08-15 18:00:00+00:00,3,306.14,304.84,-0.4246423205069627,1.5381372067582322,1.0,304.77,304.78,0.003281162844115393,True
rAAPL,2026-08-15 22:00:00+00:00,3,306.14,304.8,-0.43770823806100756,1.9386994978921517,1.0,304.64,304.85,0.06893382352941568,True
rAAPL,2026-08-16 02:00:00+00:00,3,306.14,304.71,-0.4671065525576501,2.4194325097382667,1.0,304.56,306.81,0.7387706855791931,True
rAAPL,2026-08-15 18:00:00+00:00,6,306.14,304.84,-0.4246423205069627,1.5381372067582322,1.0,304.77,304.85,0.026249302752900938,True
rTSLA,2026-07-26 05:00:00+00:00,3,311.38,312.56,0.37895818613913335,2.0218216068231323,-1.0,312.34,312.31,0.009604917717864758,True
rTSLA,2026-07-26 09:00:00+00:00,3,311.38,312.7,0.42391932686749456,1.5212079677967953,-1.0,312.71,312.62,0.028780659396876462,True
rTSLA,2026-07-26 14:00:00+00:00,3,311.38,313.16,0.5716487892607258,1.5186006511832695,-1.0,313.18,313.9,-0.22989973816973652,False
rTSLA,2026-07-26 20:00:00+00:00,3,311.38,313.91,0.8125120431627053,1.6708167696177474,-1.0,313.57,316.08,-0.8004592276046774,False
rTSLA,2026-07-26 05:00:00+00:00,6,311.38,312.56,0.37895818613913335,2.0218216068231323,-1.0,312.34,312.9,-0.17929179740026058,False
rTSLA,2026-07-26 20:00:00+00:00,6,311.38,313.91,0.8125120431627053,1.6708167696177474,-1.0,313.57,315.15,-0.5038747329144888,False
rTSLA,2026-08-09 09:00:00+00:00,3,329.13,331.42,0.6957737064381853,2.6043450052997246,-1.0,331.42,331.38,0.012069277653736776,True
rTSLA,2026-08-24 00:00:00+00:00,3,363.01,366.8,1.0440483733230588,1.8809891672135608,-1.0,366.8,360.98,1.5866957470010878,True
